seed,model,cond,S,L,E,T,rand_of,train,test,kind,n_train,n_test,f1,acc,ap,auc,f1_in,auc_in,gap_f1,gap_auc,pair
0,tfidf_lr,C0,0,0,0,0,,ISOT,McIntire,cross,2990,1590,0.6646971935007385,0.5716981132075472,0.6165530860977941,0.6408464855029469,0.970854271356784,0.9931711758584808,0.3061570778560455,0.35232469035553393,ISOT->McIntire
0,tfidf_lr,C0,0,0,0,0,,ISOT,WELFake_residual,cross,2990,1588,0.6612984398590841,0.5761964735516373,0.6080478182603348,0.6367878737889334,0.970854271356784,0.9931711758584808,0.30955583149769994,0.3563833020695474,ISOT->WELFake_residual
0,tfidf_lr,C0,0,0,0,0,,McIntire,ISOT,cross,2988,1588,0.6836055656382335,0.6706549118387909,0.747349039352544,0.7441389768350792,0.930741190765492,0.982437920162188,0.2471356251272585,0.23829894332710877,McIntire->ISOT
0,tfidf_lr,C0,0,0,0,0,,McIntire,WELFake_residual,cross,2988,1588,0.811816192560175,0.783375314861461,0.9223433035536184,0.9129808576921368,0.930741190765492,0.982437920162188,0.11892499820531699,0.06945706247005123,McIntire->WELFake_residual
0,tfidf_lr,C0,0,0,0,0,,WELFake_residual,ISOT,cross,2988,1588,0.6990163934426229,0.7109571788413098,0.7873877008008003,0.7923072286481102,0.9498464687819856,0.9892433903194612,0.25083007533936275,0.19693616167135097,WELFake_residual->ISOT
0,tfidf_lr,C0,0,0,0,0,,WELFake_residual,McIntire,cross,2988,1590,0.8496807893209518,0.8371069182389937,0.925662686630868,0.929621454847514,0.9498464687819856,0.9892433903194612,0.10016567946103383,0.05962193547194716,WELFake_residual->McIntire
0,tfidf_lr,S,1,0,0,0,,ISOT,McIntire,cross,2990,1590,0.6585838991270611,0.5572327044025157,0.5721712948224758,0.5965966536133855,0.9575757575757576,0.98828125,0.2989918584486966,0.39168459638661446,ISOT->McIntire
0,tfidf_lr,S,1,0,0,0,,ISOT,WELFake_residual,cross,2990,1588,0.6509291813159217,0.5623425692695214,0.5934072966171127,0.6145556408580728,0.9575757575757576,0.98828125,0.30664657625983593,0.3737256091419272,ISOT->WELFake_residual
0,tfidf_lr,S,1,0,0,0,,McIntire,ISOT,cross,2988,1588,0.6527350952673633,0.6442065491183879,0.7194694766688146,0.7112712472003502,0.9318734793187348,0.9765362155707988,0.2791383840513715,0.26526496837044866,McIntire->ISOT
0,tfidf_lr,S,1,0,0,0,,McIntire,WELFake_residual,cross,2988,1588,0.8119565217391305,0.7821158690176322,0.923496544850914,0.915885196911344,0.9318734793187348,0.9765362155707988,0.1199169575796043,0.06065101865945488,McIntire->WELFake_residual
0,tfidf_lr,S,1,0,0,0,,WELFake_residual,ISOT,cross,2988,1588,0.6579710144927536,0.7027707808564232,0.7846123321348812,0.797403701565266,0.9146341463414634,0.9734137586257766,0.2566631318487098,0.17601005706051065,WELFake_residual->ISOT
0,tfidf_lr,S,1,0,0,0,,WELFake_residual,McIntire,cross,2988,1590,0.8363417569193743,0.8289308176100629,0.9280758963316572,0.9232641113879988,0.9146341463414634,0.9734137586257766,0.07829238942208916,0.05014964723777782,WELFake_residual->McIntire
0,tfidf_lr,L,0,1,0,0,,ISOT,McIntire,cross,2990,1590,0.6742349457058243,0.5849056603773585,0.6823408778642948,0.6890075550808908,0.9685916919959472,0.9936589490114464,0.2943567462901229,0.3046513939305555,ISOT->McIntire
0,tfidf_lr,L,0,1,0,0,,ISOT,WELFake_residual,cross,2990,1588,0.6649848637739657,0.5818639798488665,0.6644840914255615,0.6629269267617965,0.9685916919959472,0.9936589490114464,0.3036068282219815,0.3307320222496498,ISOT->WELFake_residual
0,tfidf_lr,L,0,1,0,0,,McIntire,ISOT,cross,2988,1588,0.7059611520428667,0.7235516372795969,0.8220194664366614,0.7977605974278119,0.9150485436893204,0.9750872196068432,0.20908739164645374,0.17732662217903128,McIntire->ISOT
0,tfidf_lr,L,0,1,0,0,,McIntire,WELFake_residual,cross,2988,1588,0.7722457627118644,0.7292191435768262,0.9116855102614616,0.8933864817364491,0.9150485436893204,0.9750872196068432,0.14280278097745602,0.08170073787039411,McIntire->WELFake_residual
0,tfidf_lr,L,0,1,0,0,,WELFake_residual,ISOT,cross,2988,1588,0.7643758765778401,0.7884130982367759,0.8770766638494938,0.8676503245373044,0.9470468431771896,0.9892392925633924,0.18267096659934945,0.12158896802608798,WELFake_residual->ISOT
0,tfidf_lr,L,0,1,0,0,,WELFake_residual,McIntire,cross,2988,1590,0.8172280508006626,0.7918238993710692,0.9166684903979068,0.9125604208694276,0.9470468431771896,0.9892392925633924,0.12981879237652694,0.07667887169396481,WELFake_residual->McIntire
0,tfidf_lr,E,0,0,1,0,,ISOT,McIntire,cross,2990,1590,0.657258064516129,0.5723270440251572,0.6083912137491697,0.6297915430560501,0.9622833843017328,0.994191434703434,0.30502531978560377,0.36439989164738384,ISOT->McIntire
0,tfidf_lr,E,0,0,1,0,,ISOT,WELFake_residual,cross,2990,1588,0.6557208825038481,0.577455919395466,0.6139927613649211,0.6317009180947788,0.9622833843017328,0.994191434703434,0.3065625017978847,0.36249051660865517,ISOT->WELFake_residual
0,tfidf_lr,E,0,0,1,0,,McIntire,ISOT,cross,2988,1588,0.7139240506329114,0.7153652392947103,0.7882782299971691,0.7899421987323059,0.9135200974421436,0.970466601575861,0.19959604680923215,0.1805244028435551,McIntire->ISOT
0,tfidf_lr,E,0,0,1,0,,McIntire,WELFake_residual,cross,2988,1588,0.8253079507278835,0.8035264483627204,0.924596698473812,0.920918221675158,0.9135200974421436,0.970466601575861,0.08821214671426003,0.04954837990070293,McIntire->WELFake_residual
0,tfidf_lr,E,0,0,1,0,,WELFake_residual,ISOT,cross,2988,1588,0.7175066312997348,0.7317380352644837,0.8031134643371762,0.8135861530750148,0.9137577002053388,0.9768968512842368,0.19625106890560395,0.16331069820922195,WELFake_residual->ISOT
0,tfidf_lr,E,0,0,1,0,,WELFake_residual,McIntire,cross,2988,1590,0.8556021569802277,0.8484276729559749,0.931361033786518,0.9301957992168032,0.9137577002053388,0.9768968512842368,0.05815554322511107,0.04670105206743358,WELFake_residual->McIntire
0,tfidf_lr,SL,1,1,0,0,,ISOT,McIntire,cross,2990,1590,0.6743142144638404,0.5893081761006289,0.6449620514409617,0.659331513785056,0.9613821138211384,0.9902770551508844,0.28706789935729793,0.33094554136582843,ISOT->McIntire
0,tfidf_lr,SL,1,1,0,0,,ISOT,WELFake_residual,cross,2990,1588,0.6717479674796748,0.593198992443325,0.6471353051538745,0.6586187971499089,0.9613821138211384,0.9902770551508844,0.28963414634146356,0.3316582580009755,ISOT->WELFake_residual
0,tfidf_lr,SL,1,1,0,0,,McIntire,ISOT,cross,2988,1588,0.6936813186813187,0.7191435768261965,0.8039502956633685,0.78922206219188,0.9075425790754258,0.9723944502832694,0.21386126039410713,0.18317238809138947,McIntire->ISOT
0,tfidf_lr,SL,1,1,0,0,,McIntire,WELFake_residual,cross,2988,1588,0.7770632368703109,0.7380352644836272,0.9038333074092304,0.8876793203433813,0.9075425790754258,0.9723944502832694,0.13047934220511492,0.08471512993988817,McIntire->WELFake_residual
0,tfidf_lr,SL,1,1,0,0,,WELFake_residual,ISOT,cross,2988,1588,0.7135298563869993,0.7613350125944585,0.8870569325111787,0.880500161792791,0.9215086646279308,0.9767206477732794,0.2079788082409315,0.09622048598048838,WELFake_residual->ISOT
0,tfidf_lr,SL,1,1,0,0,,WELFake_residual,McIntire,cross,2988,1590,0.8214489446662864,0.8031446540880504,0.910267722860342,0.90728056643329,0.9215086646279308,0.9767206477732794,0.10005971996164442,0.06944008133998936,WELFake_residual->McIntire
0,tfidf_lr,SE,1,0,1,0,,ISOT,McIntire,cross,2990,1590,0.6666666666666666,0.5792452830188679,0.6032085198804978,0.6288643645425419,0.9572301425661914,0.9919842611862644,0.2905634758995248,0.36311989664372246,ISOT->McIntire
0,tfidf_lr,SE,1,0,1,0,,ISOT,WELFake_residual,cross,2990,1588,0.658038825286212,0.5673803526448362,0.6103505796838826,0.6274609952477334,0.9572301425661914,0.9919842611862644,0.2991913172799794,0.364523265938531,ISOT->WELFake_residual
0,tfidf_lr,SE,1,0,1,0,,McIntire,ISOT,cross,2988,1588,0.6952203600248293,0.6908060453400504,0.7644662702149837,0.7629465956893324,0.9041769041769042,0.9674193568447956,0.20895654415207487,0.2044727611554632,McIntire->ISOT
0,tfidf_lr,SE,1,0,1,0,,McIntire,WELFake_residual,cross,2988,1588,0.7918277194919934,0.7625944584382871,0.9073638797112074,0.8957150289640821,0.9041769041769042,0.9674193568447956,0.11234918468491084,0.07170432788071357,McIntire->WELFake_residual
0,tfidf_lr,SE,1,0,1,0,,WELFake_residual,ISOT,cross,2988,1588,0.6967047747141897,0.7159949622166247,0.7805536087142071,0.7928148138748422,0.892245720040282,0.9654149387795244,0.19554094532609234,0.17260012490468224,WELFake_residual->ISOT
0,tfidf_lr,SE,1,0,1,0,,WELFake_residual,McIntire,cross,2988,1590,0.8407720144752714,0.8339622641509434,0.9008557777158168,0.9073248684783036,0.892245720040282,0.9654149387795244,0.05147370556501063,0.05809007030122082,WELFake_residual->McIntire
0,tfidf_lr,LE,0,1,1,0,,ISOT,McIntire,cross,2990,1590,0.6828261990716864,0.6132075471698113,0.6820570082922482,0.690164154898936,0.9582059123343528,0.9944515803850156,0.2753797132626664,0.30428742548607957,ISOT->McIntire
0,tfidf_lr,LE,0,1,1,0,,ISOT,WELFake_residual,cross,2990,1588,0.6767676767676768,0.5969773299748111,0.656756234904907,0.6606602414836715,0.9582059123343528,0.9944515803850156,0.281438235566676,0.33379133890134405,ISOT->WELFake_residual
0,tfidf_lr,LE,0,1,1,0,,McIntire,ISOT,cross,2988,1588,0.7651195499296765,0.7896725440806045,0.8807898920237269,0.8692619076321784,0.9183922046285018,0.9750436875392564,0.15327265469882534,0.10578177990707804,McIntire->ISOT
0,tfidf_lr,LE,0,1,1,0,,McIntire,WELFake_residual,cross,2988,1588,0.7914847161572053,0.7594458438287154,0.9002180627369127,0.8883106294691293,0.9183922046285018,0.9750436875392564,0.12690748847129651,0.0867330580701271,McIntire->WELFake_residual
0,tfidf_lr,LE,0,1,1,0,,WELFake_residual,ISOT,cross,2988,1588,0.7743330930064888,0.802896725440806,0.9049570845111372,0.9000755033024763,0.9290060851926978,0.9835639004081363,0.154672992186209,0.08348839710566003,WELFake_residual->ISOT
0,tfidf_lr,LE,0,1,1,0,,WELFake_residual,McIntire,cross,2988,1590,0.8296041308089501,0.8132075471698114,0.910744470491444,0.9099386891341322,0.9290060851926978,0.9835639004081363,0.09940195438374766,0.07362521127400412,WELFake_residual->McIntire
0,tfidf_lr,SLE,1,1,1,0,,ISOT,McIntire,cross,2990,1590,0.6766528925619835,0.6062893081761006,0.6640560492927742,0.6769479055417111,0.9602446483180428,0.990968067117586,0.2835917557560593,0.31402016157587487,ISOT->McIntire
0,tfidf_lr,SLE,1,1,1,0,,ISOT,WELFake_residual,cross,2990,1588,0.6808726534753932,0.603904282115869,0.6609122334794053,0.6771028304221206,0.9602446483180428,0.990968067117586,0.27937199484264963,0.3138652366954654,ISOT->WELFake_residual
0,tfidf_lr,SLE,1,1,1,0,,McIntire,ISOT,cross,2988,1588,0.729478943611706,0.7613350125944585,0.8578542127245985,0.8502988408022384,0.9115479115479116,0.971828533404643,0.18206896793620564,0.12152969260240465,McIntire->ISOT
0,tfidf_lr,SLE,1,1,1,0,,McIntire,WELFake_residual,cross,2988,1588,0.78003291278113,0.7474811083123426,0.8985611060696235,0.8823687099086979,0.9115479115479116,0.971828533404643,0.13151499876678163,0.08945982349594517,McIntire->WELFake_residual
0,tfidf_lr,SLE,1,1,1,0,,WELFake_residual,ISOT,cross,2988,1588,0.7458893871449925,0.7858942065491183,0.9069161353754888,0.8975375771688164,0.9146825396825397,0.9745652280811028,0.16879315253754712,0.07702765091228636,WELFake_residual->ISOT
0,tfidf_lr,SLE,1,1,1,0,,WELFake_residual,McIntire,cross,2988,1590,0.8043230944254836,0.7836477987421384,0.8868166911522835,0.8801471460780823,0.9146825396825397,0.9745652280811028,0.1103594452570561,0.09441808200302049,WELFake_residual->McIntire
0,tfidf_lr,R_S,0,0,0,0,S,ISOT,McIntire,cross,2990,1590,0.6637254901960784,0.5685534591194968,0.604187761089715,0.6253803251453661,0.969939879759519,0.993337831685744,0.3062143895634406,0.36795750654037784,ISOT->McIntire
0,tfidf_lr,R_S,0,0,0,0,S,ISOT,WELFake_residual,cross,2990,1588,0.6510234648027958,0.559823677581864,0.6281352481848905,0.630163886580081,0.969939879759519,0.993337831685744,0.3189164149567232,0.3631739451056629,ISOT->WELFake_residual
0,tfidf_lr,R_S,0,0,0,0,S,McIntire,ISOT,cross,2988,1588,0.6879432624113475,0.6675062972292192,0.7483145683628354,0.7473494533941589,0.9199029126213591,0.97581482702222,0.23195965021001164,0.22846537362806107,McIntire->ISOT
0,tfidf_lr,R_S,0,0,0,0,S,McIntire,WELFake_residual,cross,2988,1588,0.8174863387978142,0.7896725440806045,0.9317647490630996,0.924052560450228,0.9199029126213591,0.97581482702222,0.10241657382354497,0.05176226657199201,McIntire->WELFake_residual
0,tfidf_lr,R_S,0,0,0,0,S,WELFake_residual,ISOT,cross,2988,1588,0.7313624678663239,0.7367758186397985,0.791571025446214,0.8094953333883218,0.9363449691991786,0.985936501171958,0.20498250133285478,0.17644116778363617,WELFake_residual->ISOT
0,tfidf_lr,R_S,0,0,0,0,S,WELFake_residual,McIntire,cross,2988,1590,0.860981308411215,0.8503144654088051,0.9309181608866604,0.9357050749574778,0.9363449691991786,0.985936501171958,0.07536366078796364,0.05023142621448018,WELFake_residual->McIntire
0,tfidf_lr,R_E,0,0,0,0,E,ISOT,McIntire,cross,2990,1590,0.6656833824975418,0.5723270440251572,0.589915027389263,0.6128191131679918,0.9727547931382442,0.9943215075442248,0.3070714106407024,0.381502394376233,ISOT->McIntire
0,tfidf_lr,R_E,0,0,0,0,E,ISOT,WELFake_residual,cross,2990,1588,0.6616314199395771,0.5768261964735516,0.6259344543800016,0.6440035150276952,0.9727547931382442,0.9943215075442248,0.3111233731986671,0.3503179925165296,ISOT->WELFake_residual
0,tfidf_lr,R_E,0,0,0,0,E,McIntire,ISOT,cross,2988,1588,0.6786155747836835,0.672544080604534,0.7242922667718029,0.7312732775412571,0.9331713244228432,0.9806406676575397,0.2545557496391597,0.2493673901162825,McIntire->ISOT
0,tfidf_lr,R_E,0,0,0,0,E,McIntire,WELFake_residual,cross,2988,1588,0.7995666305525461,0.7670025188916877,0.9321029704715236,0.9195969138818214,0.9331713244228432,0.9806406676575397,0.13360469387029716,0.061043753775718246,McIntire->WELFake_residual
0,tfidf_lr,R_E,0,0,0,0,E,WELFake_residual,ISOT,cross,2988,1588,0.7035573122529645,0.716624685138539,0.7710615081127932,0.7905988871193904,0.935251798561151,0.986346276778836,0.23169448630818656,0.1957473896594456,WELFake_residual->ISOT
0,tfidf_lr,R_E,0,0,0,0,E,WELFake_residual,McIntire,cross,2988,1590,0.8296639629200464,0.8150943396226416,0.9160983253585324,0.9142438985799612,0.935251798561151,0.986346276778836,0.10558783564110463,0.07210237819887477,WELFake_residual->McIntire
0,tfidf_lr,R_SE,0,0,0,0,SE,ISOT,McIntire,cross,2990,1590,0.651641352278295,0.5528301886792453,0.5769533771738411,0.594234405284601,0.9616161616161616,0.9922606659729448,0.3099748093378666,0.3980262606883438,ISOT->McIntire
0,tfidf_lr,R_SE,0,0,0,0,SE,ISOT,WELFake_residual,cross,2990,1588,0.6397170288024254,0.551007556675063,0.5998271761991388,0.6055000031724076,0.9616161616161616,0.9922606659729448,0.32189913281373617,0.3867606628005372,ISOT->WELFake_residual
0,tfidf_lr,R_SE,0,0,0,0,SE,McIntire,ISOT,cross,2988,1588,0.6792899408284023,0.6586901763224181,0.7174531554711874,0.7184281988972712,0.927360774818402,0.9761755212965094,0.24807083398999963,0.25774732239923825,McIntire->ISOT
0,tfidf_lr,R_SE,0,0,0,0,SE,McIntire,WELFake_residual,cross,2988,1588,0.7984873041599135,0.7651133501259446,0.9164442345629238,0.9046770806235684,0.927360774818402,0.9761755212965094,0.12887347065848842,0.07149844067294098,McIntire->WELFake_residual
0,tfidf_lr,R_SE,0,0,0,0,SE,WELFake_residual,ISOT,cross,2988,1588,0.6917989417989417,0.7065491183879093,0.7716999603228596,0.7850757253710132,0.9308943089430894,0.9863380812666982,0.2390953671441477,0.20126235589568497,WELFake_residual->ISOT
0,tfidf_lr,R_SE,0,0,0,0,SE,WELFake_residual,McIntire,cross,2988,1590,0.8502923976608188,0.8389937106918239,0.9317949148847796,0.9310486135833234,0.9308943089430894,0.9863380812666982,0.08060191128227068,0.05528946768337484,WELFake_residual->McIntire
0,tfidf_lr,T,0,0,0,1,,ISOT,McIntire,cross,2990,1590,0.6607407407407407,0.5679245283018868,0.5956433658241752,0.618776156006487,0.9759036144578314,0.995553134755463,0.3151628737170906,0.376776978748976,ISOT->McIntire
0,tfidf_lr,T,0,0,0,1,,ISOT,WELFake_residual,cross,2990,1588,0.6602434077079108,0.5780856423173804,0.643225070161956,0.6540838403898255,0.9759036144578314,0.995553134755463,0.31566020674992057,0.34146929436563755,ISOT->WELFake_residual
0,tfidf_lr,T,0,0,0,1,,McIntire,ISOT,cross,2988,1588,0.6767441860465117,0.6498740554156172,0.7180987176176822,0.7225856391449728,0.9152542372881356,0.9740859820523504,0.23851005124162394,0.25150034290737766,McIntire->ISOT
0,tfidf_lr,T,0,0,0,1,,McIntire,WELFake_residual,cross,2988,1588,0.8015143320713899,0.7688916876574308,0.8989343362555299,0.8947299963834553,0.9152542372881356,0.9740859820523504,0.11373990521674571,0.07935598566889512,McIntire->WELFake_residual
0,tfidf_lr,T,0,0,0,1,,WELFake_residual,ISOT,cross,2988,1588,0.7412935323383084,0.7380352644836272,0.7867708646818943,0.801397762818113,0.9310344827586208,0.9836130734809618,0.18974095042031236,0.1822153106628488,WELFake_residual->ISOT
0,tfidf_lr,T,0,0,0,1,,WELFake_residual,McIntire,cross,2988,1590,0.8425241614553723,0.8257861635220126,0.9248326693371614,0.9268035283414424,0.9310344827586208,0.9836130734809618,0.08851032130324843,0.05680954513951941,WELFake_residual->McIntire
0,tfidf_lr,SLET,1,1,1,1,,ISOT,McIntire,cross,2990,1590,0.6804550155118925,0.6113207547169811,0.6567822825269201,0.6778560974644989,0.9508196721311476,0.9897039216961498,0.27036465661925513,0.3118478242316509,ISOT->McIntire
0,tfidf_lr,SLET,1,1,1,1,,ISOT,WELFake_residual,cross,2990,1588,0.6803488968701898,0.6076826196473551,0.6804124407326145,0.6889930143583172,0.9508196721311476,0.9897039216961498,0.27047077526095775,0.3007109073378327,ISOT->WELFake_residual
0,tfidf_lr,SLET,1,1,1,1,,McIntire,ISOT,cross,2988,1588,0.7345553292600135,0.7537783375314862,0.8337389728294262,0.8276272294094881,0.8932038834951457,0.9614119315178388,0.15864855423513213,0.1337847021083507,McIntire->ISOT
0,tfidf_lr,SLET,1,1,1,1,,McIntire,WELFake_residual,cross,2988,1588,0.7896718665949435,0.7537783375314862,0.888058099421854,0.8824400890812072,0.8932038834951457,0.9614119315178388,0.1035320169002022,0.07897184243663158,McIntire->WELFake_residual
0,tfidf_lr,SLET,1,1,1,1,,WELFake_residual,ISOT,cross,2988,1588,0.736214605067064,0.7770780856423174,0.8855174267570913,0.8723058327887366,0.8719512195121951,0.9573382615679654,0.13573661444513108,0.08503242877922879,WELFake_residual->ISOT
0,tfidf_lr,SLET,1,1,1,1,,WELFake_residual,McIntire,cross,2988,1590,0.8102743724460012,0.7955974842767296,0.8863809894547556,0.8853320675606187,0.8719512195121951,0.9573382615679654,0.06167684706619392,0.07200619400734676,WELFake_residual->McIntire
0,tfidf_lr,R_T,0,0,0,0,T,ISOT,McIntire,cross,2990,1590,0.6575476306790425,0.5591194968553459,0.6103265250428105,0.6171575491475811,0.9675456389452332,0.9947564386056192,0.3099980082661906,0.3775988894580381,ISOT->McIntire
0,tfidf_lr,R_T,0,0,0,0,T,ISOT,WELFake_residual,cross,2990,1588,0.6496496496496497,0.5591939546599496,0.6078352745314913,0.6243980356451726,0.9675456389452332,0.9947564386056192,0.3178959892955835,0.37035840296044664,ISOT->WELFake_residual
0,tfidf_lr,R_T,0,0,0,0,T,McIntire,ISOT,cross,2988,1588,0.6593806921675774,0.6467254408060453,0.7289676177708952,0.723088465760204,0.9150485436893204,0.9766046231055776,0.255667851521743,0.2535161573453736,McIntire->ISOT
0,tfidf_lr,R_T,0,0,0,0,T,McIntire,WELFake_residual,cross,2988,1588,0.8041349292709467,0.7732997481108312,0.9250672294334878,0.9152142326897575,0.9150485436893204,0.9766046231055776,0.11091361441837377,0.06139039041582006,McIntire->WELFake_residual
0,tfidf_lr,R_T,0,0,0,0,T,WELFake_residual,ISOT,cross,2988,1588,0.713259307642064,0.7235516372795969,0.7781836645628653,0.7905988871193903,0.9391480730223124,0.9887803438836892,0.22588876538024838,0.19818145676429888,WELFake_residual->ISOT
0,tfidf_lr,R_T,0,0,0,0,T,WELFake_residual,McIntire,cross,2988,1590,0.8509643483343075,0.839622641509434,0.9248961217539282,0.9254776314228076,0.9391480730223124,0.9887803438836892,0.08818372468800495,0.0633027124608816,WELFake_residual->McIntire
1,tfidf_lr,C0,0,0,0,0,,ISOT,McIntire,cross,2988,1590,0.66307541625857,0.5672955974842767,0.6148331321876487,0.6343752224991099,0.9778225806451613,0.9972034339229968,0.3147471643865912,0.3628282114238869,ISOT->McIntire
1,tfidf_lr,C0,0,0,0,0,,ISOT,WELFake_residual,cross,2988,1588,0.65,0.5591939546599496,0.6107752256659547,0.622301074177236,0.9778225806451613,0.9972034339229968,0.32782258064516123,0.3749023597457608,ISOT->WELFake_residual
1,tfidf_lr,C0,0,0,0,0,,McIntire,ISOT,cross,2990,1588,0.6900302114803626,0.6769521410579346,0.760809980797783,0.7585099835669282,0.9027611044417768,0.9656611990129192,0.21273089296141423,0.20715121544599102,McIntire->ISOT
1,tfidf_lr,C0,0,0,0,0,,McIntire,WELFake_residual,cross,2990,1588,0.8210526315789474,0.7965994962216625,0.926573069182258,0.9192749145036134,0.9027611044417768,0.9656611990129192,0.08170847286282945,0.04638628450930582,McIntire->WELFake_residual
1,tfidf_lr,C0,0,0,0,0,,WELFake_residual,ISOT,cross,2992,1588,0.7195357833655706,0.7260705289672544,0.7876174107342049,0.7992548014390042,0.9294354838709676,0.9842056932966023,0.20989970050539708,0.18495089185759817,WELFake_residual->ISOT
1,tfidf_lr,C0,0,0,0,0,,WELFake_residual,McIntire,cross,2992,1590,0.8474970896391153,0.8352201257861636,0.9280946892488066,0.927760768956924,0.9294354838709676,0.9842056932966023,0.08193839423185234,0.05644492433967829,WELFake_residual->McIntire
1,tfidf_lr,S,1,0,0,0,,ISOT,McIntire,cross,2988,1590,0.6549536359199609,0.5553459119496855,0.5832855166481785,0.6024587634982793,0.95678391959799,0.9906875975546304,0.3018302836780291,0.3882288340563511,ISOT->McIntire
1,tfidf_lr,S,1,0,0,0,,ISOT,WELFake_residual,cross,2988,1588,0.6462619167084797,0.5560453400503779,0.5956614785579231,0.6183403232048931,0.95678391959799,0.9906875975546304,0.3105220028895104,0.37234727434973736,ISOT->WELFake_residual
1,tfidf_lr,S,1,0,0,0,,McIntire,ISOT,cross,2990,1588,0.654320987654321,0.6473551637279596,0.6999275063806869,0.7091346306365752,0.8968824940047961,0.9605864421541588,0.24256150635047513,0.25145181151758356,McIntire->ISOT
1,tfidf_lr,S,1,0,0,0,,McIntire,WELFake_residual,cross,2990,1588,0.8,0.7682619647355163,0.9135849894833238,0.9018694998382072,0.8968824940047961,0.9605864421541588,0.0968824940047961,0.05871694231595159,McIntire->WELFake_residual
1,tfidf_lr,S,1,0,0,0,,WELFake_residual,ISOT,cross,2992,1588,0.6591390261115032,0.6958438287153652,0.7683824427071732,0.7770067064698081,0.903096903096903,0.9704683195592286,0.24395787698539984,0.19346161308942056,WELFake_residual->ISOT
1,tfidf_lr,S,1,0,0,0,,WELFake_residual,McIntire,cross,2992,1590,0.8337264150943396,0.8226415094339623,0.9062400102283342,0.9103848740160594,0.903096903096903,0.9704683195592286,0.0693704880025634,0.060083445543169245,WELFake_residual->McIntire
1,tfidf_lr,L,0,1,0,0,,ISOT,McIntire,cross,2988,1590,0.6809160305343511,0.6056603773584905,0.6753491383677587,0.6859016652822277,0.9757575757575756,0.9971099440686784,0.2948415452232245,0.31120827878645063,ISOT->McIntire
1,tfidf_lr,L,0,1,0,0,,ISOT,WELFake_residual,cross,2988,1588,0.6777777777777778,0.5982367758186398,0.6779062378236183,0.6755372472384191,0.9757575757575756,0.9971099440686784,0.2979797979797978,0.32157269683025924,ISOT->WELFake_residual
1,tfidf_lr,L,0,1,0,0,,McIntire,ISOT,cross,2990,1588,0.7129629629629629,0.7267002518891688,0.82548325967816,0.8118968459922973,0.9056152927120668,0.9670837567136014,0.19265232974910385,0.15518691072130408,McIntire->ISOT
1,tfidf_lr,L,0,1,0,0,,McIntire,WELFake_residual,cross,2990,1588,0.8042666666666667,0.7688916876574308,0.91875626080185,0.911889549454663,0.9056152927120668,0.9670837567136014,0.10134862604540007,0.05519420725893831,McIntire->WELFake_residual
1,tfidf_lr,L,0,1,0,0,,WELFake_residual,ISOT,cross,2992,1588,0.7533568904593639,0.7802267002518891,0.8827995255577941,0.8752974132187883,0.9371196754563894,0.9877890011223344,0.18376278499702547,0.11249158790354608,WELFake_residual->ISOT
1,tfidf_lr,L,0,1,0,0,,WELFake_residual,McIntire,cross,2992,1590,0.8146911519198664,0.7905660377358491,0.9145233110374328,0.9092804873224952,0.9371196754563894,0.9877890011223344,0.122428523536523,0.07850851379983914,WELFake_residual->McIntire
1,tfidf_lr,E,0,0,1,0,,ISOT,McIntire,cross,2988,1590,0.6686838124054463,0.5867924528301887,0.6389359833317897,0.6578616352201258,0.9624365482233502,0.9944840985952133,0.29375273581790395,0.3366224633750875,ISOT->McIntire
1,tfidf_lr,E,0,0,1,0,,ISOT,WELFake_residual,cross,2988,1588,0.6448311156601843,0.5629722921914357,0.6116748175650093,0.6177566001941514,0.9624365482233502,0.9944840985952133,0.317605432563166,0.3767274984010619,ISOT->WELFake_residual
1,tfidf_lr,E,0,0,1,0,,McIntire,ISOT,cross,2990,1588,0.7093908629441624,0.7115869017632241,0.7869359894541094,0.7880768230240659,0.8920863309352518,0.9535142981564813,0.18269546799108938,0.16543747513241536,McIntire->ISOT
1,tfidf_lr,E,0,0,1,0,,McIntire,WELFake_residual,cross,2990,1588,0.8166948674562888,0.7953400503778337,0.9082242165277012,0.902922739183676,0.8920863309352518,0.9535142981564813,0.07539146347896297,0.050591558972805206,McIntire->WELFake_residual
1,tfidf_lr,E,0,0,1,0,,WELFake_residual,ISOT,cross,2992,1588,0.7136333985649054,0.7235516372795969,0.8098694640637225,0.8110212614761848,0.9050051072522982,0.9720314253647588,0.19137170868739284,0.16101016388857403,WELFake_residual->ISOT
1,tfidf_lr,E,0,0,1,0,,WELFake_residual,McIntire,cross,2992,1590,0.8536585365853658,0.8490566037735849,0.9227933808185956,0.9262576638582336,0.9050051072522982,0.9720314253647588,0.05134657066693238,0.045773761506525235,WELFake_residual->McIntire
1,tfidf_lr,SL,1,1,0,0,,ISOT,McIntire,cross,2988,1590,0.675743822491175,0.5955974842767295,0.6827407840333993,0.6930327123135951,0.9698189134808852,0.9950165842872007,0.2940750909897102,0.30198387197360566,ISOT->McIntire
1,tfidf_lr,SL,1,1,0,0,,ISOT,WELFake_residual,cross,2988,1588,0.6837944664031621,0.5969773299748111,0.6671067921041627,0.6828512331148602,0.9698189134808852,0.9950165842872007,0.2860244470777231,0.31216535117234057,ISOT->WELFake_residual
1,tfidf_lr,SL,1,1,0,0,,McIntire,ISOT,cross,2990,1588,0.694271911663216,0.7210327455919395,0.8056431005531699,0.8013263836456039,0.8978622327790974,0.9630541442879954,0.20359032111588138,0.16172776064239147,McIntire->ISOT
1,tfidf_lr,SL,1,1,0,0,,McIntire,WELFake_residual,cross,2990,1588,0.788430637386181,0.7512594458438288,0.912933335833723,0.8968555095203953,0.8978622327790974,0.9630541442879954,0.10943159539291636,0.06619863476760013,McIntire->WELFake_residual
1,tfidf_lr,SL,1,1,0,0,,WELFake_residual,ISOT,cross,2992,1588,0.6822066822066822,0.7424433249370277,0.8639247780047132,0.8596812364776123,0.9005128205128206,0.974606672788491,0.21830613830613832,0.1149254363108787,WELFake_residual->ISOT
1,tfidf_lr,SL,1,1,0,0,,WELFake_residual,McIntire,cross,2992,1590,0.8183881952326901,0.7987421383647799,0.9052420470136024,0.906125548831138,0.9005128205128206,0.974606672788491,0.08212462528013043,0.06848112395735295,WELFake_residual->McIntire
1,tfidf_lr,SE,1,0,1,0,,ISOT,McIntire,cross,2988,1590,0.6676631788739412,0.580503144654088,0.6055296219278994,0.6304592381630474,0.9528585757271816,0.991959872528616,0.28519539685324036,0.36150063436556856,ISOT->McIntire
1,tfidf_lr,SE,1,0,1,0,,ISOT,WELFake_residual,cross,2988,1588,0.6636132315521629,0.5837531486146096,0.5915288699628652,0.6226960389317869,0.9528585757271816,0.991959872528616,0.2892453441750187,0.369263833596829,ISOT->WELFake_residual
1,tfidf_lr,SE,1,0,1,0,,McIntire,ISOT,cross,2990,1588,0.7131095630145662,0.714735516372796,0.785027706917871,0.7891268899618676,0.906064209274673,0.9553549136304252,0.19295464626010683,0.1662280236685576,McIntire->ISOT
1,tfidf_lr,SE,1,0,1,0,,McIntire,WELFake_residual,cross,2990,1588,0.8082039911308204,0.7821158690176322,0.9163330080872246,0.9070563863738746,0.906064209274673,0.9553549136304252,0.0978602181438526,0.048298527256550594,McIntire->WELFake_residual
1,tfidf_lr,SE,1,0,1,0,,WELFake_residual,ISOT,cross,2992,1588,0.6924671734623359,0.7197732997481109,0.8143150433433591,0.8172835942109906,0.8782435129740519,0.957673706764616,0.18577633951171602,0.14039011255362543,WELFake_residual->ISOT
1,tfidf_lr,SE,1,0,1,0,,WELFake_residual,McIntire,cross,2992,1590,0.8355342136854742,0.8276729559748428,0.9113892532749674,0.9126205450733752,0.8782435129740519,0.957673706764616,0.042709299288577696,0.04505316169124085,WELFake_residual->McIntire
1,tfidf_lr,LE,0,1,1,0,,ISOT,McIntire,cross,2988,1590,0.6770996348461137,0.610691823899371,0.678547800913449,0.6896246192793006,0.967741935483871,0.9961425273152966,0.2906423006377573,0.306517908035996,ISOT->McIntire
1,tfidf_lr,LE,0,1,1,0,,ISOT,WELFake_residual,cross,2988,1588,0.6742620403935785,0.603904282115869,0.6615213015461441,0.6708309804643136,0.967741935483871,0.9961425273152966,0.2934798950902925,0.32531154685098307,ISOT->WELFake_residual
1,tfidf_lr,LE,0,1,1,0,,McIntire,ISOT,cross,2990,1588,0.7751060820367751,0.7997481108312342,0.8976798450662506,0.8886659391278418,0.8983451536643026,0.9635070402090288,0.12323907162752745,0.07484110108118702,McIntire->ISOT
1,tfidf_lr,LE,0,1,1,0,,McIntire,WELFake_residual,cross,2990,1588,0.7940691927512356,0.7638539042821159,0.8984394744863702,0.8856933931437926,0.8983451536643026,0.9635070402090288,0.10427596091306701,0.07781364706523619,McIntire->WELFake_residual
1,tfidf_lr,LE,0,1,1,0,,WELFake_residual,ISOT,cross,2992,1588,0.7923458540042523,0.8154911838790933,0.9196774489538218,0.9124891345037404,0.9102040816326532,0.9752963983267012,0.11785822762840092,0.06280726382296087,WELFake_residual->ISOT
1,tfidf_lr,LE,0,1,1,0,,WELFake_residual,McIntire,cross,2992,1590,0.8046875,0.779874213836478,0.8946733722363943,0.8939076777026225,0.9102040816326532,0.9752963983267012,0.1055165816326532,0.08138872062407876,WELFake_residual->McIntire
1,tfidf_lr,SLE,1,1,1,0,,ISOT,McIntire,cross,2988,1590,0.6806550665301945,0.6075471698113207,0.6670169605299793,0.6798180451722637,0.9585439838220424,0.9930207791363164,0.27788891729184795,0.3132027339640526,ISOT->McIntire
1,tfidf_lr,SLE,1,1,1,0,,ISOT,WELFake_residual,cross,2988,1588,0.683969465648855,0.6089420654911839,0.6509643931760278,0.6720856676966417,0.9585439838220424,0.9930207791363164,0.27457451817318745,0.3209351114396747,ISOT->WELFake_residual
1,tfidf_lr,SLE,1,1,1,0,,McIntire,ISOT,cross,2990,1588,0.7484232655921513,0.7739294710327456,0.8739956417053779,0.8565120012182046,0.8928571428571429,0.959088401799971,0.14443387726499157,0.10257640058176642,McIntire->ISOT
1,tfidf_lr,SLE,1,1,1,0,,McIntire,WELFake_residual,cross,2990,1588,0.8021978021978022,0.7732997481108312,0.8978134788270475,0.8864246331110532,0.8928571428571429,0.959088401799971,0.09065934065934067,0.07266376868891777,McIntire->WELFake_residual
1,tfidf_lr,SLE,1,1,1,0,,WELFake_residual,ISOT,cross,2992,1588,0.7420333839150227,0.7858942065491183,0.9062407571043416,0.8933912403479497,0.8825331971399387,0.9564411794714824,0.140499813224916,0.06304993912353274,WELFake_residual->ISOT
1,tfidf_lr,SLE,1,1,1,0,,WELFake_residual,McIntire,cross,2992,1590,0.8141695702671312,0.7987421383647799,0.8974372170581589,0.8947446699102093,0.8825331971399387,0.9564411794714824,0.0683636268728075,0.06169650956127315,WELFake_residual->McIntire
1,tfidf_lr,R_S,0,0,0,0,S,ISOT,McIntire,cross,2988,1590,0.6455445544554456,0.549685534591195,0.5963440731093237,0.6078367153198053,0.9808274470232088,0.9969514177939646,0.3352828925677632,0.38911470247415925,ISOT->McIntire
1,tfidf_lr,R_S,0,0,0,0,S,ISOT,WELFake_residual,cross,2988,1588,0.6562342251388188,0.5711586901763224,0.6080806629219409,0.6279717528821323,0.9808274470232088,0.9969514177939646,0.32459322188439,0.3689796649118323,ISOT->WELFake_residual
1,tfidf_lr,R_S,0,0,0,0,S,McIntire,ISOT,cross,2990,1588,0.671941570298235,0.6605793450881612,0.7269489763217731,0.7307656923145252,0.8979591836734694,0.9672114965887648,0.2260176133752344,0.23644580427423967,McIntire->ISOT
1,tfidf_lr,R_S,0,0,0,0,S,McIntire,WELFake_residual,cross,2990,1588,0.8067685589519651,0.7770780856423174,0.9186537054155208,0.9103271386786288,0.8979591836734694,0.9672114965887648,0.0911906247215043,0.05688435791013602,McIntire->WELFake_residual
1,tfidf_lr,R_S,0,0,0,0,S,WELFake_residual,ISOT,cross,2992,1588,0.737315350032113,0.7424433249370277,0.8123371950939341,0.8174993179323515,0.934959349593496,0.987270686664626,0.197643999561383,0.1697713687322745,WELFake_residual->ISOT
1,tfidf_lr,R_S,0,0,0,0,S,WELFake_residual,McIntire,cross,2992,1590,0.8468571428571429,0.8314465408805032,0.925767822884712,0.9250219532455204,0.934959349593496,0.987270686664626,0.08810220673635316,0.06224873341910564,WELFake_residual->McIntire
1,tfidf_lr,R_E,0,0,0,0,E,ISOT,McIntire,cross,2988,1590,0.6591466405100539,0.5628930817610063,0.6042542015152298,0.623019659032475,0.9769307923771314,0.9960205840270552,0.31778415186707754,0.37300092499458015,ISOT->McIntire
1,tfidf_lr,R_E,0,0,0,0,E,ISOT,WELFake_residual,cross,2988,1588,0.6515609264853978,0.5642317380352645,0.6205127260011265,0.6258208604838555,0.9769307923771314,0.9960205840270552,0.32536986589173367,0.37019972354319963,ISOT->WELFake_residual
1,tfidf_lr,R_E,0,0,0,0,E,McIntire,ISOT,cross,2990,1588,0.6650215916101172,0.6580604534005038,0.7404084727368978,0.7316143113654677,0.9033816425120772,0.9628973726230222,0.23836005090196,0.2312830612575545,McIntire->ISOT
1,tfidf_lr,R_E,0,0,0,0,E,McIntire,WELFake_residual,cross,2990,1588,0.8081140350877193,0.7795969773299748,0.9178280846724508,0.9081239015538451,0.9033816425120772,0.9628973726230222,0.09526760742435791,0.05477347106917707,McIntire->WELFake_residual
1,tfidf_lr,R_E,0,0,0,0,E,WELFake_residual,ISOT,cross,2992,1588,0.6920593931568754,0.6996221662468514,0.77101603767624,0.7753332614254262,0.926829268292683,0.98290786654423,0.2347698751358076,0.20757460511880377,WELFake_residual->ISOT
1,tfidf_lr,R_E,0,0,0,0,E,WELFake_residual,McIntire,cross,2992,1590,0.8432055749128919,0.8301886792452831,0.9154526712880942,0.9178640085439658,0.926829268292683,0.98290786654423,0.08362369337979103,0.06504385800026424,WELFake_residual->McIntire
1,tfidf_lr,R_SE,0,0,0,0,SE,ISOT,McIntire,cross,2988,1590,0.6620757501229709,0.5679245283018868,0.6098645040498256,0.6268549503579763,0.9759519038076152,0.9960774908949012,0.3138761536846443,0.3692225405369248,ISOT->McIntire
1,tfidf_lr,R_SE,0,0,0,0,SE,ISOT,WELFake_residual,cross,2988,1588,0.6376518218623481,0.5491183879093199,0.5993141863380398,0.6049971765571763,0.9759519038076152,0.9960774908949012,0.33830008194526706,0.39108031433772483,ISOT->WELFake_residual
1,tfidf_lr,R_SE,0,0,0,0,SE,McIntire,ISOT,cross,2990,1588,0.6550689862027594,0.6379093198992444,0.7000682997257963,0.706070084830181,0.9008363201911588,0.97171142400929,0.24576733398839934,0.26564133917910904,McIntire->ISOT
1,tfidf_lr,R_SE,0,0,0,0,SE,McIntire,WELFake_residual,cross,2990,1588,0.7925356750823271,0.7619647355163728,0.9192290869739008,0.9082682461026972,0.9008363201911588,0.97171142400929,0.10830064510883164,0.06344317790659282,McIntire->WELFake_residual
1,tfidf_lr,R_SE,0,0,0,0,SE,WELFake_residual,ISOT,cross,2992,1588,0.6982872200263505,0.7115869017632241,0.7762859968693852,0.7891824070960415,0.9293756397134084,0.9806142230384652,0.23108841968705796,0.19143181594242376,WELFake_residual->ISOT
1,tfidf_lr,R_SE,0,0,0,0,SE,WELFake_residual,McIntire,cross,2992,1590,0.8193473193473193,0.8050314465408805,0.90870564991686,0.9053597563387524,0.9293756397134084,0.9806142230384652,0.11002832036608912,0.07525446669971281,WELFake_residual->McIntire
1,tfidf_lr,T,0,0,0,1,,ISOT,McIntire,cross,2988,1590,0.6554121151936445,0.5635220125786163,0.5896589171224097,0.6014588030536766,0.9748237663645518,0.9953905437044746,0.3194116511709073,0.39393174065079795,ISOT->McIntire
1,tfidf_lr,T,0,0,0,1,,ISOT,WELFake_residual,cross,2988,1588,0.6555555555555556,0.570528967254408,0.597125708100871,0.6226976251356204,0.9748237663645518,0.9953905437044746,0.31926821080899626,0.3726929185688541,ISOT->WELFake_residual
1,tfidf_lr,T,0,0,0,1,,McIntire,ISOT,cross,2990,1588,0.6837806301050176,0.6586901763224181,0.7400862624373492,0.7368678184621436,0.8967193195625759,0.9648134707504716,0.21293868945755834,0.22794565228832808,McIntire->ISOT
1,tfidf_lr,T,0,0,0,1,,McIntire,WELFake_residual,cross,2990,1588,0.7942794279427943,0.7644836272040302,0.9052199540034278,0.8964082000393377,0.8967193195625759,0.9648134707504716,0.10243989161978162,0.06840527071113389,McIntire->WELFake_residual
1,tfidf_lr,T,0,0,0,1,,WELFake_residual,ISOT,cross,2992,1588,0.6932475884244373,0.6996221662468514,0.7566380497011053,0.7796651840948168,0.9290060851926978,0.9815937149270484,0.23575849676826044,0.2019285308322316,WELFake_residual->ISOT
1,tfidf_lr,T,0,0,0,1,,WELFake_residual,McIntire,cross,2992,1590,0.8361714621256606,0.8245283018867925,0.9142951179464138,0.9143071872156956,0.9290060851926978,0.9815937149270484,0.09283462306703716,0.0672865277113528,WELFake_residual->McIntire
1,tfidf_lr,SLET,1,1,1,1,,ISOT,McIntire,cross,2988,1590,0.6786079836233367,0.6050314465408805,0.6703758255877629,0.6723088485423836,0.9546827794561934,0.991350156087409,0.27607479583285666,0.31904130754502535,ISOT->McIntire
1,tfidf_lr,SLET,1,1,1,1,,ISOT,WELFake_residual,cross,2988,1588,0.6673427991886409,0.5869017632241813,0.6512817065231631,0.6603747247936349,0.9546827794561934,0.991350156087409,0.2873399802675525,0.33097543129377405,ISOT->WELFake_residual
1,tfidf_lr,SLET,1,1,1,1,,McIntire,ISOT,cross,2990,1588,0.7317744154057771,0.7544080604534005,0.8403385110185297,0.8323033583107563,0.8791469194312796,0.9491479169690812,0.1473725040255025,0.11684455865832488,McIntire->ISOT
1,tfidf_lr,SLET,1,1,1,1,,McIntire,WELFake_residual,cross,2990,1588,0.7769230769230769,0.7443324937027708,0.8763591624048523,0.864051228039008,0.8791469194312796,0.9491479169690812,0.10222384250820271,0.08509668893007316,McIntire->WELFake_residual
1,tfidf_lr,SLET,1,1,1,1,,WELFake_residual,ISOT,cross,2992,1588,0.7325408618127786,0.7732997481108312,0.8810173188700315,0.8808967127511755,0.8770491803278688,0.9516947250280584,0.14450831851509027,0.07079801227688287,WELFake_residual->ISOT
1,tfidf_lr,SLET,1,1,1,1,,WELFake_residual,McIntire,cross,2992,1590,0.8107476635514018,0.7962264150943397,0.8834893328553587,0.8839697796764369,0.8770491803278688,0.9516947250280584,0.066301516776467,0.06772494535162155,WELFake_residual->McIntire
1,tfidf_lr,R_T,0,0,0,0,T,ISOT,McIntire,cross,2988,1590,0.6570719602977667,0.5654088050314465,0.6167939345036927,0.6353925873185395,0.9808660624370594,0.9966303004682624,0.3237941021392927,0.36123771314972286,ISOT->McIntire
1,tfidf_lr,R_T,0,0,0,0,T,ISOT,WELFake_residual,cross,2988,1588,0.6599799398194583,0.5730478589420654,0.6314044881364567,0.6470934400954261,0.9808660624370594,0.9966303004682624,0.3208861226176011,0.34953686037283627,ISOT->WELFake_residual
1,tfidf_lr,R_T,0,0,0,0,T,McIntire,ISOT,cross,2990,1588,0.6743620899149453,0.6624685138539043,0.7304785871679311,0.734805753478545,0.9141475211608222,0.9687443750907244,0.23978543124587692,0.23393862161217938,McIntire->ISOT
1,tfidf_lr,R_T,0,0,0,0,T,McIntire,WELFake_residual,cross,2990,1588,0.8073993471164309,0.7770780856423174,0.9124539167028856,0.905947629894232,0.9141475211608222,0.9687443750907244,0.1067481740443913,0.06279674519649237,McIntire->WELFake_residual
1,tfidf_lr,R_T,0,0,0,0,T,WELFake_residual,ISOT,cross,2992,1588,0.728451069345431,0.7361460957178841,0.8026516147378282,0.8089750585309216,0.924643584521385,0.9843975104581164,0.19619251517595393,0.17542245192719486,WELFake_residual->ISOT
1,tfidf_lr,R_T,0,0,0,0,T,WELFake_residual,McIntire,cross,2992,1590,0.8415614236509759,0.8264150943396227,0.9204831462700092,0.9241501522882798,0.924643584521385,0.9843975104581164,0.0830821608704091,0.06024735816983662,WELFake_residual->McIntire
2,tfidf_lr,C0,0,0,0,0,,ISOT,McIntire,cross,2992,1590,0.6650099403578529,0.5761006289308176,0.5919055038517174,0.6169550255132312,0.9754601226993864,0.9969061941680736,0.31045018234153354,0.37995116865484235,ISOT->McIntire
2,tfidf_lr,C0,0,0,0,0,,ISOT,WELFake_residual,cross,2992,1588,0.6372045220966084,0.5554156171284634,0.6227315770665535,0.6277258912879341,0.9754601226993864,0.9969061941680736,0.33825560060277804,0.3691803028801395,ISOT->WELFake_residual
2,tfidf_lr,C0,0,0,0,0,,McIntire,ISOT,cross,2988,1588,0.6822948797038865,0.6756926952141058,0.7430498889694268,0.7507931019167686,0.913939393939394,0.974426526811097,0.23164451423550758,0.22363342489432836,McIntire->ISOT
2,tfidf_lr,C0,0,0,0,0,,McIntire,WELFake_residual,cross,2988,1588,0.8102508178844057,0.7808564231738035,0.916156037385586,0.909681553718379,0.913939393939394,0.974426526811097,0.10368857605498838,0.06474497309271798,McIntire->WELFake_residual
2,tfidf_lr,C0,0,0,0,0,,WELFake_residual,ISOT,cross,2988,1588,0.7271557271557272,0.7329974811083123,0.7793019446834177,0.8044353431593374,0.9414182939362796,0.989058991296366,0.21426256678055244,0.18462364813702858,WELFake_residual->ISOT
2,tfidf_lr,C0,0,0,0,0,,WELFake_residual,McIntire,cross,2988,1590,0.8428405122235157,0.8301886792452831,0.9220490143828954,0.9214477275424232,0.9414182939362796,0.989058991296366,0.09857778171276388,0.06761126375394277,WELFake_residual->McIntire
2,tfidf_lr,S,1,0,0,0,,ISOT,McIntire,cross,2992,1590,0.6669921875,0.5710691823899371,0.5901363063987706,0.6114220165341562,0.9612244897959183,0.9921896769329116,0.29423230229591835,0.3807676603987554,ISOT->McIntire
2,tfidf_lr,S,1,0,0,0,,ISOT,WELFake_residual,cross,2992,1588,0.6585489599188229,0.5761964735516373,0.6176606377243106,0.6404837287210756,0.9612244897959183,0.9921896769329116,0.30267552987709545,0.351705948211836,ISOT->WELFake_residual
2,tfidf_lr,S,1,0,0,0,,McIntire,ISOT,cross,2988,1588,0.6592317224287485,0.6536523929471033,0.7076968054284716,0.712855864830054,0.9119804400977995,0.9724965689638272,0.25274871766905105,0.25964070413377316,McIntire->ISOT
2,tfidf_lr,S,1,0,0,0,,McIntire,WELFake_residual,cross,2988,1588,0.8,0.767632241813602,0.9180655051732388,0.9095705194500314,0.9119804400977995,0.9724965689638272,0.1119804400977995,0.06292604951379577,McIntire->WELFake_residual
2,tfidf_lr,S,1,0,0,0,,WELFake_residual,ISOT,cross,2988,1588,0.6656997824510514,0.7096977329974811,0.8096883406213963,0.8181575925232697,0.9146968139773896,0.9738768050615484,0.24899703152633812,0.1557192125382787,WELFake_residual->ISOT
2,tfidf_lr,S,1,0,0,0,,WELFake_residual,McIntire,cross,2988,1590,0.8273381294964028,0.8188679245283019,0.9028944675664424,0.909416557889324,0.9146968139773896,0.9738768050615484,0.08735868448098671,0.06446024717222443,WELFake_residual->McIntire
2,tfidf_lr,L,0,1,0,0,,ISOT,McIntire,cross,2992,1590,0.663681592039801,0.5748427672955975,0.6533647730151411,0.6647237055496222,0.9785932721712538,0.9968324345588356,0.31491168013145276,0.3321087290092134,ISOT->McIntire
2,tfidf_lr,L,0,1,0,0,,ISOT,WELFake_residual,cross,2992,1588,0.6849725411882177,0.6026448362720404,0.6680658263998667,0.6756847641949381,0.9785932721712538,0.9968324345588356,0.2936207309830361,0.3211476703638976,ISOT->WELFake_residual
2,tfidf_lr,L,0,1,0,0,,McIntire,ISOT,cross,2988,1588,0.697112155809268,0.7159949622166247,0.8110866697317928,0.7971451503403993,0.8942891859052248,0.9672152239976473,0.19717703009595677,0.1700700736572479,McIntire->ISOT
2,tfidf_lr,L,0,1,0,0,,McIntire,WELFake_residual,cross,2988,1588,0.786053882725832,0.7449622166246851,0.9105298549091668,0.8999359173651252,0.8942891859052248,0.9672152239976473,0.10823530317939278,0.06727930663252202,McIntire->WELFake_residual
2,tfidf_lr,L,0,1,0,0,,WELFake_residual,ISOT,cross,2988,1588,0.7777777777777778,0.801007556675063,0.9008500262864148,0.8944603417317538,0.9433198380566802,0.9868052254585388,0.1655420602789024,0.09234488372678495,WELFake_residual->ISOT
2,tfidf_lr,L,0,1,0,0,,WELFake_residual,McIntire,cross,2988,1590,0.8024149286498353,0.7735849056603774,0.9038333152805168,0.8952652189391243,0.9433198380566802,0.9868052254585388,0.14090490940684486,0.09154000651941452,WELFake_residual->McIntire
2,tfidf_lr,E,0,0,1,0,,ISOT,McIntire,cross,2992,1590,0.683291770573566,0.60062893081761,0.6361329722522875,0.6604295716150469,0.962128966223132,0.9954637840318642,0.278837195649566,0.3350342124168173,ISOT->McIntire
2,tfidf_lr,E,0,0,1,0,,ISOT,WELFake_residual,cross,2992,1588,0.6642820643842616,0.586272040302267,0.619053678749802,0.6475121979074799,0.962128966223132,0.9954637840318642,0.2978469018388704,0.34795158612438426,ISOT->WELFake_residual
2,tfidf_lr,E,0,0,1,0,,McIntire,ISOT,cross,2988,1588,0.7078864353312303,0.7084382871536524,0.7797792273943525,0.7813116636740287,0.9082007343941249,0.9669456425840603,0.20031429906289455,0.18563397891003164,McIntire->ISOT
2,tfidf_lr,E,0,0,1,0,,McIntire,WELFake_residual,cross,2988,1588,0.8137629710540688,0.785264483627204,0.9099175586755436,0.9080652120120044,0.9082007343941249,0.9669456425840603,0.09443776334005605,0.05888043057205594,McIntire->WELFake_residual
2,tfidf_lr,E,0,0,1,0,,WELFake_residual,ISOT,cross,2988,1588,0.7170311464546058,0.7311083123425692,0.8090191676293688,0.8232207551599211,0.9235474006116208,0.980912652231638,0.20651625415701502,0.15769189707171694,WELFake_residual->ISOT
2,tfidf_lr,E,0,0,1,0,,WELFake_residual,McIntire,cross,2988,1590,0.8457415128052412,0.8371069182389937,0.9178002424671646,0.9175744630354812,0.9235474006116208,0.980912652231638,0.07780588780637954,0.06333818919615686,WELFake_residual->McIntire
2,tfidf_lr,SL,1,1,0,0,,ISOT,McIntire,cross,2992,1590,0.6679960119641076,0.5811320754716981,0.6541615654152916,0.6725889007555081,0.9664292980671414,0.9932509957547248,0.29843328610303377,0.3206620949992166,ISOT->McIntire
2,tfidf_lr,SL,1,1,0,0,,ISOT,WELFake_residual,cross,2992,1588,0.6826042726347915,0.6070528967254408,0.6746115783855349,0.6902096326986403,0.9664292980671414,0.9932509957547248,0.2838250254323499,0.3030413630560844,ISOT->WELFake_residual
2,tfidf_lr,SL,1,1,0,0,,McIntire,ISOT,cross,2988,1588,0.6945551128818062,0.7103274559193955,0.8047502765778424,0.7901135087463279,0.8936678614097969,0.9633614351534164,0.19911274852799077,0.17324792640708853,McIntire->ISOT
2,tfidf_lr,SL,1,1,0,0,,McIntire,WELFake_residual,cross,2988,1588,0.7863974495217854,0.7468513853904282,0.9116872629744016,0.8980086797073772,0.8936678614097969,0.9633614351534164,0.10727041188801156,0.06535275544603925,McIntire->WELFake_residual
2,tfidf_lr,SL,1,1,0,0,,WELFake_residual,ISOT,cross,2988,1588,0.6951124903025602,0.7525188916876574,0.8819203592478027,0.8713905931767857,0.9094650205761317,0.9752454555885198,0.21435253027357148,0.10385486241173414,WELFake_residual->ISOT
2,tfidf_lr,SL,1,1,0,0,,WELFake_residual,McIntire,cross,2988,1590,0.8120386144236229,0.7918238993710692,0.9030906062422293,0.8987334361773665,0.9094650205761317,0.9752454555885198,0.09742640615250875,0.07651201941115338,WELFake_residual->McIntire
2,tfidf_lr,SE,1,0,1,0,,ISOT,McIntire,cross,2992,1590,0.6640119462419114,0.5754716981132075,0.5960325593559751,0.624837625093944,0.9598352214212152,0.9917430215214148,0.29582327517930385,0.3669053964274708,ISOT->McIntire
2,tfidf_lr,SE,1,0,1,0,,ISOT,WELFake_residual,cross,2992,1588,0.6544529262086514,0.5724181360201511,0.618069929871629,0.6323036755515231,0.9598352214212152,0.9917430215214148,0.3053822952125639,0.3594393459698917,ISOT->WELFake_residual
2,tfidf_lr,SE,1,0,1,0,,McIntire,ISOT,cross,2988,1588,0.7061044682190056,0.7059193954659949,0.7674400376260861,0.7756489159883001,0.8959608323133414,0.956585138711891,0.18985636409433582,0.1809362227235909,McIntire->ISOT
2,tfidf_lr,SE,1,0,1,0,,McIntire,WELFake_residual,cross,2988,1588,0.7984453081621321,0.7714105793450882,0.8996558822880335,0.8913037961030144,0.8959608323133414,0.956585138711891,0.09751552415120934,0.06528134260887664,McIntire->WELFake_residual
2,tfidf_lr,SE,1,0,1,0,,WELFake_residual,ISOT,cross,2988,1588,0.6819763395963814,0.7122166246851386,0.7916336344697502,0.7929083999010208,0.8934010152284264,0.9632021505023848,0.21142467563204503,0.17029375060136398,WELFake_residual->ISOT
2,tfidf_lr,SE,1,0,1,0,,WELFake_residual,McIntire,cross,2988,1590,0.8281345565749235,0.8232704402515724,0.9124415162551488,0.9110288358846564,0.8934010152284264,0.9632021505023848,0.06526645865350289,0.05217331461772834,WELFake_residual->McIntire
2,tfidf_lr,LE,0,1,1,0,,ISOT,McIntire,cross,2992,1590,0.6997416020671835,0.6345911949685534,0.6727627345881446,0.6972651398283296,0.9609856262833676,0.9943942696979136,0.2612440242161841,0.29712912986958395,ISOT->McIntire
2,tfidf_lr,LE,0,1,1,0,,ISOT,WELFake_residual,cross,2992,1588,0.6873411286222674,0.6127204030226701,0.6642331122320599,0.6765651073225515,0.9609856262833676,0.9943942696979136,0.2736444976611002,0.3178291623753621,ISOT->WELFake_residual
2,tfidf_lr,LE,0,1,1,0,,McIntire,ISOT,cross,2988,1588,0.7939972714870396,0.809823677581864,0.8951913968169816,0.8859820822414963,0.900726392251816,0.9706707675718068,0.10672912076477648,0.08468868533031049,McIntire->ISOT
2,tfidf_lr,LE,0,1,1,0,,McIntire,WELFake_residual,cross,2988,1588,0.7920258620689655,0.756926952141058,0.8985412014469535,0.8898793850604978,0.900726392251816,0.9706707675718068,0.10870053018285053,0.08079138251130902,McIntire->WELFake_residual
2,tfidf_lr,LE,0,1,1,0,,WELFake_residual,ISOT,cross,2988,1588,0.7665706051873199,0.7959697732997482,0.8981209244243478,0.8804271964164482,0.9269776876267748,0.9798923109705128,0.1604070824394549,0.0994651145540646,WELFake_residual->ISOT
2,tfidf_lr,LE,0,1,1,0,,WELFake_residual,McIntire,cross,2988,1590,0.8224617129892229,0.8031446540880504,0.9156123090207744,0.909483010956845,0.9269776876267748,0.9798923109705128,0.10451597463755191,0.07040930001366774,WELFake_residual->McIntire
2,tfidf_lr,SLE,1,1,1,0,,ISOT,McIntire,cross,2992,1590,0.6871794871794872,0.6163522012578616,0.6939737872834669,0.7044309956093509,0.9561671763506626,0.9905587700175384,0.26898768917117544,0.2861277744081876,ISOT->McIntire
2,tfidf_lr,SLE,1,1,1,0,,ISOT,WELFake_residual,cross,2992,1588,0.6824358329139406,0.6026448362720404,0.6656506429808027,0.6788904821425172,0.9561671763506626,0.9905587700175384,0.273731343436722,0.3116682878750212,ISOT->WELFake_residual
2,tfidf_lr,SLE,1,1,1,0,,McIntire,ISOT,cross,2988,1588,0.7592847317744154,0.7795969773299748,0.8777226051041513,0.8622461280764423,0.8840579710144928,0.9579943142829136,0.12477323924007744,0.0957481862064713,McIntire->ISOT
2,tfidf_lr,SLE,1,1,1,0,,McIntire,WELFake_residual,cross,2988,1588,0.7945205479452054,0.7638539042821159,0.9108687484502612,0.8992316428630345,0.8840579710144928,0.9579943142829136,0.08953742306928736,0.05876267141987912,McIntire->WELFake_residual
2,tfidf_lr,SLE,1,1,1,0,,WELFake_residual,ISOT,cross,2988,1588,0.7380239520958084,0.7795969773299748,0.8896087314580866,0.8806254718956406,0.8922764227642277,0.9605959776426428,0.1542524706684193,0.07997050574700226,WELFake_residual->ISOT
2,tfidf_lr,SLE,1,1,1,0,,WELFake_residual,McIntire,cross,2988,1590,0.8143917761279269,0.7955974842767296,0.8921742785109168,0.8907717258019857,0.8922764227642277,0.9605959776426428,0.07788464663630079,0.0698242518406571,WELFake_residual->McIntire
2,tfidf_lr,R_S,0,0,0,0,S,ISOT,McIntire,cross,2992,1590,0.6594700686947988,0.5635220125786163,0.6023929863857023,0.6159661405798822,0.9764585465711362,0.9975495418708716,0.3169884778763373,0.38158340129098944,ISOT->McIntire
2,tfidf_lr,R_S,0,0,0,0,S,ISOT,WELFake_residual,cross,2992,1588,0.6605968639352554,0.577455919395466,0.6399478687234657,0.6573117651910741,0.9764585465711362,0.9975495418708716,0.31586168263588077,0.3402377766797975,ISOT->WELFake_residual
2,tfidf_lr,R_S,0,0,0,0,S,McIntire,ISOT,cross,2988,1588,0.6723198061780739,0.6593198992443325,0.7268029811440296,0.7293793501640135,0.9099756690997568,0.969328987354181,0.23765586292168295,0.2399496371901676,McIntire->ISOT
2,tfidf_lr,R_S,0,0,0,0,S,McIntire,WELFake_residual,cross,2988,1588,0.8070929607737776,0.7739294710327456,0.9308378327092216,0.9210371869626734,0.9099756690997568,0.969328987354181,0.10288270832597923,0.0482918003915076,McIntire->WELFake_residual
2,tfidf_lr,R_S,0,0,0,0,S,WELFake_residual,ISOT,cross,2988,1588,0.7079174983366601,0.7235516372795969,0.8071363258125921,0.8082771288441649,0.946611909650924,0.9886656067137636,0.23869441131426394,0.18038847786959866,WELFake_residual->ISOT
2,tfidf_lr,R_S,0,0,0,0,S,WELFake_residual,McIntire,cross,2988,1590,0.8304696449026346,0.8138364779874214,0.9189744299441828,0.9162881215141806,0.946611909650924,0.9886656067137636,0.11614226474828937,0.07237748519958298,WELFake_residual->McIntire
2,tfidf_lr,R_E,0,0,0,0,E,ISOT,McIntire,cross,2992,1590,0.6606875934230194,0.5716981132075472,0.6289615504580294,0.6437688382579803,0.973469387755102,0.9960415676375616,0.31278179433208253,0.3522727293795813,ISOT->McIntire
2,tfidf_lr,R_E,0,0,0,0,E,ISOT,WELFake_residual,cross,2992,1588,0.6629834254143646,0.577455919395466,0.6233036693745047,0.6370432526061329,0.973469387755102,0.9960415676375616,0.31048596234073733,0.35899831503142865,ISOT->WELFake_residual
2,tfidf_lr,R_E,0,0,0,0,E,McIntire,ISOT,cross,2988,1588,0.652355396541443,0.6328715365239295,0.7070340799674781,0.7023044369293632,0.905055487053021,0.9670069110871484,0.25270009051157794,0.26470247415778525,McIntire->ISOT
2,tfidf_lr,R_E,0,0,0,0,E,McIntire,WELFake_residual,cross,2988,1588,0.8195819581958196,0.7934508816120907,0.921372602364428,0.9159803691413562,0.905055487053021,0.9670069110871484,0.08547352885720139,0.05102654194579226,McIntire->WELFake_residual
2,tfidf_lr,R_E,0,0,0,0,E,WELFake_residual,ISOT,cross,2988,1588,0.7016861219195849,0.7103274559193955,0.7573199107994888,0.7771367751841582,0.9331963001027748,0.986178268780016,0.23151017818318986,0.20904149359585777,WELFake_residual->ISOT
2,tfidf_lr,R_E,0,0,0,0,E,WELFake_residual,McIntire,cross,2988,1590,0.834096109839817,0.8176100628930818,0.913706301751526,0.9180871009849296,0.9331963001027748,0.986178268780016,0.0991001902629578,0.0680911677950864,WELFake_residual->McIntire
2,tfidf_lr,R_SE,0,0,0,0,SE,ISOT,McIntire,cross,2992,1590,0.6584766584766585,0.5628930817610063,0.6044569569654057,0.6233677465290139,0.9600818833162744,0.9949105869625792,0.30160522483961594,0.3715428404335652,ISOT->McIntire
2,tfidf_lr,R_SE,0,0,0,0,SE,ISOT,WELFake_residual,cross,2992,1588,0.6484848484848484,0.5617128463476071,0.6256009855810467,0.6327303643827447,0.9600818833162744,0.9949105869625792,0.311597034831426,0.3621802225798345,ISOT->WELFake_residual
2,tfidf_lr,R_SE,0,0,0,0,SE,McIntire,ISOT,cross,2988,1588,0.6638089406001225,0.6542821158690176,0.7051605822388416,0.7145895856201105,0.9082007343941249,0.9680729830408784,0.24439179379400233,0.25348339742076786,McIntire->ISOT
2,tfidf_lr,R_SE,0,0,0,0,SE,McIntire,WELFake_residual,cross,2988,1588,0.8026172300981461,0.7720403022670025,0.9156307747336232,0.9035825999784276,0.9082007343941249,0.9680729830408784,0.10558350429597874,0.0644903830624508,McIntire->WELFake_residual
2,tfidf_lr,R_SE,0,0,0,0,SE,WELFake_residual,ISOT,cross,2988,1588,0.7091836734693877,0.7128463476070529,0.7727218723356917,0.782613937021363,0.9265770423991728,0.9850349948368272,0.2173933689297851,0.20242105781546427,WELFake_residual->ISOT
2,tfidf_lr,R_SE,0,0,0,0,SE,WELFake_residual,McIntire,cross,2988,1590,0.831304347826087,0.8169811320754717,0.9073180478285604,0.9144306000553776,0.9265770423991728,0.9850349948368272,0.09527269457308585,0.07060439478144964,WELFake_residual->McIntire
2,tfidf_lr,T,0,0,0,1,,ISOT,McIntire,cross,2992,1590,0.6598139990210474,0.5628930817610063,0.613993145586367,0.6275590364305209,0.9664292980671414,0.9943696831615008,0.30661529904609397,0.36681064673097985,ISOT->McIntire
2,tfidf_lr,T,0,0,0,1,,ISOT,WELFake_residual,cross,2992,1588,0.6448362720403022,0.5560453400503779,0.6186791420974358,0.6305144376272929,0.9664292980671414,0.9943696831615008,0.32159302602683915,0.3638552455342079,ISOT->WELFake_residual
2,tfidf_lr,T,0,0,0,1,,McIntire,ISOT,cross,2988,1588,0.6820877817319099,0.6624685138539043,0.7302422120060816,0.7307990025950295,0.9075215782983972,0.9677176257229684,0.22543379656648732,0.23691862312793888,McIntire->ISOT
2,tfidf_lr,T,0,0,0,1,,McIntire,WELFake_residual,cross,2988,1588,0.8064171122994652,0.7720403022670025,0.9209283024178472,0.9126699617407636,0.9075215782983972,0.9677176257229684,0.10110446599893197,0.05504766398220473,McIntire->WELFake_residual
2,tfidf_lr,T,0,0,0,1,,WELFake_residual,ISOT,cross,2988,1588,0.7038895859473023,0.7027707808564232,0.7625546322865507,0.7720704401398397,0.9181347150259068,0.9814412627645102,0.2142451290786045,0.20937082262467044,WELFake_residual->ISOT
2,tfidf_lr,T,0,0,0,1,,WELFake_residual,McIntire,cross,2988,1590,0.8200692041522492,0.8037735849056604,0.9062375693257998,0.9061888374668724,0.9181347150259068,0.9814412627645102,0.09806551087365767,0.07525242529763776,WELFake_residual->McIntire
2,tfidf_lr,SLET,1,1,1,1,,ISOT,McIntire,cross,2992,1590,0.673277661795407,0.6062893081761006,0.6597068918587649,0.6662505438867135,0.9544513457556936,0.9932141159501058,0.2811736839602865,0.3269635720633923,ISOT->McIntire
2,tfidf_lr,SLET,1,1,1,1,,ISOT,WELFake_residual,cross,2992,1588,0.6676844783715012,0.5887909319899244,0.648142161341933,0.6518948790995438,0.9544513457556936,0.9932141159501058,0.2867668673841923,0.341319236850562,ISOT->WELFake_residual
2,tfidf_lr,SLET,1,1,1,1,,McIntire,ISOT,cross,2988,1588,0.7667342799188641,0.7827455919395466,0.8681015201777074,0.8648649506056125,0.8743961352657005,0.953889324576022,0.10766185534683637,0.08902437397040952,McIntire->ISOT
2,tfidf_lr,SLET,1,1,1,1,,McIntire,WELFake_residual,cross,2988,1588,0.768733153638814,0.7298488664987406,0.8699550464791774,0.8646698475340875,0.8743961352657005,0.953889324576022,0.10566298162688648,0.08921947704193456,McIntire->WELFake_residual
2,tfidf_lr,SLET,1,1,1,1,,WELFake_residual,ISOT,cross,2988,1588,0.7300435413642961,0.7657430730478589,0.8687917400099048,0.8598493740839673,0.8790983606557377,0.9581250307331703,0.1490548192914416,0.09827565664920301,WELFake_residual->ISOT
2,tfidf_lr,SLET,1,1,1,1,,WELFake_residual,McIntire,cross,2988,1590,0.7845804988662132,0.7610062893081762,0.872284418721069,0.8695747794786599,0.8790983606557377,0.9581250307331703,0.09451786178952448,0.08855025125451044,WELFake_residual->McIntire
2,tfidf_lr,R_T,0,0,0,0,T,ISOT,McIntire,cross,2992,1590,0.6679802955665025,0.5761006289308176,0.6116131171791017,0.6375807918990546,0.9747729566094854,0.9955908144699962,0.30679266104298286,0.3580100225709416,ISOT->McIntire
2,tfidf_lr,R_T,0,0,0,0,T,ISOT,WELFake_residual,cross,2992,1588,0.6438287153652393,0.5547858942065491,0.6129270602885184,0.6206419049673559,0.9747729566094854,0.9955908144699962,0.33094424124424604,0.37494890950264026,ISOT->WELFake_residual
2,tfidf_lr,R_T,0,0,0,0,T,McIntire,ISOT,cross,2988,1588,0.6779048765803732,0.6630982367758187,0.728516193386706,0.7213071588551415,0.9,0.9628712871287128,0.22209512341962678,0.24156412827357132,McIntire->ISOT
2,tfidf_lr,R_T,0,0,0,0,T,McIntire,WELFake_residual,cross,2988,1588,0.8054054054054054,0.7732997481108312,0.9182803682587356,0.9108537583513632,0.9,0.9628712871287128,0.09459459459459463,0.052017528777349664,McIntire->WELFake_residual
2,tfidf_lr,R_T,0,0,0,0,T,WELFake_residual,ISOT,cross,2988,1588,0.6909564085881588,0.7008816120906801,0.7667429985337287,0.7754252612477714,0.9355509355509356,0.9860389450736776,0.24459452696277684,0.21061368382590617,WELFake_residual->ISOT
2,tfidf_lr,R_T,0,0,0,0,T,WELFake_residual,McIntire,cross,2988,1590,0.8456140350877193,0.8339622641509434,0.9221213408110208,0.9253494719354456,0.9355509355509356,0.9860389450736776,0.08993690046321634,0.06068947313823203,WELFake_residual->McIntire
3,tfidf_lr,C0,0,0,0,0,,ISOT,McIntire,cross,2990,1590,0.652322738386308,0.5528301886792453,0.6055965568937758,0.6198457339503975,0.9745158002038736,0.997151311090705,0.3221930618175656,0.37730557714030744,ISOT->McIntire
3,tfidf_lr,C0,0,0,0,0,,ISOT,WELFake_residual,cross,2990,1588,0.6706827309236948,0.5869017632241813,0.61821303711768,0.6424077939711564,0.9745158002038736,0.997151311090705,0.30383306928017884,0.35474351711954855,ISOT->WELFake_residual
3,tfidf_lr,C0,0,0,0,0,,McIntire,ISOT,cross,2992,1588,0.6844389336639801,0.679471032745592,0.7524503978401229,0.7517606862552265,0.913730255164034,0.9720674438119156,0.22929132150005394,0.22030675755668905,McIntire->ISOT
3,tfidf_lr,C0,0,0,0,0,,McIntire,WELFake_residual,cross,2992,1588,0.8076923076923077,0.7795969773299748,0.9168275254808672,0.9103271386786288,0.913730255164034,0.9720674438119156,0.10603794747172635,0.061740305133286766,McIntire->WELFake_residual
3,tfidf_lr,C0,0,0,0,0,,WELFake_residual,ISOT,cross,2994,1588,0.7070967741935484,0.7141057934508817,0.7657330722381869,0.7825806267408587,0.9480122324159022,0.9911550468262228,0.24091545822235372,0.2085744200853641,WELFake_residual->ISOT
3,tfidf_lr,C0,0,0,0,0,,WELFake_residual,McIntire,cross,2994,1590,0.8370457209847597,0.8251572327044026,0.9272706927284446,0.924499822000712,0.9480122324159022,0.9911550468262228,0.11096651143114244,0.06665522482551078,WELFake_residual->McIntire
3,tfidf_lr,S,1,0,0,0,,ISOT,McIntire,cross,2990,1590,0.6607669616519174,0.5660377358490566,0.59802555524239,0.61542344052846,0.9611451942740288,0.9940046933986328,0.3003782326221114,0.37858125287017286,ISOT->McIntire
3,tfidf_lr,S,1,0,0,0,,ISOT,WELFake_residual,cross,2990,1588,0.6596491228070176,0.5724181360201511,0.6112200759707188,0.627067616697016,0.9611451942740288,0.9940046933986328,0.3014960714670112,0.3669370767016168,ISOT->WELFake_residual
3,tfidf_lr,S,1,0,0,0,,McIntire,ISOT,cross,2992,1588,0.6438781852082038,0.639168765743073,0.7065255964242223,0.707613461160213,0.909313725490196,0.9645575886362128,0.2654355402819921,0.2569441274759998,McIntire->ISOT
3,tfidf_lr,S,1,0,0,0,,McIntire,WELFake_residual,cross,2992,1588,0.8019693654266958,0.7720403022670025,0.9150433763448912,0.90567321663103,0.909313725490196,0.9645575886362128,0.10734436006350012,0.05888437200518282,McIntire->WELFake_residual
3,tfidf_lr,S,1,0,0,0,,WELFake_residual,ISOT,cross,2994,1588,0.6614840989399293,0.6983627204030227,0.7756286988101935,0.788340132860433,0.9109109109109108,0.9770909209157128,0.2494268119709815,0.18875078805527978,WELFake_residual->ISOT
3,tfidf_lr,S,1,0,0,0,,WELFake_residual,McIntire,cross,2994,1590,0.8382798304058147,0.8320754716981132,0.9235841297928584,0.9216312645860528,0.9109109109109108,0.9770909209157128,0.07263108050509615,0.05545965632965999,WELFake_residual->McIntire
3,tfidf_lr,L,0,1,0,0,,ISOT,McIntire,cross,2990,1590,0.6754032258064516,0.5949685534591195,0.6518362729710034,0.6669467188797911,0.9775510204081632,0.9980328537904296,0.3021477946017116,0.33108613491063854,ISOT->McIntire
3,tfidf_lr,L,0,1,0,0,,ISOT,WELFake_residual,cross,2990,1588,0.6680182463253928,0.5875314861460957,0.6640357525696312,0.6595007264813558,0.9775510204081632,0.9980328537904296,0.30953277408277047,0.3385321273090738,ISOT->WELFake_residual
3,tfidf_lr,L,0,1,0,0,,McIntire,ISOT,cross,2992,1588,0.7236045729657028,0.7411838790931989,0.8442072025156334,0.8236902714946481,0.914004914004914,0.9728763831957936,0.19040034103921122,0.14918611170114549,McIntire->ISOT
3,tfidf_lr,L,0,1,0,0,,McIntire,WELFake_residual,cross,2992,1588,0.7929184549356223,0.756926952141058,0.9073561669916984,0.8967857165517197,0.914004914004914,0.9728763831957936,0.12108645906929172,0.07609066664407393,McIntire->WELFake_residual
3,tfidf_lr,L,0,1,0,0,,WELFake_residual,ISOT,cross,2994,1588,0.7696590118302018,0.7915617128463476,0.8783270348733531,0.8686036330412603,0.9391480730223124,0.9894600351196672,0.1694890611921106,0.12085640207840687,WELFake_residual->ISOT
3,tfidf_lr,L,0,1,0,0,,WELFake_residual,McIntire,cross,2994,1590,0.8013029315960912,0.769811320754717,0.910292415001661,0.9050876152050948,0.9391480730223124,0.9894600351196672,0.13784514142622117,0.08437241991457234,WELFake_residual->McIntire
3,tfidf_lr,E,0,0,1,0,,ISOT,McIntire,cross,2990,1590,0.6673469387755102,0.589937106918239,0.6134336294403673,0.6455883865353427,0.9680741503604532,0.9962411998775637,0.300727211584943,0.350652813342221,ISOT->McIntire
3,tfidf_lr,E,0,0,1,0,,ISOT,WELFake_residual,cross,2990,1588,0.6470588235294118,0.5692695214105793,0.5966636799572924,0.6267265828728055,0.9680741503604532,0.9962411998775637,0.3210153268310414,0.3695146170047582,ISOT->WELFake_residual
3,tfidf_lr,E,0,0,1,0,,McIntire,ISOT,cross,2992,1588,0.7196382428940569,0.7267002518891688,0.7949385992338489,0.8024525883674156,0.8974042027194067,0.959788468387977,0.17776595982534982,0.15733588002056142,McIntire->ISOT
3,tfidf_lr,E,0,0,1,0,,McIntire,WELFake_residual,cross,2992,1588,0.8033707865168539,0.7795969773299748,0.9076607802500334,0.8998534347657812,0.8974042027194067,0.959788468387977,0.09403341620255279,0.05993503362219588,McIntire->WELFake_residual
3,tfidf_lr,E,0,0,1,0,,WELFake_residual,ISOT,cross,2994,1588,0.7333333333333333,0.743073047858942,0.8238604616674898,0.8264106110691649,0.9309309309309308,0.9835335913111344,0.19759759759759754,0.15712298024196947,WELFake_residual->ISOT
3,tfidf_lr,E,0,0,1,0,,WELFake_residual,McIntire,cross,2994,1590,0.8519195612431444,0.8471698113207548,0.9296619604067838,0.9249934733594398,0.9309309309309308,0.9835335913111344,0.07901136968778644,0.05854011795169456,WELFake_residual->McIntire
3,tfidf_lr,SL,1,1,0,0,,ISOT,McIntire,cross,2990,1590,0.6807228915662651,0.6,0.6759721503575372,0.6796629880147145,0.9683995922528033,0.9951760024487296,0.28767670068653817,0.31551301443401514,ISOT->McIntire
3,tfidf_lr,SL,1,1,0,0,,ISOT,WELFake_residual,cross,2990,1588,0.6869300911854104,0.610831234256927,0.6747030542569934,0.6862139852419595,0.9683995922528033,0.9951760024487296,0.2814695010673929,0.3089620172067701,ISOT->WELFake_residual
3,tfidf_lr,SL,1,1,0,0,,McIntire,ISOT,cross,2992,1588,0.7156593406593407,0.739294710327456,0.8412648533717404,0.8171804909618106,0.903846153846154,0.9650646849664049,0.1881868131868133,0.1478841940045943,McIntire->ISOT
3,tfidf_lr,SL,1,1,0,0,,McIntire,WELFake_residual,cross,2992,1588,0.7802786709539121,0.7418136020151134,0.8953432781842061,0.8850938080947153,0.903846153846154,0.9650646849664049,0.12356748289224184,0.07997087687168958,McIntire->WELFake_residual
3,tfidf_lr,SL,1,1,0,0,,WELFake_residual,ISOT,cross,2994,1588,0.6744730679156908,0.7374055415617129,0.8575831353919984,0.8556586235557614,0.9114954221770092,0.978578629032258,0.23702235426131835,0.12292000547649662,WELFake_residual->ISOT
3,tfidf_lr,SL,1,1,0,0,,WELFake_residual,McIntire,cross,2994,1590,0.793918918918919,0.769811320754717,0.8969731973250592,0.8872402199280093,0.9114954221770092,0.978578629032258,0.11757650325809021,0.09133840910424873,WELFake_residual->McIntire
3,tfidf_lr,SE,1,0,1,0,,ISOT,McIntire,cross,2990,1590,0.66,0.5723270440251572,0.6144851924497745,0.6386725208654721,0.9610655737704918,0.9936945209672484,0.3010655737704918,0.3550220001017763,ISOT->McIntire
3,tfidf_lr,SE,1,0,1,0,,ISOT,WELFake_residual,cross,2990,1588,0.6855983772819473,0.6095717884130982,0.6192060890475182,0.6568834901560191,0.9610655737704918,0.9936945209672484,0.27546719648854456,0.3368110308112293,ISOT->WELFake_residual
3,tfidf_lr,SE,1,0,1,0,,McIntire,ISOT,cross,2992,1588,0.7217665615141956,0.7222921914357683,0.773606998519344,0.7905290941507146,0.9090909090909092,0.96677915351134,0.18732434757671357,0.17625005936062543,McIntire->ISOT
3,tfidf_lr,SE,1,0,1,0,,McIntire,WELFake_residual,cross,2992,1588,0.7988980716253443,0.7701511335012594,0.9082074414927594,0.8985432303992793,0.9090909090909092,0.96677915351134,0.11019283746556485,0.06823592311206073,McIntire->WELFake_residual
3,tfidf_lr,SE,1,0,1,0,,WELFake_residual,ISOT,cross,2994,1588,0.708843537414966,0.7304785894206549,0.8107241896373933,0.8145251857444689,0.8956692913385826,0.9656119927159208,0.18682575392361667,0.15108680697145194,WELFake_residual->ISOT
3,tfidf_lr,SE,1,0,1,0,,WELFake_residual,McIntire,cross,2994,1590,0.842925659472422,0.8352201257861636,0.9164113330084646,0.9203465052806457,0.8956692913385826,0.9656119927159208,0.0527436318661606,0.04526548743527514,WELFake_residual->McIntire
3,tfidf_lr,LE,0,1,1,0,,ISOT,McIntire,cross,2990,1590,0.6954732510288066,0.6276729559748427,0.6879826995929296,0.7066508445077331,0.9694501018329938,0.995588205285175,0.2739768508041872,0.2889373607774419,ISOT->McIntire
3,tfidf_lr,LE,0,1,1,0,,ISOT,WELFake_residual,cross,2990,1588,0.6821465428276574,0.6120906801007556,0.683907472635128,0.6848625395757857,0.9694501018329938,0.995588205285175,0.28730355900533644,0.3107256657093893,ISOT->WELFake_residual
3,tfidf_lr,LE,0,1,1,0,,McIntire,ISOT,cross,2992,1588,0.760806916426513,0.7909319899244333,0.8948272054588577,0.8785142345932021,0.902439024390244,0.9678295673381668,0.14163210796373105,0.08931533274496473,McIntire->ISOT
3,tfidf_lr,LE,0,1,1,0,,McIntire,WELFake_residual,cross,2992,1588,0.8152654867256637,0.7896725440806045,0.9195656746209676,0.9141927174209596,0.902439024390244,0.9678295673381668,0.08717353766458036,0.053636849917207186,McIntire->WELFake_residual
3,tfidf_lr,LE,0,1,1,0,,WELFake_residual,ISOT,cross,2994,1588,0.7980225988700564,0.8198992443324937,0.920111841973118,0.9144163721614884,0.9188118811881189,0.980383389698231,0.12078928231806241,0.06596701753674261,WELFake_residual->ISOT
3,tfidf_lr,LE,0,1,1,0,,WELFake_residual,McIntire,cross,2994,1590,0.8195615514333895,0.7981132075471699,0.9182426620140808,0.91229777303113,0.9188118811881189,0.980383389698231,0.09925032975472936,0.068085616667101,WELFake_residual->McIntire
3,tfidf_lr,SLE,1,1,1,0,,ISOT,McIntire,cross,2990,1590,0.6803488968701898,0.6081761006289308,0.6741660062734737,0.7008646809857205,0.9567010309278352,0.9941720232629324,0.27635213405764536,0.2933073422772119,ISOT->McIntire
3,tfidf_lr,SLE,1,1,1,0,,ISOT,WELFake_residual,cross,2990,1588,0.6801210898082745,0.6007556675062973,0.6374980120186331,0.6565091460513042,0.9567010309278352,0.9941720232629324,0.27657994111956075,0.33766287721162824,ISOT->WELFake_residual
3,tfidf_lr,SLE,1,1,1,0,,McIntire,ISOT,cross,2992,1588,0.752112676056338,0.7783375314861462,0.8773245674228085,0.8664939819426555,0.881851400730816,0.957850635983314,0.129738724674478,0.09135665404065851,McIntire->ISOT
3,tfidf_lr,SLE,1,1,1,0,,McIntire,WELFake_residual,cross,2992,1588,0.8056768558951966,0.7758186397984886,0.906512581349984,0.897388474008464,0.881851400730816,0.957850635983314,0.07617454483561947,0.06046216197484999,McIntire->WELFake_residual
3,tfidf_lr,SLE,1,1,1,0,,WELFake_residual,ISOT,cross,2994,1588,0.7355623100303952,0.7808564231738035,0.900719839803182,0.895567512007563,0.8974358974358975,0.9673395226326744,0.16187358740550228,0.0717720106251114,WELFake_residual->ISOT
3,tfidf_lr,SLE,1,1,1,0,,WELFake_residual,McIntire,cross,2994,1590,0.8123924268502581,0.7943396226415095,0.8951309196650299,0.8906245797239034,0.8974358974358975,0.9673395226326744,0.08504347058563932,0.07671494290877101,WELFake_residual->McIntire
3,tfidf_lr,R_S,0,0,0,0,S,ISOT,McIntire,cross,2990,1590,0.6591796875,0.5610062893081761,0.59582803391446,0.6127194335667101,0.9756592292089248,0.9974492398734824,0.3164795417089248,0.38472980630677234,ISOT->McIntire
3,tfidf_lr,R_S,0,0,0,0,S,ISOT,WELFake_residual,cross,2990,1588,0.663356504468719,0.5730478589420654,0.5982651514983099,0.6248405865147295,0.9756592292089248,0.9974492398734824,0.3123027247402058,0.37260865335875293,ISOT->WELFake_residual
3,tfidf_lr,R_S,0,0,0,0,S,McIntire,ISOT,cross,2992,1588,0.6897374701670644,0.672544080604534,0.7523261060228654,0.7506138608835791,0.9178743961352656,0.9744640776581808,0.22813692596820112,0.2238502167746017,McIntire->ISOT
3,tfidf_lr,R_S,0,0,0,0,S,McIntire,WELFake_residual,cross,2992,1588,0.8085106382978723,0.7789672544080605,0.9225516340485684,0.9119767906655076,0.9178743961352656,0.9744640776581808,0.10936375783739327,0.06248728699267314,McIntire->WELFake_residual
3,tfidf_lr,R_S,0,0,0,0,S,WELFake_residual,ISOT,cross,2994,1588,0.7278645833333334,0.7367758186397985,0.8035881839451345,0.814277737946437,0.9365558912386708,0.989415322580645,0.2086913079053374,0.17513758463420803,WELFake_residual->ISOT
3,tfidf_lr,R_S,0,0,0,0,S,WELFake_residual,McIntire,cross,2994,1590,0.843607305936073,0.8276729559748428,0.924130175665834,0.9258051501127328,0.9365558912386708,0.989415322580645,0.09294858530259775,0.06361017246791223,WELFake_residual->McIntire
3,tfidf_lr,R_E,0,0,0,0,E,ISOT,McIntire,cross,2990,1590,0.6532416502946955,0.5559748427672956,0.6273354190985908,0.6279751592104743,0.9744114636642784,0.9974982144679114,0.32116981336958295,0.3695230552574371,ISOT->McIntire
3,tfidf_lr,R_E,0,0,0,0,E,ISOT,WELFake_residual,cross,2990,1588,0.6499246609743847,0.5610831234256927,0.5994950114003339,0.6089991688291911,0.9744114636642784,0.9974982144679114,0.3244868026898937,0.3884990456387203,ISOT->WELFake_residual
3,tfidf_lr,R_E,0,0,0,0,E,McIntire,ISOT,cross,2992,1588,0.6737235367372354,0.6700251889168766,0.7542455774781633,0.7426749106967242,0.9099876695437732,0.9699786898804098,0.2362641328065378,0.2273037791836856,McIntire->ISOT
3,tfidf_lr,R_E,0,0,0,0,E,McIntire,WELFake_residual,cross,2992,1588,0.818880351262349,0.792191435768262,0.923447329359367,0.9170383670983256,0.9099876695437732,0.9699786898804098,0.09110731828142415,0.05294032278208416,McIntire->WELFake_residual
3,tfidf_lr,R_E,0,0,0,0,E,WELFake_residual,ISOT,cross,2994,1588,0.6967741935483871,0.7040302267002518,0.7521314942413468,0.7692073422203046,0.9196787148594378,0.9831067898022894,0.22290452131105065,0.21389944758198476,WELFake_residual->ISOT
3,tfidf_lr,R_E,0,0,0,0,E,WELFake_residual,McIntire,cross,2994,1590,0.8359420289855073,0.8220125786163522,0.9075781936940556,0.9103753807206992,0.9196787148594378,0.9831067898022894,0.08373668587393046,0.07273140908159015,WELFake_residual->McIntire
3,tfidf_lr,R_SE,0,0,0,0,SE,ISOT,McIntire,cross,2990,1590,0.6545454545454545,0.5578616352201258,0.5972550575456042,0.6173458328388909,0.967479674796748,0.9973880216304458,0.31293422025129347,0.38004218879155494,ISOT->McIntire
3,tfidf_lr,R_SE,0,0,0,0,SE,ISOT,WELFake_residual,cross,2990,1588,0.6416416416416416,0.5491183879093199,0.5884763853749807,0.6023402851360011,0.967479674796748,0.9973880216304458,0.3258380331551064,0.3950477364944447,ISOT->WELFake_residual
3,tfidf_lr,R_SE,0,0,0,0,SE,McIntire,ISOT,cross,2992,1588,0.6682520808561236,0.6486146095717884,0.7133424728178485,0.7151463431656822,0.9178743961352656,0.972526245253518,0.24962231527914192,0.2573799020878359,McIntire->ISOT
3,tfidf_lr,R_SE,0,0,0,0,SE,McIntire,WELFake_residual,cross,2992,1588,0.8282828282828283,0.8073047858942065,0.931139952801152,0.9233435273366368,0.9178743961352656,0.972526245253518,0.08959156785243727,0.049182717916881225,McIntire->WELFake_residual
3,tfidf_lr,R_SE,0,0,0,0,SE,WELFake_residual,ISOT,cross,2994,1588,0.7141931302657162,0.7222921914357683,0.7702968564432445,0.785813310153608,0.9207317073170732,0.9834604253381892,0.20653857705135703,0.19764711518458122,WELFake_residual->ISOT
3,tfidf_lr,R_SE,0,0,0,0,SE,WELFake_residual,McIntire,cross,2994,1590,0.8373458602466236,0.8257861635220126,0.9091549624940054,0.9125604208694276,0.9207317073170732,0.9834604253381892,0.0833858470704496,0.07090000446876166,WELFake_residual->McIntire
3,tfidf_lr,T,0,0,0,1,,ISOT,McIntire,cross,2990,1590,0.6620553359683794,0.569811320754717,0.6059642096927741,0.6219184367706974,0.9702564102564104,0.9967676767676767,0.308201074288031,0.3748492399969794,ISOT->McIntire
3,tfidf_lr,T,0,0,0,1,,ISOT,WELFake_residual,cross,2990,1588,0.6483516483516484,0.5566750629722922,0.6169460257453817,0.6238634849532705,0.9702564102564104,0.9967676767676767,0.321904761904762,0.37290419181440626,ISOT->WELFake_residual
3,tfidf_lr,T,0,0,0,1,,McIntire,ISOT,cross,2992,1588,0.6607981220657277,0.6360201511335013,0.7200665950549856,0.7104622832452462,0.8980582524271845,0.9661935779871896,0.23726013036145677,0.25573129474194345,McIntire->ISOT
3,tfidf_lr,T,0,0,0,1,,McIntire,WELFake_residual,cross,2992,1588,0.8028169014084507,0.7707808564231738,0.9166480310054342,0.9052671484496444,0.8980582524271845,0.9661935779871896,0.09524135101873377,0.060926429537545235,McIntire->WELFake_residual
3,tfidf_lr,T,0,0,0,1,,WELFake_residual,ISOT,cross,2994,1588,0.7148102815177478,0.7065491183879093,0.7152506918578369,0.7546380600092634,0.9257375381485248,0.9852164086888656,0.21092725663077694,0.23057834867960225,WELFake_residual->ISOT
3,tfidf_lr,T,0,0,0,1,,WELFake_residual,McIntire,cross,2994,1590,0.8281786941580757,0.8113207547169812,0.8991047931809548,0.90688026581227,0.9257375381485248,0.9852164086888656,0.09755884399044912,0.07833614287659563,WELFake_residual->McIntire
3,tfidf_lr,SLET,1,1,1,1,,ISOT,McIntire,cross,2990,1590,0.6771733604473817,0.60062893081761,0.6450726725973478,0.6762343261738065,0.9524793388429752,0.9928211406999286,0.27530597839559345,0.31658681452612203,ISOT->McIntire
3,tfidf_lr,SLET,1,1,1,1,,ISOT,WELFake_residual,cross,2990,1588,0.6874371859296482,0.6083123425692695,0.6445558606050963,0.67069932554613,0.9524793388429752,0.9928211406999286,0.265042152913327,0.32212181515379856,ISOT->WELFake_residual
3,tfidf_lr,SLET,1,1,1,1,,McIntire,ISOT,cross,2992,1588,0.7305306685044797,0.7537783375314862,0.843390918982637,0.8337721830606122,0.8689320388349514,0.9437606022372608,0.13840137033047173,0.10998841917664859,McIntire->ISOT
3,tfidf_lr,SLET,1,1,1,1,,McIntire,WELFake_residual,cross,2992,1588,0.7711362412493269,0.732367758186398,0.8833637979470615,0.8691651491983325,0.8689320388349514,0.9437606022372608,0.09779579758562451,0.07459545303892823,McIntire->WELFake_residual
3,tfidf_lr,SLET,1,1,1,1,,WELFake_residual,ISOT,cross,2994,1588,0.7471428571428571,0.7770780856423174,0.8795411427913148,0.8714841792029643,0.888,0.9606936134235172,0.1408571428571429,0.08920943422055294,WELFake_residual->ISOT
3,tfidf_lr,SLET,1,1,1,1,,WELFake_residual,McIntire,cross,2994,1590,0.7894736842105263,0.7685534591194969,0.8888145365763466,0.8803385942011788,0.888,0.9606936134235172,0.09852631578947368,0.08035501922233845,WELFake_residual->McIntire
3,tfidf_lr,R_T,0,0,0,0,T,ISOT,McIntire,cross,2990,1590,0.6562804284323271,0.5559748427672956,0.5920495518441307,0.6082686602586923,0.9695121951219512,0.9964860728497092,0.31323176668962405,0.38821741259101694,ISOT->McIntire
3,tfidf_lr,R_T,0,0,0,0,T,ISOT,WELFake_residual,cross,2990,1588,0.6590229312063809,0.5692695214105793,0.6172111112755234,0.6302971277020982,0.9695121951219512,0.9964860728497092,0.3104892639155703,0.366188945147611,ISOT->WELFake_residual
3,tfidf_lr,R_T,0,0,0,0,T,McIntire,ISOT,cross,2992,1588,0.6703567035670357,0.6624685138539043,0.7451987970783787,0.7333908596590296,0.9177914110429448,0.9745365199910656,0.24743470747590912,0.241145660332036,McIntire->ISOT
3,tfidf_lr,R_T,0,0,0,0,T,McIntire,WELFake_residual,cross,2992,1588,0.8154180238870793,0.7858942065491183,0.9191738514130676,0.9125192723765776,0.9177914110429448,0.9745365199910656,0.10237338715586553,0.062017247614488014,McIntire->WELFake_residual
3,tfidf_lr,R_T,0,0,0,0,T,WELFake_residual,ISOT,cross,2994,1588,0.7383419689119171,0.7455919395465995,0.808238781492503,0.8198627616443224,0.93794506612411,0.9881877601456815,0.19960309721219294,0.16832499850135918,WELFake_residual->ISOT
3,tfidf_lr,R_T,0,0,0,0,T,WELFake_residual,McIntire,cross,2994,1590,0.8400926998841252,0.8264150943396227,0.9272233258908232,0.9247324077370356,0.93794506612411,0.9881877601456815,0.09785236623998483,0.06345535240864597,WELFake_residual->McIntire
4,tfidf_lr,C0,0,0,0,0,,ISOT,McIntire,cross,2994,1590,0.6600985221674877,0.5660377358490566,0.585957438476457,0.6050282821090938,0.9666329625884732,0.9953121670573196,0.30653444042098554,0.39028388494822586,ISOT->McIntire
4,tfidf_lr,C0,0,0,0,0,,ISOT,WELFake_residual,cross,2994,1588,0.6575619625695498,0.5736775818639799,0.6189234544660902,0.6306825752336478,0.9666329625884732,0.9953121670573196,0.3090710000189234,0.36462959182367183,ISOT->WELFake_residual
4,tfidf_lr,C0,0,0,0,0,,McIntire,ISOT,cross,2988,1588,0.6686602870813397,0.6511335012594458,0.7214993398049877,0.7228949488925125,0.9200463499420626,0.978245690345917,0.25138606286072285,0.25535074145340453,McIntire->ISOT
4,tfidf_lr,C0,0,0,0,0,,McIntire,WELFake_residual,cross,2988,1588,0.8102229472539424,0.7802267002518891,0.928435849629512,0.9205216707167738,0.9200463499420626,0.978245690345917,0.10982340268812019,0.0577240196291432,McIntire->WELFake_residual
4,tfidf_lr,C0,0,0,0,0,,WELFake_residual,ISOT,cross,2992,1588,0.7564432989690721,0.7619647355163728,0.8294832910301858,0.8371079697225412,0.9301848049281314,0.985391499614811,0.17374150595905924,0.14828352989226978,WELFake_residual->ISOT
4,tfidf_lr,C0,0,0,0,0,,WELFake_residual,McIntire,cross,2992,1590,0.8322618351841029,0.819496855345912,0.9161895400115032,0.9140208061389976,0.9301848049281314,0.985391499614811,0.09792296974402848,0.07137069347581337,WELFake_residual->McIntire
4,tfidf_lr,S,1,0,0,0,,ISOT,McIntire,cross,2994,1590,0.6585127201565558,0.5610062893081761,0.5860795381380093,0.6084870060519758,0.9533468559837728,0.9910382074775852,0.29483413582721696,0.3825512014256094,ISOT->McIntire
4,tfidf_lr,S,1,0,0,0,,ISOT,WELFake_residual,cross,2994,1588,0.6403242147923,0.552896725440806,0.5797567520743596,0.6030651802879277,0.9533468559837728,0.9910382074775852,0.31302264119147283,0.38797302718965754,ISOT->WELFake_residual
4,tfidf_lr,S,1,0,0,0,,McIntire,ISOT,cross,2988,1588,0.6370820668693009,0.6240554156171285,0.6793345667685582,0.6846325400199227,0.9105691056910568,0.9719843868043312,0.27348703882175585,0.2873518467844085,McIntire->ISOT
4,tfidf_lr,S,1,0,0,0,,McIntire,WELFake_residual,cross,2988,1588,0.7910284463894968,0.7594458438287154,0.9025206789832788,0.8873509761498393,0.9105691056910568,0.9719843868043312,0.11954065930155999,0.08463341065449193,McIntire->WELFake_residual
4,tfidf_lr,S,1,0,0,0,,WELFake_residual,ISOT,cross,2992,1588,0.6760762173606211,0.7109571788413098,0.7925465030862682,0.8116176741175949,0.9105858170606372,0.9712665344457374,0.23450959970001617,0.15964886032814252,WELFake_residual->ISOT
4,tfidf_lr,S,1,0,0,0,,WELFake_residual,McIntire,cross,2992,1590,0.8455089820359282,0.8377358490566038,0.923654220087937,0.9215426604960248,0.9105858170606372,0.9712665344457374,0.06507683502470907,0.04972387394971256,WELFake_residual->McIntire
4,tfidf_lr,L,0,1,0,0,,ISOT,McIntire,cross,2994,1590,0.6726279185295578,0.5855345911949685,0.6629449998741089,0.6761378110043115,0.9634888438133874,0.992693700929371,0.29086092528382956,0.31655588992505956,ISOT->McIntire
4,tfidf_lr,L,0,1,0,0,,ISOT,WELFake_residual,cross,2994,1588,0.6700507614213198,0.5906801007556675,0.6439701662489479,0.6447633066639596,0.9634888438133874,0.992693700929371,0.2934380823920676,0.3479303942654114,ISOT->WELFake_residual
4,tfidf_lr,L,0,1,0,0,,McIntire,ISOT,cross,2988,1588,0.7055737704918033,0.7172544080604534,0.8133442721516001,0.7890856486621955,0.9254079254079254,0.975670199858062,0.21983415491612213,0.18658455119586648,McIntire->ISOT
4,tfidf_lr,L,0,1,0,0,,McIntire,WELFake_residual,cross,2988,1588,0.7896678966789668,0.7487405541561712,0.9094903585887616,0.8988335057008165,0.9254079254079254,0.975670199858062,0.13574002872895863,0.07683669415724548,McIntire->WELFake_residual
4,tfidf_lr,L,0,1,0,0,,WELFake_residual,ISOT,cross,2992,1588,0.7939142461964038,0.8123425692695214,0.8998386938871599,0.8961544074259717,0.9326530612244898,0.988087823108066,0.13873881502808594,0.09193341568209423,WELFake_residual->ISOT
4,tfidf_lr,L,0,1,0,0,,WELFake_residual,McIntire,cross,2992,1590,0.816793893129771,0.7886792452830189,0.90765530193735,0.905348680827499,0.9326530612244898,0.988087823108066,0.11585916809471875,0.082739142280567,WELFake_residual->McIntire
4,tfidf_lr,E,0,0,1,0,,ISOT,McIntire,cross,2994,1590,0.6584992343032159,0.5792452830188679,0.5940882844458291,0.6253455163957122,0.958290946083418,0.992234752249668,0.29979171178020214,0.3668892358539557,ISOT->McIntire
4,tfidf_lr,E,0,0,1,0,,ISOT,WELFake_residual,cross,2994,1588,0.6498455200823893,0.5717884130982368,0.6099187327986377,0.6220663160098725,0.958290946083418,0.992234752249668,0.30844542600102876,0.37016843623979545,ISOT->WELFake_residual
4,tfidf_lr,E,0,0,1,0,,McIntire,ISOT,cross,2988,1588,0.7301387137452712,0.7304785894206549,0.8024023142853842,0.7985330786947447,0.9078179696616102,0.9659520157505552,0.17767925591633904,0.16741893705581057,McIntire->ISOT
4,tfidf_lr,E,0,0,1,0,,McIntire,WELFake_residual,cross,2988,1588,0.8111964873765093,0.783375314861461,0.9169051908893844,0.9092025201606508,0.9078179696616102,0.9659520157505552,0.09662148228510092,0.056749495589904386,McIntire->WELFake_residual
4,tfidf_lr,E,0,0,1,0,,WELFake_residual,ISOT,cross,2992,1588,0.7498341074983411,0.7625944584382871,0.848824783793243,0.852207044013984,0.9118852459016392,0.9770320772345064,0.1620511384032981,0.12482503322052241,WELFake_residual->ISOT
4,tfidf_lr,E,0,0,1,0,,WELFake_residual,McIntire,cross,2992,1590,0.8520499108734403,0.8433962264150944,0.9235992674972836,0.9271943356671016,0.9118852459016392,0.9770320772345064,0.05983533502819893,0.049837741567404725,WELFake_residual->McIntire
4,tfidf_lr,SL,1,1,0,0,,ISOT,McIntire,cross,2994,1590,0.6746626686656672,0.590566037735849,0.6186193469934087,0.654103872473399,0.9435483870967742,0.986252028389254,0.2688857184311071,0.332148155915855,ISOT->McIntire
4,tfidf_lr,SL,1,1,0,0,,ISOT,WELFake_residual,cross,2994,1588,0.6826826826826827,0.6007556675062973,0.6819375641526528,0.6888661180516342,0.9435483870967742,0.986252028389254,0.2608657044140915,0.29738591033761974,ISOT->WELFake_residual
4,tfidf_lr,SL,1,1,0,0,,McIntire,ISOT,cross,2988,1588,0.7013513513513514,0.7216624685138538,0.8122407860093667,0.7881688228464111,0.9237875288683602,0.9735125111604588,0.22243617751700884,0.18534368831404768,McIntire->ISOT
4,tfidf_lr,SL,1,1,0,0,,McIntire,WELFake_residual,cross,2988,1588,0.761954261954262,0.7115869017632241,0.8917428809765819,0.8753386545184602,0.9237875288683602,0.9735125111604588,0.16183326691409827,0.09817385664199862,McIntire->WELFake_residual
4,tfidf_lr,SL,1,1,0,0,,WELFake_residual,ISOT,cross,2992,1588,0.6951124903025602,0.7525188916876574,0.8775865206834212,0.8712430762202665,0.9015544041450776,0.9728564638004228,0.20644191384251742,0.10161338758015626,WELFake_residual->ISOT
4,tfidf_lr,SL,1,1,0,0,,WELFake_residual,McIntire,cross,2992,1590,0.8086070215175538,0.7874213836477988,0.8866502676588764,0.8870661761797396,0.9015544041450776,0.9728564638004228,0.09294738262752378,0.08579028762068319,WELFake_residual->McIntire
4,tfidf_lr,SE,1,0,1,0,,ISOT,McIntire,cross,2994,1590,0.6743256743256744,0.589937106918239,0.6067449004373132,0.6352944899331513,0.9490835030549898,0.989522037732138,0.2747578287293154,0.3542275477989867,ISOT->McIntire
4,tfidf_lr,SE,1,0,1,0,,ISOT,WELFake_residual,cross,2994,1588,0.6616238023197176,0.577455919395466,0.6293588920180535,0.6428249655793767,0.9490835030549898,0.989522037732138,0.28745970073527216,0.34669707215276124,ISOT->WELFake_residual
4,tfidf_lr,SE,1,0,1,0,,McIntire,ISOT,cross,2988,1588,0.7050720100187852,0.7034005037783375,0.7731155291754541,0.7751825720612402,0.902552204176334,0.9644582312675992,0.1974801941575488,0.18927565920635903,McIntire->ISOT
4,tfidf_lr,SE,1,0,1,0,,McIntire,WELFake_residual,cross,2988,1588,0.8062187673514714,0.7802267002518891,0.911329038184406,0.9045152878325476,0.902552204176334,0.9644582312675992,0.09633343682486262,0.05994294343505158,McIntire->WELFake_residual
4,tfidf_lr,SE,1,0,1,0,,WELFake_residual,ISOT,cross,2992,1588,0.7105606258148631,0.7204030226700252,0.7947110222169279,0.8015674866283016,0.8662041625371655,0.9587069120949367,0.15564353672230236,0.15713942546663517,WELFake_residual->ISOT
4,tfidf_lr,SE,1,0,1,0,,WELFake_residual,McIntire,cross,2992,1590,0.8292682926829268,0.819496855345912,0.913056426205218,0.9122898619516634,0.8662041625371655,0.9587069120949367,0.03693586985423869,0.04641705014327335,WELFake_residual->McIntire
4,tfidf_lr,LE,0,1,1,0,,ISOT,McIntire,cross,2994,1590,0.6901189860320744,0.6232704402515723,0.6912774843556561,0.7043297337921759,0.9613821138211384,0.9890958711009852,0.2712631277890639,0.2847661373088093,ISOT->McIntire
4,tfidf_lr,LE,0,1,1,0,,ISOT,WELFake_residual,cross,2994,1588,0.6676783004552352,0.586272040302267,0.6622941879528175,0.6678060897537578,0.9613821138211384,0.9890958711009852,0.2937038133659031,0.3212897813472274,ISOT->WELFake_residual
4,tfidf_lr,LE,0,1,1,0,,McIntire,ISOT,cross,2988,1588,0.7597448618001418,0.7865239294710328,0.8959189320084042,0.8807063682911509,0.9074074074074074,0.970919850736018,0.14766254560726566,0.09021348244486715,McIntire->ISOT
4,tfidf_lr,LE,0,1,1,0,,McIntire,WELFake_residual,cross,2988,1588,0.8079251513483764,0.7802267002518891,0.9122157932184224,0.9031400491088708,0.9074074074074074,0.970919850736018,0.09948225605903105,0.06777980162714725,McIntire->WELFake_residual
4,tfidf_lr,LE,0,1,1,0,,WELFake_residual,ISOT,cross,2992,1588,0.7681263460157932,0.7965994962216625,0.9040857824445376,0.889546282255455,0.9116751269035532,0.975868314510974,0.14354878088776002,0.08632203225551904,WELFake_residual->ISOT
4,tfidf_lr,LE,0,1,1,0,,WELFake_residual,McIntire,cross,2992,1590,0.8219954648526077,0.8025157232704403,0.9157779378152764,0.9097361654997826,0.9116751269035532,0.975868314510974,0.08967966205094557,0.06613214901119135,WELFake_residual->McIntire
4,tfidf_lr,SLE,1,1,1,0,,ISOT,McIntire,cross,2994,1590,0.6823289070480082,0.6088050314465409,0.6568231826066459,0.6826280605988687,0.955193482688391,0.9897679030962644,0.2728645756403828,0.3071398424973957,ISOT->McIntire
4,tfidf_lr,SLE,1,1,1,0,,ISOT,WELFake_residual,cross,2994,1588,0.6771414090217942,0.5988664987405542,0.6540784973328984,0.667863193091765,0.955193482688391,0.9897679030962644,0.2780520736665968,0.3219047100044994,ISOT->WELFake_residual
4,tfidf_lr,SLE,1,1,1,0,,McIntire,ISOT,cross,2988,1588,0.7434119278779473,0.7670025188916877,0.8624645317524378,0.8560266228451421,0.9099415204678364,0.9695290858725762,0.16652959258988909,0.11350246302743416,McIntire->ISOT
4,tfidf_lr,SLE,1,1,1,0,,McIntire,WELFake_residual,cross,2988,1588,0.7950511027434104,0.7600755667506297,0.8972378060990442,0.8923633802638175,0.9099415204678364,0.9695290858725762,0.11489041772442599,0.0771657056087588,McIntire->WELFake_residual
4,tfidf_lr,SLE,1,1,1,0,,WELFake_residual,ISOT,cross,2992,1588,0.772189349112426,0.8060453400503779,0.906398095743236,0.9043170123533556,0.8913260219341974,0.9638536937173204,0.11913667282177143,0.05953668136396484,WELFake_residual->ISOT
4,tfidf_lr,SLE,1,1,1,0,,WELFake_residual,McIntire,cross,2992,1590,0.8119266055045872,0.7937106918238994,0.9019935362236008,0.8971306514773941,0.8913260219341974,0.9638536937173204,0.07939941642961024,0.06672304223992631,WELFake_residual->McIntire
4,tfidf_lr,R_S,0,0,0,0,S,ISOT,McIntire,cross,2994,1590,0.6643564356435644,0.5735849056603773,0.6089755998498436,0.6311490842925518,0.9667673716012084,0.9913045616220556,0.302410935957644,0.3601554773295038,ISOT->McIntire
4,tfidf_lr,R_S,0,0,0,0,S,ISOT,WELFake_residual,cross,2994,1588,0.6646646646646647,0.5780856423173804,0.613659518401183,0.63098395396202,0.9667673716012084,0.9913045616220556,0.30210270693654373,0.3603206076600356,ISOT->WELFake_residual
4,tfidf_lr,R_S,0,0,0,0,S,McIntire,ISOT,cross,2988,1588,0.6815709969788519,0.6681360201511335,0.7318702803131946,0.7403860185649297,0.9172413793103448,0.979470479155697,0.23567038233149284,0.23908446059076727,McIntire->ISOT
4,tfidf_lr,R_S,0,0,0,0,S,McIntire,WELFake_residual,cross,2988,1588,0.8173441734417344,0.7877833753148614,0.934089726561426,0.9293139985660716,0.9172413793103448,0.979470479155697,0.0998972058686104,0.05015648058962541,McIntire->WELFake_residual
4,tfidf_lr,R_S,0,0,0,0,S,WELFake_residual,ISOT,cross,2992,1588,0.7062706270627063,0.7197732997481109,0.7982593126448141,0.8032456902841842,0.931958762886598,0.984416233670442,0.2256881358238917,0.1811705433862577,WELFake_residual->ISOT
4,tfidf_lr,R_S,0,0,0,0,S,WELFake_residual,McIntire,cross,2992,1590,0.8457943925233645,0.8339622641509434,0.9231879348200362,0.923794153712274,0.931958762886598,0.984416233670442,0.08616437036323343,0.06062207995816793,WELFake_residual->McIntire
4,tfidf_lr,R_E,0,0,0,0,E,ISOT,McIntire,cross,2994,1590,0.6692991115498519,0.5786163522012578,0.6246548844409155,0.639020608362011,0.9658634538152612,0.9918208788867215,0.2965643422654093,0.3528002705247105,ISOT->McIntire
4,tfidf_lr,R_E,0,0,0,0,E,ISOT,WELFake_residual,cross,2994,1588,0.6493246623311656,0.5585642317380353,0.6071142907598884,0.6221836950935543,0.9658634538152612,0.9918208788867215,0.3165387914840956,0.36963718379316723,ISOT->WELFake_residual
4,tfidf_lr,R_E,0,0,0,0,E,McIntire,ISOT,cross,2988,1588,0.6666666666666666,0.6473551637279596,0.7078889215905333,0.7118248323382548,0.9232558139534884,0.9766889494288132,0.2565891472868218,0.26486411709055846,McIntire->ISOT
4,tfidf_lr,R_E,0,0,0,0,E,McIntire,WELFake_residual,cross,2988,1588,0.8162816281628162,0.7896725440806045,0.9248915161801216,0.9158328521848372,0.9232558139534884,0.9766889494288132,0.1069741857906722,0.060856097243976004,McIntire->WELFake_residual
4,tfidf_lr,R_E,0,0,0,0,E,WELFake_residual,ISOT,cross,2992,1588,0.7263492063492063,0.7285894206549118,0.7859353302789204,0.8008029363805367,0.9304703476482618,0.9831049517284336,0.20412114129905545,0.18230201534789692,WELFake_residual->ISOT
4,tfidf_lr,R_E,0,0,0,0,E,WELFake_residual,McIntire,cross,2992,1590,0.8465116279069768,0.8339622641509434,0.9223378650406208,0.9247767097820496,0.9304703476482618,0.9831049517284336,0.08395871974128499,0.058328241946383974,WELFake_residual->McIntire
4,tfidf_lr,R_SE,0,0,0,0,SE,ISOT,McIntire,cross,2994,1590,0.6551040634291377,0.5622641509433962,0.599962146142864,0.6121783157311815,0.9654471544715448,0.9923126096149748,0.3103430910424071,0.3801342938837933,ISOT->McIntire
4,tfidf_lr,R_SE,0,0,0,0,SE,ISOT,WELFake_residual,cross,2994,1588,0.6320123520329387,0.5497481108312342,0.6123860246184428,0.601103046145842,0.9654471544715448,0.9923126096149748,0.3334348024386061,0.3912095634691328,ISOT->WELFake_residual
4,tfidf_lr,R_SE,0,0,0,0,SE,McIntire,ISOT,cross,2988,1588,0.6638554216867469,0.6486146095717884,0.7304417977614349,0.7237292921089531,0.9122401847575058,0.972488038277512,0.24838476307075885,0.24875874616855886,McIntire->ISOT
4,tfidf_lr,R_SE,0,0,0,0,SE,McIntire,WELFake_residual,cross,2988,1588,0.7967741935483871,0.7619647355163728,0.9035527942172196,0.8964240620776733,0.9122401847575058,0.972488038277512,0.11546599120911871,0.07606397619983862,McIntire->WELFake_residual
4,tfidf_lr,R_SE,0,0,0,0,SE,WELFake_residual,ISOT,cross,2992,1588,0.7259740259740259,0.7342569269521411,0.8010068019111594,0.8123536726963562,0.936299292214358,0.987206805553279,0.2103252662403321,0.17485313285692283,WELFake_residual->ISOT
4,tfidf_lr,R_SE,0,0,0,0,SE,WELFake_residual,McIntire,cross,2992,1590,0.8440366972477065,0.8289308176100629,0.9284328866452798,0.9270772516909932,0.936299292214358,0.987206805553279,0.09226259496665157,0.0601295538622858,WELFake_residual->McIntire
4,tfidf_lr,T,0,0,0,1,,ISOT,McIntire,cross,2994,1590,0.6441837732160313,0.5421383647798742,0.5926781323998328,0.5973387128673706,0.9616935483870968,0.993115769804455,0.3175097751710655,0.3957770569370844,ISOT->McIntire
4,tfidf_lr,T,0,0,0,1,,ISOT,WELFake_residual,cross,2994,1588,0.6476868327402135,0.5636020151133502,0.6097073504883302,0.6198773547195909,0.9616935483870968,0.993115769804455,0.3140067156468832,0.3732384150848641,ISOT->WELFake_residual
4,tfidf_lr,T,0,0,0,1,,McIntire,ISOT,cross,2988,1588,0.6879721092388147,0.6618387909319899,0.7277484372611887,0.7318903108325032,0.8996539792387543,0.9723048922872646,0.21168186999993965,0.24041458145476136,McIntire->ISOT
4,tfidf_lr,T,0,0,0,1,,McIntire,WELFake_residual,cross,2988,1588,0.8081457663451233,0.77455919395466,0.9075496407142212,0.9057366647843716,0.8996539792387543,0.9723048922872646,0.09150821289363109,0.06656822750289293,McIntire->WELFake_residual
4,tfidf_lr,T,0,0,0,1,,WELFake_residual,ISOT,cross,2992,1588,0.7335811648079306,0.7292191435768262,0.7750950106013557,0.7899215780824699,0.9191402251791198,0.982305889295022,0.1855590603711892,0.19238431121255217,WELFake_residual->ISOT
4,tfidf_lr,T,0,0,0,1,,WELFake_residual,McIntire,cross,2992,1590,0.8369942196531792,0.8226415094339623,0.9152364456180704,0.9219856809461652,0.9191402251791198,0.982305889295022,0.08214600552594054,0.060320208348856874,WELFake_residual->McIntire
4,tfidf_lr,SLET,1,1,1,1,,ISOT,McIntire,cross,2994,1590,0.6673553719008265,0.5949685534591195,0.6567760640748322,0.6659341007080417,0.9387755102040816,0.98850989198315,0.27142013830325507,0.32257579127510827,ISOT->McIntire
4,tfidf_lr,SLET,1,1,1,1,,ISOT,WELFake_residual,cross,2994,1588,0.6820749871597329,0.6102015113350125,0.6805760973301136,0.6860014339282655,0.9387755102040816,0.98850989198315,0.25670052304434865,0.30250845805488447,ISOT->WELFake_residual
4,tfidf_lr,SLET,1,1,1,1,,McIntire,ISOT,cross,2988,1588,0.742393509127789,0.7600755667506297,0.8468270578657144,0.8364322468894544,0.9033760186263096,0.9661466083651932,0.16098250949852055,0.12971436147573878,McIntire->ISOT
4,tfidf_lr,SLET,1,1,1,1,,McIntire,WELFake_residual,cross,2988,1588,0.7915766738660908,0.756926952141058,0.8769405067059457,0.8731655552665141,0.9033760186263096,0.9661466083651932,0.1117993447602188,0.0929810530986791,McIntire->WELFake_residual
4,tfidf_lr,SLET,1,1,1,1,,WELFake_residual,ISOT,cross,2992,1588,0.7347538574577517,0.7726700251889169,0.8729000051844336,0.8667620503905235,0.8811475409836066,0.9567072071333738,0.1463936835258549,0.08994515674285031,WELFake_residual->ISOT
4,tfidf_lr,SLET,1,1,1,1,,WELFake_residual,McIntire,cross,2992,1590,0.7817142857142857,0.759748427672956,0.8593181546392994,0.8546149282069538,0.8811475409836066,0.9567072071333738,0.0994332552693209,0.10209227892641992,WELFake_residual->McIntire
4,tfidf_lr,R_T,0,0,0,0,T,ISOT,McIntire,cross,2994,1590,0.6653715395823215,0.5666666666666667,0.6177634134446028,0.6355951109528896,0.9695121951219512,0.9936238915569836,0.30414065553962966,0.35802878060409404,ISOT->McIntire
4,tfidf_lr,R_T,0,0,0,0,T,ISOT,WELFake_residual,cross,2994,1588,0.6535353535353535,0.5680100755667506,0.6275857633893005,0.6353269800582455,0.9695121951219512,0.9936238915569836,0.31597684158659767,0.3582969114987381,ISOT->WELFake_residual
4,tfidf_lr,R_T,0,0,0,0,T,McIntire,ISOT,cross,2988,1588,0.65,0.6297229219143576,0.699418871385389,0.7047884321326828,0.9148191365227538,0.9740505025068108,0.2648191365227538,0.26926207037412797,McIntire->ISOT
4,tfidf_lr,R_T,0,0,0,0,T,McIntire,WELFake_residual,cross,2988,1588,0.8083470620538166,0.7802267002518891,0.920475169957884,0.909787829375226,0.9148191365227538,0.9740505025068108,0.10647207446893725,0.06426267313158485,McIntire->WELFake_residual
4,tfidf_lr,R_T,0,0,0,0,T,WELFake_residual,ISOT,cross,2992,1588,0.7278645833333334,0.7367758186397985,0.8013589843439596,0.8165951817472352,0.9298969072164948,0.9832360799226344,0.2020323238831614,0.16664089817539918,WELFake_residual->ISOT
4,tfidf_lr,R_T,0,0,0,0,T,WELFake_residual,McIntire,cross,2992,1590,0.8341998844598498,0.819496855345912,0.9219355622837736,0.9203939717574464,0.9298969072164948,0.9832360799226344,0.09569702275664493,0.06284210816518798,WELFake_residual->McIntire
0,tfidf_lr,S_W,W,0,0,0,,ISOT,McIntire,cross,2990,1590,0.6539618856569709,0.5660377358490566,0.601782916314959,0.6199675645741861,0.9615384615384616,0.9908420590530698,0.3075765758814907,0.37087449447888365,ISOT->McIntire
0,tfidf_lr,S_W,W,0,0,0,,ISOT,WELFake_residual,cross,2990,1588,0.6485097636176773,0.5692695214105793,0.6039687178968209,0.6214730757761295,0.9615384615384616,0.9908420590530698,0.31302869792078425,0.36936898327694023,ISOT->WELFake_residual
0,tfidf_lr,S_W,W,0,0,0,,McIntire,ISOT,cross,2988,1588,0.6923076923076923,0.6775818639798489,0.75871246359453,0.7508359294202742,0.9155446756425948,0.972916835094309,0.2232369833349025,0.22208090567403482,McIntire->ISOT
0,tfidf_lr,S_W,W,0,0,0,,McIntire,WELFake_residual,cross,2988,1588,0.8,0.767632241813602,0.9150803903228774,0.904106047243495,0.9155446756425948,0.972916835094309,0.11554467564259474,0.06881078785081407,McIntire->WELFake_residual
0,tfidf_lr,S_W,W,0,0,0,,WELFake_residual,ISOT,cross,2988,1588,0.7095890410958904,0.7329974811083123,0.8012635807196222,0.8113464332620599,0.9376915219611848,0.9848260092773198,0.2281024808652944,0.17347957601525987,WELFake_residual->ISOT
0,tfidf_lr,S_W,W,0,0,0,,WELFake_residual,McIntire,cross,2988,1590,0.8466111771700356,0.8377358490566038,0.9235128581489452,0.9242688184802816,0.9376915219611848,0.9848260092773198,0.09108034479114913,0.06055719079703814,WELFake_residual->McIntire
0,tfidf_lr,S_B,B,0,0,0,,ISOT,McIntire,cross,2990,1590,0.6708015267175572,0.5660377358490566,0.6167510189121767,0.6344432577825244,0.963855421686747,0.990935548907388,0.29305389496918977,0.3564922911248636,ISOT->McIntire
0,tfidf_lr,S_B,B,0,0,0,,ISOT,WELFake_residual,cross,2990,1588,0.6575342465753424,0.5591939546599496,0.6012832327686133,0.6049765559073403,0.963855421686747,0.990935548907388,0.30632117511140455,0.38595899300004766,ISOT->WELFake_residual
0,tfidf_lr,S_B,B,0,0,0,,McIntire,ISOT,cross,2988,1588,0.646477132262052,0.6397984886649875,0.7142817200479022,0.7100149737641885,0.9119804400977995,0.968855915075155,0.2655033078357476,0.25884094131096647,McIntire->ISOT
0,tfidf_lr,S_B,B,0,0,0,,McIntire,WELFake_residual,cross,2988,1588,0.7956284153005464,0.7644836272040302,0.910622900952632,0.8997455729051005,0.9119804400977995,0.968855915075155,0.11635202479725315,0.06911034217005452,McIntire->WELFake_residual
0,tfidf_lr,S_B,B,0,0,0,,WELFake_residual,ISOT,cross,2988,1588,0.6901128069011281,0.7059193954659949,0.7770028376338073,0.7832246254972749,0.9089068825910932,0.9752577488567262,0.21879407568996512,0.19203312335945133,WELFake_residual->ISOT
0,tfidf_lr,S_B,B,0,0,0,,WELFake_residual,McIntire,cross,2988,1590,0.8285880302149913,0.8144654088050315,0.9067849637215982,0.9116300779241328,0.9089068825910932,0.9752577488567262,0.08031885237610192,0.06362767093259347,WELFake_residual->McIntire
0,tfidf_lr,R_W,0,0,0,0,W,ISOT,McIntire,cross,2990,1590,0.6521739130434783,0.5572327044025157,0.5896536843952476,0.6083809975871207,0.9716024340770792,0.9933866090010406,0.319428521033601,0.38500561141391987,ISOT->McIntire
0,tfidf_lr,R_W,0,0,0,0,W,ISOT,WELFake_residual,cross,2990,1588,0.6431806743834927,0.5535264483627204,0.6077184848159112,0.6172220495022492,0.9716024340770792,0.9933866090010406,0.32842175969358656,0.37616455949879135,ISOT->WELFake_residual
0,tfidf_lr,R_W,0,0,0,0,W,McIntire,ISOT,cross,2988,1588,0.6904474002418379,0.6775818639798489,0.7339269146380769,0.7465817307387269,0.9298892988929888,0.9818160334823788,0.23944189865115084,0.23523430274365187,McIntire->ISOT
0,tfidf_lr,R_W,0,0,0,0,W,McIntire,WELFake_residual,cross,2988,1588,0.8169790518191842,0.7909319899244333,0.9266161935939417,0.915994644975858,0.9298892988929888,0.9818160334823788,0.11291024707380459,0.06582138850652075,McIntire->WELFake_residual
0,tfidf_lr,R_W,0,0,0,0,W,WELFake_residual,ISOT,cross,2988,1588,0.7372986369268897,0.7329974811083123,0.7762371160831909,0.7937348120982939,0.9412955465587044,0.9869363536527398,0.20399690963181472,0.1932015415544459,WELFake_residual->ISOT
0,tfidf_lr,R_W,0,0,0,0,W,WELFake_residual,McIntire,cross,2988,1590,0.8383720930232558,0.8251572327044026,0.9236426684714086,0.9225204699181204,0.9412955465587044,0.9869363536527398,0.10292345353544863,0.06441588373461937,WELFake_residual->McIntire
0,tfidf_lr,R_B,0,0,0,0,B,ISOT,McIntire,cross,2990,1590,0.6450662739322534,0.5452830188679245,0.6001125986740039,0.6159803805229224,0.9767911200807264,0.994614171436004,0.3317248461484731,0.3786337909130816,ISOT->McIntire
0,tfidf_lr,R_B,0,0,0,0,B,ISOT,WELFake_residual,cross,2990,1588,0.6504065040650406,0.5667506297229219,0.6030528294276314,0.6234986580715568,0.9767911200807264,0.994614171436004,0.3263846160156858,0.37111551336444715,ISOT->WELFake_residual
0,tfidf_lr,R_B,0,0,0,0,B,McIntire,ISOT,cross,2988,1588,0.6782713085234093,0.6624685138539043,0.7299447060221951,0.7321330000190345,0.9213759213759214,0.9740362311179656,0.24310461285251206,0.24190323109893108,McIntire->ISOT
0,tfidf_lr,R_B,0,0,0,0,B,McIntire,WELFake_residual,cross,2988,1588,0.8140814081408141,0.7871536523929471,0.9145828782412136,0.9073133513949077,0.9213759213759214,0.9740362311179656,0.1072945132351073,0.0667228797230579,McIntire->WELFake_residual
0,tfidf_lr,R_B,0,0,0,0,B,WELFake_residual,ISOT,cross,2988,1588,0.726797385620915,0.7367758186397985,0.8098092685205286,0.8212633796293358,0.94129763130793,0.988272222131161,0.21450024568701498,0.16700884250182513,WELFake_residual->ISOT
0,tfidf_lr,R_B,0,0,0,0,B,WELFake_residual,McIntire,cross,2988,1590,0.8372365339578455,0.8251572327044026,0.920321760375238,0.9224461057711324,0.94129763130793,0.988272222131161,0.10406109735008451,0.06582611636002855,WELFake_residual->McIntire
1,tfidf_lr,S_W,W,0,0,0,,ISOT,McIntire,cross,2988,1590,0.6626201315123925,0.580503144654088,0.6066231423253691,0.6315224872433843,0.97165991902834,0.9955084222164412,0.3090397875159475,0.36398593497305687,ISOT->McIntire
1,tfidf_lr,S_W,W,0,0,0,,ISOT,WELFake_residual,cross,2988,1588,0.6594761171032357,0.5824937027707808,0.6018925701500565,0.6321276069260005,0.97165991902834,0.9955084222164412,0.3121838019251043,0.36338081529044075,ISOT->WELFake_residual
1,tfidf_lr,S_W,W,0,0,0,,McIntire,ISOT,cross,2990,1588,0.6633540372670808,0.6586901763224181,0.7482922305652004,0.7479268315895665,0.8934131736526946,0.9618522281898678,0.23005913638561382,0.2139253966003013,McIntire->ISOT
1,tfidf_lr,S_W,W,0,0,0,,McIntire,WELFake_residual,cross,2990,1588,0.8088888888888889,0.783375314861461,0.9220257662430632,0.9128999612966264,0.8934131736526946,0.9618522281898678,0.08452428476380569,0.04895226689324139,McIntire->WELFake_residual
1,tfidf_lr,S_W,W,0,0,0,,WELFake_residual,ISOT,cross,2992,1588,0.6872005475701575,0.7122166246851386,0.7914688102526478,0.80937795430464,0.9155645981688708,0.9789531680440772,0.22836405059871334,0.16957521373943718,WELFake_residual->ISOT
1,tfidf_lr,S_W,W,0,0,0,,WELFake_residual,McIntire,cross,2992,1590,0.8434163701067615,0.8339622641509434,0.9228643252035656,0.922333768442704,0.9155645981688708,0.9789531680440772,0.0721482280621093,0.05661939960137319,WELFake_residual->McIntire
1,tfidf_lr,S_B,B,0,0,0,,ISOT,McIntire,cross,2988,1590,0.6637848222862632,0.559748427672956,0.6186112157341459,0.6379684347929274,0.974721941354904,0.9960693613423516,0.31093711906864074,0.35810092654942416,ISOT->McIntire
1,tfidf_lr,S_B,B,0,0,0,,ISOT,WELFake_residual,cross,2988,1588,0.6554121151936445,0.5629722921914357,0.6126903660675742,0.6254750680481445,0.974721941354904,0.9960693613423516,0.31930982616125947,0.3705942932942071,ISOT->WELFake_residual
1,tfidf_lr,S_B,B,0,0,0,,McIntire,ISOT,cross,2990,1588,0.640788662969809,0.6328715365239295,0.6900677407457494,0.6904491494775045,0.8859857482185273,0.9573813325591524,0.2451970852487183,0.2669321830816479,McIntire->ISOT
1,tfidf_lr,S_B,B,0,0,0,,McIntire,WELFake_residual,cross,2990,1588,0.8052950910093767,0.7777078085642317,0.9096225916747744,0.8993077806470444,0.8859857482185273,0.9573813325591524,0.08069065720915058,0.058073551912107946,McIntire->WELFake_residual
1,tfidf_lr,S_B,B,0,0,0,,WELFake_residual,ISOT,cross,2992,1588,0.6730901582931865,0.7008816120906801,0.7620708862786774,0.7711314074703857,0.9051987767584098,0.9753861850831548,0.23210861846522324,0.2042547776127691,WELFake_residual->ISOT
1,tfidf_lr,S_B,B,0,0,0,,WELFake_residual,McIntire,cross,2992,1590,0.8410557184750733,0.829559748427673,0.9173632572131732,0.9201993592025632,0.9051987767584098,0.9753861850831548,0.06414305828333644,0.05518682588059154,WELFake_residual->McIntire
1,tfidf_lr,R_W,0,0,0,0,W,ISOT,McIntire,cross,2988,1590,0.6611328125,0.5635220125786163,0.5980957614281517,0.621206439618686,0.97079556898288,0.9953946084807492,0.30966275648288,0.3741881688620632,ISOT->McIntire
1,tfidf_lr,R_W,0,0,0,0,W,ISOT,WELFake_residual,cross,2988,1588,0.6580645161290323,0.5661209068010076,0.6060474541720411,0.6218252130271749,0.97079556898288,0.9953946084807492,0.3127310528538477,0.37356939545357437,ISOT->WELFake_residual
1,tfidf_lr,R_W,0,0,0,0,W,McIntire,ISOT,cross,2990,1588,0.6732186732186732,0.6649874055415617,0.7486324641538561,0.7408793279571597,0.8990384615384616,0.9663695746842792,0.22581978831978833,0.22549024672711948,McIntire->ISOT
1,tfidf_lr,R_W,0,0,0,0,W,McIntire,WELFake_residual,cross,2990,1588,0.8092868988391376,0.7827455919395466,0.9142479208948984,0.9064726633631328,0.8990384615384616,0.9663695746842792,0.08975156269932394,0.059896911321146384,McIntire->WELFake_residual
1,tfidf_lr,R_W,0,0,0,0,W,WELFake_residual,ISOT,cross,2992,1588,0.69921875,0.7090680100755667,0.7889952221034964,0.7946056380029058,0.9310344827586208,0.9826752372206916,0.23181573275862077,0.18806959921778577,WELFake_residual->ISOT
1,tfidf_lr,R_W,0,0,0,0,W,WELFake_residual,McIntire,cross,2992,1590,0.8319719953325554,0.8188679245283019,0.9229743180974472,0.9166409556583994,0.9310344827586208,0.9826752372206916,0.09906248742606538,0.06603428156229219,WELFake_residual->McIntire
1,tfidf_lr,R_B,0,0,0,0,B,ISOT,McIntire,cross,2988,1590,0.6601371204701273,0.5635220125786163,0.6106973739917512,0.6268027372334954,0.9737903225806452,0.995512486992716,0.31365320211051795,0.36870974975922055,ISOT->McIntire
1,tfidf_lr,R_B,0,0,0,0,B,ISOT,WELFake_residual,cross,2988,1588,0.6622313203684749,0.5843828715365239,0.6231507443572681,0.6458974424049388,0.9737903225806452,0.995512486992716,0.31155900221217037,0.34961504458777715,ISOT->WELFake_residual
1,tfidf_lr,R_B,0,0,0,0,B,McIntire,ISOT,cross,2990,1588,0.6936771025168815,0.6857682619647355,0.7654032302777078,0.7610859785925931,0.901913875598086,0.9675308462766729,0.20823677308120447,0.20644486768407977,McIntire->ISOT
1,tfidf_lr,R_B,0,0,0,0,B,McIntire,WELFake_residual,cross,2990,1588,0.8200330214639515,0.7940806045340051,0.9307615739825764,0.9248250417171608,0.901913875598086,0.9675308462766729,0.08188085413413448,0.042705804559512006,McIntire->WELFake_residual
1,tfidf_lr,R_B,0,0,0,0,B,WELFake_residual,ISOT,cross,2992,1588,0.7252459016393442,0.7361460957178841,0.8110206116363079,0.8199960027663395,0.9141104294478528,0.9823691460055096,0.1888645278085086,0.16237314323917007,WELFake_residual->ISOT
1,tfidf_lr,R_B,0,0,0,0,B,WELFake_residual,McIntire,cross,2992,1590,0.8436781609195402,0.8289308176100629,0.9214585751029116,0.92313278746885,0.9141104294478528,0.9823691460055096,0.07043226852831264,0.05923635853665965,WELFake_residual->McIntire
2,tfidf_lr,S_W,W,0,0,0,,ISOT,McIntire,cross,2992,1590,0.658102766798419,0.5647798742138365,0.6044155953413196,0.6129520193030339,0.9714867617107944,0.9961563048074872,0.31338399491237545,0.3832042855044533,ISOT->McIntire
2,tfidf_lr,S_W,W,0,0,0,,ISOT,WELFake_residual,cross,2992,1588,0.6393782383419689,0.5617128463476071,0.6066518606646749,0.6147142612414265,0.9714867617107944,0.9961563048074872,0.33210852336882546,0.3814420435660607,ISOT->WELFake_residual
2,tfidf_lr,S_W,W,0,0,0,,McIntire,ISOT,cross,2988,1588,0.6727053140096618,0.6586901763224181,0.7302880514206007,0.7331148601919941,0.9108669108669109,0.9706523870208804,0.23816159685724902,0.2375375268288863,McIntire->ISOT
2,tfidf_lr,S_W,W,0,0,0,,McIntire,WELFake_residual,cross,2988,1588,0.8067318132464713,0.7758186397984886,0.9275490054078224,0.9171240221053366,0.9108669108669109,0.9706523870208804,0.1041350976204396,0.0535283649155438,McIntire->WELFake_residual
2,tfidf_lr,S_W,W,0,0,0,,WELFake_residual,ISOT,cross,2988,1588,0.7091906721536351,0.7329974811083123,0.8227089584505027,0.8232889619247632,0.9291497975708504,0.9831951023619466,0.2199591254172153,0.15990614043718343,WELFake_residual->ISOT
2,tfidf_lr,S_W,W,0,0,0,,WELFake_residual,McIntire,cross,2988,1590,0.8461991750147319,0.8358490566037736,0.9159860274832028,0.9183434199596536,0.9291497975708504,0.9831951023619466,0.08295062255611851,0.064851682402293,WELFake_residual->McIntire
2,tfidf_lr,S_B,B,0,0,0,,ISOT,McIntire,cross,2992,1590,0.6586538461538461,0.5534591194968553,0.5737582608963236,0.5889118310193426,0.9695121951219512,0.9951318657902932,0.31085834896810505,0.4062200347709506,ISOT->McIntire
2,tfidf_lr,S_B,B,0,0,0,,ISOT,WELFake_residual,cross,2992,1588,0.6607929515418502,0.5636020151133502,0.5994501022826583,0.6193903901426949,0.9695121951219512,0.9951318657902932,0.30871924358010094,0.3757414756475983,ISOT->WELFake_residual
2,tfidf_lr,S_B,B,0,0,0,,McIntire,ISOT,cross,2988,1588,0.6578782172002511,0.656801007556675,0.7228909377176304,0.720074678476483,0.9122373300370828,0.9679810802862464,0.25435911283683177,0.24790640180976342,McIntire->ISOT
2,tfidf_lr,S_B,B,0,0,0,,McIntire,WELFake_residual,cross,2988,1588,0.809368191721133,0.7795969773299748,0.9271140880976182,0.9158138177388346,0.9122373300370828,0.9679810802862464,0.1028691383159499,0.052167262547411775,McIntire->WELFake_residual
2,tfidf_lr,S_B,B,0,0,0,,WELFake_residual,ISOT,cross,2988,1588,0.7004608294930875,0.7134760705289672,0.7700160180392905,0.7862859988960021,0.9315628192032688,0.9830270943631269,0.23110198971018125,0.1967410954671247,WELFake_residual->ISOT
2,tfidf_lr,S_B,B,0,0,0,,WELFake_residual,McIntire,cross,2988,1590,0.8294663573085846,0.8150943396226416,0.9021386413910384,0.9065654048494918,0.9315628192032688,0.9830270943631269,0.10209646189468413,0.07646168951363508,WELFake_residual->McIntire
2,tfidf_lr,R_W,0,0,0,0,W,ISOT,McIntire,cross,2992,1590,0.6628131021194605,0.559748427672956,0.5934860354173007,0.6087607294015268,0.9755102040816328,0.9964923208051272,0.31269710196217226,0.38773159140360036,ISOT->McIntire
2,tfidf_lr,R_W,0,0,0,0,W,ISOT,WELFake_residual,cross,2992,1588,0.6486756621689156,0.5573047858942065,0.5827547993164113,0.605368348254224,0.9755102040816328,0.9964923208051272,0.3268345419127172,0.39112397255090314,ISOT->WELFake_residual
2,tfidf_lr,R_W,0,0,0,0,W,McIntire,ISOT,cross,2988,1588,0.686060606060606,0.6738035264483627,0.7523264392474498,0.7488753814820219,0.91871921182266,0.9716755710224488,0.232658605762054,0.2228001895404269,McIntire->ISOT
2,tfidf_lr,R_W,0,0,0,0,W,McIntire,WELFake_residual,cross,2988,1588,0.8111964873765093,0.783375314861461,0.9199718841071208,0.9110456890152212,0.91871921182266,0.9716755710224488,0.10752272444615074,0.06062988200722763,McIntire->WELFake_residual
2,tfidf_lr,R_W,0,0,0,0,W,WELFake_residual,ISOT,cross,2988,1588,0.7234848484848485,0.7241813602015114,0.7927977156630144,0.798058803748517,0.9333333333333332,0.9854201839072924,0.20984848484848473,0.18736138015877535,WELFake_residual->ISOT
2,tfidf_lr,R_W,0,0,0,0,W,WELFake_residual,McIntire,cross,2988,1590,0.8351648351648352,0.8207547169811321,0.913227527561042,0.9124939678019064,0.9333333333333332,0.9854201839072924,0.09816849816849804,0.07292621610538597,WELFake_residual->McIntire
2,tfidf_lr,R_B,0,0,0,0,B,ISOT,McIntire,cross,2992,1590,0.6579330422125182,0.5566037735849056,0.5921377071074028,0.6106941972232112,0.9745676500508648,0.9963120195381008,0.3166346078383465,0.3856178223148896,ISOT->McIntire
2,tfidf_lr,R_B,0,0,0,0,B,ISOT,WELFake_residual,cross,2992,1588,0.6490066225165563,0.5661209068010076,0.6039592632910842,0.6182467371787144,0.9745676500508648,0.9963120195381008,0.3255610275343085,0.3780652823593864,ISOT->WELFake_residual
2,tfidf_lr,R_B,0,0,0,0,B,McIntire,ISOT,cross,2988,1588,0.6625691456668715,0.6542821158690176,0.7312591327212521,0.7301851417114505,0.9179926560587516,0.9710506322909518,0.25542351039188005,0.24086549057950124,McIntire->ISOT
2,tfidf_lr,R_B,0,0,0,0,B,McIntire,WELFake_residual,cross,2988,1588,0.7908745247148289,0.7575566750629723,0.9124825603283708,0.8994759182533993,0.9179926560587516,0.9710506322909518,0.1271181313439227,0.07157471403755244,McIntire->WELFake_residual
2,tfidf_lr,R_B,0,0,0,0,B,WELFake_residual,ISOT,cross,2988,1588,0.7131474103585658,0.7279596977329975,0.7906879733574984,0.7978811489191607,0.9383983572895276,0.9873953023324428,0.22525094693096182,0.18951415341328204,WELFake_residual->ISOT
2,tfidf_lr,R_B,0,0,0,0,B,WELFake_residual,McIntire,cross,2988,1590,0.8307866440294284,0.8119496855345912,0.9200705612783366,0.9177437601360708,0.9383983572895276,0.9873953023324428,0.10761171326009922,0.06965154219637193,WELFake_residual->McIntire
3,tfidf_lr,S_W,W,0,0,0,,ISOT,McIntire,cross,2990,1590,0.6633416458852868,0.5754716981132075,0.61351704205117,0.6347707764724497,0.9725330620549338,0.9967472706866648,0.30919141616964707,0.36197649421421507,ISOT->McIntire
3,tfidf_lr,S_W,W,0,0,0,,ISOT,WELFake_residual,cross,2990,1588,0.6446365022877478,0.559823677581864,0.602486423366914,0.6148332265289419,0.9725330620549338,0.9967472706866648,0.327896559767186,0.3819140441577229,ISOT->WELFake_residual
3,tfidf_lr,S_W,W,0,0,0,,McIntire,ISOT,cross,2992,1588,0.6800250469630558,0.6782115869017632,0.7423278062766392,0.7387649182470545,0.9088699878493316,0.9657166659623662,0.22884494088627583,0.22695174771531168,McIntire->ISOT
3,tfidf_lr,S_W,W,0,0,0,,McIntire,WELFake_residual,cross,2992,1588,0.8017429193899782,0.7707808564231738,0.91867886326227,0.9089709344009542,0.9088699878493316,0.9657166659623662,0.10712706845935338,0.05674573156141194,McIntire->WELFake_residual
3,tfidf_lr,S_W,W,0,0,0,,WELFake_residual,ISOT,cross,2994,1588,0.7068273092369478,0.7241813602015114,0.7938258688534057,0.8097681604476902,0.9315628192032688,0.9859683922996876,0.22473550996632097,0.1762002318519974,WELFake_residual->ISOT
3,tfidf_lr,S_W,W,0,0,0,,WELFake_residual,McIntire,cross,2994,1590,0.8434163701067615,0.8339622641509434,0.9269067941100468,0.9250266998932004,0.9315628192032688,0.9859683922996876,0.08814644909650726,0.06094169240648717,WELFake_residual->McIntire
3,tfidf_lr,S_B,B,0,0,0,,ISOT,McIntire,cross,2990,1590,0.660541586073501,0.5584905660377358,0.6097438195233964,0.6320730983742731,0.9735234215885948,0.9971145801448832,0.31298183551509384,0.36504148177061013,ISOT->McIntire
3,tfidf_lr,S_B,B,0,0,0,,ISOT,WELFake_residual,cross,2990,1588,0.6546003016591252,0.5673803526448362,0.6184049292657219,0.6326066404837287,0.9735234215885948,0.9971145801448832,0.31892311992946965,0.36450793966115447,ISOT->WELFake_residual
3,tfidf_lr,S_B,B,0,0,0,,McIntire,ISOT,cross,2992,1588,0.6427703523693803,0.6297229219143576,0.7139832102868066,0.7085969075370062,0.9115151515151516,0.9681615946972212,0.2687447991457713,0.25956468716021497,McIntire->ISOT
3,tfidf_lr,S_B,B,0,0,0,,McIntire,WELFake_residual,cross,2992,1588,0.7995735607675906,0.7632241813602015,0.9191298721718074,0.9097878293752262,0.9115151515151516,0.9681615946972212,0.11194159074756105,0.05837376532199501,McIntire->WELFake_residual
3,tfidf_lr,S_B,B,0,0,0,,WELFake_residual,ISOT,cross,2994,1588,0.6950642325895876,0.7159949622166247,0.7757122959177214,0.791491919877672,0.9277721261444556,0.9839847814776276,0.23270789355486798,0.1924928615999556,WELFake_residual->ISOT
3,tfidf_lr,S_B,B,0,0,0,,WELFake_residual,McIntire,cross,2994,1590,0.8383371824480369,0.8238993710691824,0.9206738818142236,0.9254396582413668,0.9277721261444556,0.9839847814776276,0.08943494369641869,0.05854512323626082,WELFake_residual->McIntire
3,tfidf_lr,R_W,0,0,0,0,W,ISOT,McIntire,cross,2990,1590,0.6603110888108379,0.5742138364779874,0.6191598606737597,0.6399905067046397,0.973469387755102,0.9968084889297012,0.31315829894426406,0.35681798222506145,ISOT->McIntire
3,tfidf_lr,R_W,0,0,0,0,W,ISOT,WELFake_residual,cross,2990,1588,0.6409227683049148,0.5491183879093199,0.587135153232091,0.5984715339860034,0.973469387755102,0.9968084889297012,0.33254661945018715,0.3983369549436978,ISOT->WELFake_residual
3,tfidf_lr,R_W,0,0,0,0,W,McIntire,ISOT,cross,2992,1588,0.6614645858343338,0.6448362720403022,0.7087037240795756,0.7087967692200319,0.9213759213759214,0.9723089182548642,0.25991133554158763,0.26351214903483233,McIntire->ISOT
3,tfidf_lr,R_W,0,0,0,0,W,McIntire,WELFake_residual,cross,2992,1588,0.8127402526084568,0.785264483627204,0.9168620348837792,0.90870445215692,0.9213759213759214,0.9723089182548642,0.10863566876746455,0.06360446609794423,McIntire->WELFake_residual
3,tfidf_lr,R_W,0,0,0,0,W,WELFake_residual,ISOT,cross,2994,1588,0.7399741267787839,0.7468513853904282,0.8312296939912214,0.8272116440051012,0.9441624365482234,0.9901754357440168,0.20418830976943947,0.16296379173891562,WELFake_residual->ISOT
3,tfidf_lr,R_W,0,0,0,0,W,WELFake_residual,McIntire,cross,2994,1590,0.8426512968299712,0.8283018867924529,0.9238400271644268,0.9213860211225822,0.9441624365482234,0.9901754357440168,0.10151113971825221,0.06878941462143462,WELFake_residual->McIntire
3,tfidf_lr,R_B,0,0,0,0,B,ISOT,McIntire,cross,2990,1590,0.6549364613880743,0.5559748427672956,0.5836963228638177,0.6031802539456508,0.9775967413441956,0.9984205693296602,0.32266027995612134,0.3952403153840094,ISOT->McIntire
3,tfidf_lr,R_B,0,0,0,0,B,ISOT,WELFake_residual,cross,2990,1588,0.6433637284701115,0.5566750629722922,0.6094375286445123,0.6159499140277522,0.9775967413441956,0.9984205693296602,0.33423301287408413,0.38247065530190794,ISOT->WELFake_residual
3,tfidf_lr,R_B,0,0,0,0,B,McIntire,ISOT,cross,2992,1588,0.6793611793611793,0.6712846347607053,0.7419663115781641,0.7409221554606653,0.9165659008464327,0.973311037193101,0.2372047214852534,0.23238888173243566,McIntire->ISOT
3,tfidf_lr,R_B,0,0,0,0,B,McIntire,WELFake_residual,cross,2992,1588,0.8116740088105727,0.7846347607052897,0.924546284102379,0.9138500973929156,0.9165659008464327,0.973311037193101,0.10489189203586002,0.05946093980018541,McIntire->WELFake_residual
3,tfidf_lr,R_B,0,0,0,0,B,WELFake_residual,ISOT,cross,2994,1588,0.7145708582834331,0.7298488664987406,0.7951511968288925,0.8111989163055409,0.9359104781281792,0.9893502861602496,0.22133961984474604,0.1781513698547087,WELFake_residual->ISOT
3,tfidf_lr,R_B,0,0,0,0,B,WELFake_residual,McIntire,cross,2994,1590,0.853195164075993,0.839622641509434,0.9326862691493925,0.9358759542739606,0.9359104781281792,0.9893502861602496,0.08271531405218613,0.05347433188628892,WELFake_residual->McIntire
4,tfidf_lr,S_W,W,0,0,0,,ISOT,McIntire,cross,2994,1590,0.6660009985022466,0.5792452830188679,0.5951876270301194,0.6207839879751591,0.9572301425661914,0.9900383549968036,0.29122914406394484,0.3692543670216445,ISOT->McIntire
4,tfidf_lr,S_W,W,0,0,0,,ISOT,WELFake_residual,cross,2994,1588,0.6490683229813664,0.5730478589420654,0.6129609647036747,0.6334774663883407,0.9572301425661914,0.9900383549968036,0.308161819584825,0.3565608886084629,ISOT->WELFake_residual
4,tfidf_lr,S_W,W,0,0,0,,McIntire,ISOT,cross,2988,1588,0.6650514839491217,0.6517632241813602,0.7257779586633216,0.7304421067324837,0.9305555555555556,0.979762368077654,0.26550407160643386,0.24932026134517038,McIntire->ISOT
4,tfidf_lr,S_W,W,0,0,0,,McIntire,WELFake_residual,cross,2988,1588,0.8100436681222707,0.7808564231738035,0.9258584821740647,0.9129063061119608,0.9305555555555556,0.979762368077654,0.12051188743328489,0.06685606196569327,McIntire->WELFake_residual
4,tfidf_lr,S_W,W,0,0,0,,WELFake_residual,ISOT,cross,2992,1588,0.7293183322303111,0.7424433249370277,0.8118246250182981,0.8221310331262809,0.9219858156028368,0.9805971250143422,0.1926674833725257,0.15846609188806127,WELFake_residual->ISOT
4,tfidf_lr,S_W,W,0,0,0,,WELFake_residual,McIntire,cross,2992,1590,0.8181818181818182,0.8012578616352202,0.902982372402727,0.9009849293936156,0.9219858156028368,0.9805971250143422,0.10380399742101853,0.07961219562072652,WELFake_residual->McIntire
4,tfidf_lr,S_B,B,0,0,0,,ISOT,McIntire,cross,2994,1590,0.6679574056147144,0.5685534591194968,0.6017740945952789,0.6267252086547209,0.9666329625884732,0.9940623514563424,0.2986755569737588,0.36733714280162144,ISOT->McIntire
4,tfidf_lr,S_B,B,0,0,0,,ISOT,WELFake_residual,cross,2994,1588,0.6600790513833992,0.5667506297229219,0.6024297975096011,0.6260143773515472,0.9666329625884732,0.9940623514563424,0.306553911205074,0.3680479741047952,ISOT->WELFake_residual
4,tfidf_lr,S_B,B,0,0,0,,McIntire,ISOT,cross,2988,1588,0.6518072289156627,0.6360201511335013,0.680202930912776,0.6839044724603289,0.9126436781609196,0.974622833726334,0.26083644924525695,0.29071836126600503,McIntire->ISOT
4,tfidf_lr,S_B,B,0,0,0,,McIntire,WELFake_residual,cross,2988,1588,0.7921440261865794,0.7600755667506297,0.9185269680870488,0.9058159749760484,0.9126436781609196,0.974622833726334,0.1204996519743402,0.06880685875028558,McIntire->WELFake_residual
4,tfidf_lr,S_B,B,0,0,0,,WELFake_residual,ISOT,cross,2992,1588,0.6928813559322033,0.714735516372796,0.7808201367920377,0.7919677810277332,0.9154639175257732,0.9809290432559132,0.22258256159356982,0.18896126222818,WELFake_residual->ISOT
4,tfidf_lr,S_B,B,0,0,0,,WELFake_residual,McIntire,cross,2992,1590,0.8352171326591314,0.8257861635220126,0.9237146184342616,0.9199699378980262,0.9154639175257732,0.9809290432559132,0.08024678486664172,0.06095910535788707,WELFake_residual->McIntire
4,tfidf_lr,R_W,0,0,0,0,W,ISOT,McIntire,cross,2994,1590,0.6592341250605914,0.5578616352201258,0.5861554764059801,0.6068430837387762,0.964824120603015,0.992603550295858,0.3055899955424236,0.38576046655708185,ISOT->McIntire
4,tfidf_lr,R_W,0,0,0,0,W,ISOT,WELFake_residual,cross,2994,1588,0.6596910812157449,0.5698992443324937,0.634489936095245,0.6475407495764836,0.964824120603015,0.992603550295858,0.3051330393872701,0.34506280071937445,ISOT->WELFake_residual
4,tfidf_lr,R_W,0,0,0,0,W,McIntire,ISOT,cross,2988,1588,0.660217654171705,0.646095717884131,0.7157466988696,0.7174764765971486,0.9269988412514484,0.980941370389872,0.2667811870797434,0.2634648937927233,McIntire->ISOT
4,tfidf_lr,R_W,0,0,0,0,W,McIntire,WELFake_residual,cross,2988,1588,0.8102788408966648,0.7814861460957179,0.922098420575502,0.9125272033957452,0.9269988412514484,0.980941370389872,0.11672000035478358,0.06841416699412672,McIntire->WELFake_residual
4,tfidf_lr,R_W,0,0,0,0,W,WELFake_residual,ISOT,cross,2992,1588,0.6977635782747604,0.7021410579345088,0.7533607667028647,0.7659730726037218,0.9249743062692704,0.9843096920126538,0.22721072799450992,0.218336619408932,WELFake_residual->ISOT
4,tfidf_lr,R_W,0,0,0,0,W,WELFake_residual,McIntire,cross,2992,1590,0.8436406067677946,0.8314465408805032,0.925372390542348,0.9229350104821804,0.9249743062692704,0.9843096920126538,0.08133369950147573,0.06137468153047343,WELFake_residual->McIntire
4,tfidf_lr,R_B,0,0,0,0,B,ISOT,McIntire,cross,2994,1590,0.6585484656600098,0.5591194968553459,0.6016842741513425,0.6146892923539417,0.9665653495440728,0.9933452441443066,0.308016883884063,0.37865595179036493,ISOT->McIntire
4,tfidf_lr,R_B,0,0,0,0,B,ISOT,WELFake_residual,cross,2994,1588,0.6433990895295902,0.5560453400503779,0.6031749894212668,0.6149886745046286,0.9665653495440728,0.9933452441443066,0.32316626001448256,0.378356569639678,ISOT->WELFake_residual
4,tfidf_lr,R_B,0,0,0,0,B,McIntire,ISOT,cross,2988,1588,0.6614457831325301,0.646095717884131,0.709478177593607,0.7158379280371046,0.9136939010356732,0.9750291888921956,0.25224811790314305,0.25919126085509103,McIntire->ISOT
4,tfidf_lr,R_B,0,0,0,0,B,McIntire,WELFake_residual,cross,2988,1588,0.8124318429661941,0.783375314861461,0.9238932913953048,0.9160850585943696,0.9136939010356732,0.9750291888921956,0.10126205806947908,0.05894413029782597,McIntire->WELFake_residual
4,tfidf_lr,R_B,0,0,0,0,B,WELFake_residual,ISOT,cross,2992,1588,0.7401574803149606,0.7506297229219143,0.7992584919205427,0.825782474351084,0.9274770173646578,0.9842482256716222,0.18731953704969717,0.1584657513205382,WELFake_residual->ISOT
4,tfidf_lr,R_B,0,0,0,0,B,WELFake_residual,McIntire,cross,2992,1590,0.8300578034682081,0.8150943396226416,0.9172630689779564,0.918107669791543,0.9274770173646578,0.9842482256716222,0.0974192138964497,0.06614055588007917,WELFake_residual->McIntire
5,tfidf_lr,C0,0,0,0,0,,ISOT,McIntire,cross,2992,1590,0.658753709198813,0.5660377358490566,0.6114958513977296,0.6282567936394922,0.9745676500508648,0.9942332415059688,0.3158139408520517,0.36597644786647665,ISOT->McIntire
5,tfidf_lr,C0,0,0,0,0,,ISOT,WELFake_residual,cross,2992,1588,0.652834008097166,0.5680100755667506,0.6334171176569718,0.6389657316523802,0.9745676500508648,0.9942332415059688,0.3217336419536988,0.35526750985358857,ISOT->WELFake_residual
5,tfidf_lr,C0,0,0,0,0,,McIntire,ISOT,cross,2990,1588,0.6691449814126395,0.663727959697733,0.7436705704207971,0.739088503829096,0.9130966952264382,0.9738132064247472,0.24395171381379877,0.23472470259565126,McIntire->ISOT
5,tfidf_lr,C0,0,0,0,0,,McIntire,WELFake_residual,cross,2990,1588,0.8151027207107163,0.7903022670025189,0.9274429362987542,0.9170256774676572,0.9130966952264382,0.9738132064247472,0.0979939745157219,0.05678752895709005,McIntire->WELFake_residual
5,tfidf_lr,C0,0,0,0,0,,WELFake_residual,ISOT,cross,2994,1588,0.7037037037037037,0.7178841309823678,0.8021982482643433,0.8101298149217367,0.9470468431771896,0.9858017364724244,0.24334313947348585,0.17567192155068767,WELFake_residual->ISOT
5,tfidf_lr,C0,0,0,0,0,,WELFake_residual,McIntire,cross,2994,1590,0.8377752027809965,0.8238993710691824,0.910993242799794,0.9157928879395594,0.9470468431771896,0.9858017364724244,0.10927164039619308,0.07000884853286504,WELFake_residual->McIntire
5,tfidf_lr,S,1,0,0,0,,ISOT,McIntire,cross,2992,1590,0.6610253857640617,0.5716981132075472,0.5963234968389162,0.6184739527708556,0.962588473205258,0.9913029282726252,0.3015630874411963,0.37282897550176963,ISOT->McIntire
5,tfidf_lr,S,1,0,0,0,,ISOT,WELFake_residual,cross,2992,1588,0.6619144602851323,0.5818639798488665,0.6362696348866328,0.6489223331154946,0.962588473205258,0.9913029282726252,0.30067401292012563,0.3423805951571306,ISOT->WELFake_residual
5,tfidf_lr,S,1,0,0,0,,McIntire,ISOT,cross,2990,1588,0.6282527881040892,0.6221662468513854,0.6785506072317752,0.6792457918012296,0.902676399026764,0.9706484235574062,0.27442361092267475,0.29140263175617664,McIntire->ISOT
5,tfidf_lr,S,1,0,0,0,,McIntire,WELFake_residual,cross,2990,1588,0.8050800662617339,0.7777078085642317,0.9199121396250936,0.9076591438306189,0.902676399026764,0.9706484235574062,0.0975963327650301,0.06298927972678736,McIntire->WELFake_residual
5,tfidf_lr,S,1,0,0,0,,WELFake_residual,ISOT,cross,2994,1588,0.6418338108882522,0.6851385390428212,0.7760123839173025,0.7932066062217259,0.9039433771486348,0.9678232310093652,0.2621095662603826,0.17461662478763929,WELFake_residual->ISOT
5,tfidf_lr,S,1,0,0,0,,WELFake_residual,McIntire,cross,2994,1590,0.8181283107710418,0.8056603773584906,0.9011516852879058,0.9051841303745896,0.9039433771486348,0.9678232310093652,0.08581506637759306,0.06263910063477562,WELFake_residual->McIntire
5,tfidf_lr,L,0,1,0,0,,ISOT,McIntire,cross,2992,1590,0.6805555555555556,0.5949685534591195,0.6570718378759086,0.6761172421976979,0.9716024340770792,0.992882358942965,0.29104687852152367,0.3167651167452671,ISOT->McIntire
5,tfidf_lr,L,0,1,0,0,,ISOT,WELFake_residual,cross,2992,1588,0.6862348178137652,0.6095717884130982,0.6855956762445965,0.6955297603563249,0.9716024340770792,0.992882358942965,0.2853676162633141,0.2973525985866401,ISOT->WELFake_residual
5,tfidf_lr,L,0,1,0,0,,McIntire,ISOT,cross,2990,1588,0.7031778228532792,0.7235516372795969,0.8171878408452673,0.8007886605460347,0.9334975369458128,0.9749613325401548,0.2303197140925336,0.17417267199412012,McIntire->ISOT
5,tfidf_lr,L,0,1,0,0,,McIntire,WELFake_residual,cross,2990,1588,0.7918454935622318,0.7556675062972292,0.9173397202648722,0.9103017594172922,0.9334975369458128,0.9749613325401548,0.14165204338358106,0.06465957312286263,McIntire->WELFake_residual
5,tfidf_lr,L,0,1,0,0,,WELFake_residual,ISOT,cross,2994,1588,0.755461592670895,0.7814861460957179,0.8713884386522781,0.8705927326485162,0.9476861167002012,0.9898665127471384,0.19222452402930623,0.11927378009862222,WELFake_residual->ISOT
5,tfidf_lr,L,0,1,0,0,,WELFake_residual,McIntire,cross,2994,1590,0.808695652173913,0.7786163522012579,0.901454199102877,0.8990562082196115,0.9476861167002012,0.9898665127471384,0.13899046452628816,0.09081030452752692,WELFake_residual->McIntire
5,tfidf_lr,E,0,0,1,0,,ISOT,McIntire,cross,2992,1590,0.6670055922724962,0.5880503144654088,0.6101265369518986,0.6393038250069223,0.9587628865979382,0.9932496684011836,0.29175729432544195,0.3539458433942613,ISOT->McIntire
5,tfidf_lr,E,0,0,1,0,,ISOT,WELFake_residual,cross,2992,1588,0.6467866323907455,0.5673803526448362,0.6261919588405838,0.6305810581883013,0.9587628865979382,0.9932496684011836,0.31197625420719266,0.3626686102128822,ISOT->WELFake_residual
5,tfidf_lr,E,0,0,1,0,,McIntire,ISOT,cross,2990,1588,0.7146433041301627,0.7128463476070529,0.7823543901125659,0.7832309703126091,0.9030674846625768,0.9682986317668054,0.18842418053241405,0.18506766145419629,McIntire->ISOT
5,tfidf_lr,E,0,0,1,0,,McIntire,WELFake_residual,cross,2990,1588,0.8197997775305895,0.7959697732997482,0.9106987963521892,0.9058413542373848,0.9030674846625768,0.9682986317668054,0.08326770713198728,0.06245727752942065,McIntire->WELFake_residual
5,tfidf_lr,E,0,0,1,0,,WELFake_residual,ISOT,cross,2994,1588,0.7531106745252129,0.7625944584382871,0.8293550291780778,0.8325761853701248,0.917004048582996,0.976233253121748,0.16389337405778315,0.14365706775162324,WELFake_residual->ISOT
5,tfidf_lr,E,0,0,1,0,,WELFake_residual,McIntire,cross,2994,1590,0.8514150943396226,0.8415094339622642,0.9142566700062156,0.915504924646968,0.917004048582996,0.976233253121748,0.06558895424337341,0.06072832847478005,WELFake_residual->McIntire
5,tfidf_lr,SL,1,1,0,0,,ISOT,McIntire,cross,2992,1590,0.6707070707070707,0.589937106918239,0.6732527866209874,0.6770808116767533,0.9634888438133874,0.991441689623508,0.2927817731063167,0.3143608779467547,ISOT->McIntire
5,tfidf_lr,SL,1,1,0,0,,ISOT,WELFake_residual,cross,2992,1588,0.6727089627391742,0.5906801007556675,0.658102904204954,0.6607554137136838,0.9634888438133874,0.991441689623508,0.29077988107421315,0.33068627590982413,ISOT->WELFake_residual
5,tfidf_lr,SL,1,1,0,0,,McIntire,ISOT,cross,2990,1588,0.7011732229123534,0.7273299748110831,0.8103990302749141,0.7951290852679733,0.918918918918919,0.972587745389649,0.21774569600656557,0.17745866012167566,McIntire->ISOT
5,tfidf_lr,SL,1,1,0,0,,McIntire,WELFake_residual,cross,2990,1588,0.7870967741935484,0.7506297229219143,0.8986291076600559,0.8914751061170364,0.918918918918919,0.972587745389649,0.13182214472537057,0.08111263927261259,McIntire->WELFake_residual
5,tfidf_lr,SL,1,1,0,0,,WELFake_residual,ISOT,cross,2994,1588,0.6864738076622361,0.7474811083123426,0.8804660420338803,0.8724612807644234,0.917004048582996,0.9788997463579604,0.2305302409207599,0.10643846559353698,WELFake_residual->ISOT
5,tfidf_lr,SL,1,1,0,0,,WELFake_residual,McIntire,cross,2994,1590,0.7979854504756575,0.7729559748427673,0.889137182267876,0.885972864997429,0.917004048582996,0.9788997463579604,0.1190185981073385,0.0929268813605314,WELFake_residual->McIntire
5,tfidf_lr,SE,1,0,1,0,,ISOT,McIntire,cross,2992,1590,0.6656731246895181,0.5767295597484277,0.5974341204701672,0.6227000514220165,0.963265306122449,0.9883318028772574,0.29759218143293087,0.36563175145524096,ISOT->McIntire
5,tfidf_lr,SE,1,0,1,0,,ISOT,WELFake_residual,cross,2992,1588,0.6700404858299596,0.5894206549118388,0.6192436002616071,0.6440986872577072,0.963265306122449,0.9883318028772574,0.2932248202924894,0.34423311561955017,ISOT->WELFake_residual
5,tfidf_lr,SE,1,0,1,0,,McIntire,ISOT,cross,2990,1588,0.6878172588832487,0.690176322418136,0.7463859193831633,0.7562972292191434,0.8948655256723717,0.9652111838191552,0.20704826678912291,0.20891395460001172,McIntire->ISOT
5,tfidf_lr,SE,1,0,1,0,,McIntire,WELFake_residual,cross,2990,1588,0.7977961432506887,0.7688916876574308,0.904167066664915,0.8960037180617857,0.8948655256723717,0.9652111838191552,0.09706938242168295,0.06920746575736947,McIntire->WELFake_residual
5,tfidf_lr,SE,1,0,1,0,,WELFake_residual,ISOT,cross,2994,1588,0.6957113682777399,0.7185138539042821,0.7927223065690409,0.8058867196670241,0.8813905930470347,0.9583929500520292,0.18567922476929477,0.1525062303850051,WELFake_residual->ISOT
5,tfidf_lr,SE,1,0,1,0,,WELFake_residual,McIntire,cross,2994,1590,0.8485958485958486,0.8440251572327044,0.9170586585303504,0.9203148609627784,0.8813905930470347,0.9583929500520292,0.03279474445118613,0.03807808908925081,WELFake_residual->McIntire
5,tfidf_lr,LE,0,1,1,0,,ISOT,McIntire,cross,2992,1590,0.6841278156102671,0.620754716981132,0.6826236842565142,0.693923499861556,0.9693877551020408,0.992111009080706,0.28525993949177364,0.29818750921915005,ISOT->McIntire
5,tfidf_lr,LE,0,1,1,0,,ISOT,WELFake_residual,cross,2992,1588,0.6788617886178862,0.6020151133501259,0.6748949532836956,0.6800959970560057,0.9693877551020408,0.992111009080706,0.29052596648415463,0.3120150120247004,ISOT->WELFake_residual
5,tfidf_lr,LE,0,1,1,0,,McIntire,ISOT,cross,2990,1588,0.7658402203856749,0.7858942065491183,0.8876755625193626,0.8703500434619851,0.9097560975609756,0.9695895300416418,0.14391587717530074,0.09923948657965675,McIntire->ISOT
5,tfidf_lr,LE,0,1,1,0,,McIntire,WELFake_residual,cross,2990,1588,0.8088397790055248,0.7821158690176322,0.9143448041882368,0.9048404596184229,0.9097560975609756,0.9695895300416418,0.1009163185554508,0.06474907042321898,McIntire->WELFake_residual
5,tfidf_lr,LE,0,1,1,0,,WELFake_residual,ISOT,cross,2994,1588,0.8059701492537313,0.8280856423173804,0.925258161080444,0.9142847172433044,0.92,0.9794932036940688,0.1140298507462687,0.06520848645076438,WELFake_residual->ISOT
5,tfidf_lr,LE,0,1,1,0,,WELFake_residual,McIntire,cross,2994,1590,0.8223116733755031,0.8056603773584906,0.9228377311912545,0.915732763735612,0.92,0.9794932036940688,0.09768832662449689,0.06376043995845682,WELFake_residual->McIntire
5,tfidf_lr,SLE,1,1,1,0,,ISOT,McIntire,cross,2992,1590,0.6766066838046273,0.6044025157232704,0.673733812882067,0.686184881927139,0.953061224489796,0.9887929803081318,0.2764545406851687,0.3026080983809928,ISOT->McIntire
5,tfidf_lr,SLE,1,1,1,0,,ISOT,WELFake_residual,cross,2992,1588,0.6811961479979727,0.603904282115869,0.6581074644020863,0.6704138088560931,0.953061224489796,0.9887929803081318,0.27186507649182334,0.31837917145203865,ISOT->WELFake_residual
5,tfidf_lr,SLE,1,1,1,0,,McIntire,ISOT,cross,2990,1588,0.7372822299651568,0.7625944584382871,0.8534450600649304,0.8463412622375626,0.905982905982906,0.9714039262343844,0.16870067601774918,0.12506266399682187,McIntire->ISOT
5,tfidf_lr,SLE,1,1,1,0,,McIntire,WELFake_residual,cross,2990,1588,0.7993384785005513,0.7707808564231738,0.8984364201061228,0.8924871041628335,0.905982905982906,0.9714039262343844,0.1066444274823547,0.07891682207155093,McIntire->WELFake_residual
5,tfidf_lr,SLE,1,1,1,0,,WELFake_residual,ISOT,cross,2994,1588,0.7376201034737621,0.7764483627204031,0.8875581089219079,0.8738206574497651,0.9204771371769384,0.9783997788761706,0.1828570337031763,0.10457912142640546,WELFake_residual->ISOT
5,tfidf_lr,SLE,1,1,1,0,,WELFake_residual,McIntire,cross,2994,1590,0.8099941894247531,0.7943396226415095,0.8930371729878972,0.8921767335152883,0.9204771371769384,0.9783997788761706,0.11048294775218526,0.08622304536088232,WELFake_residual->McIntire
5,tfidf_lr,R_S,0,0,0,0,S,ISOT,McIntire,cross,2992,1590,0.6666666666666666,0.5723270440251572,0.625594606284448,0.6378893239982596,0.9788092835519676,0.9966003469033772,0.312142616885301,0.3587110229051176,ISOT->McIntire
5,tfidf_lr,R_S,0,0,0,0,S,ISOT,WELFake_residual,cross,2992,1588,0.6536340852130326,0.5648614609571788,0.6330914453294321,0.6404044185293987,0.9788092835519676,0.9966003469033772,0.32517519833893505,0.3561959283739785,ISOT->WELFake_residual
5,tfidf_lr,R_S,0,0,0,0,S,McIntire,ISOT,cross,2990,1588,0.6650154798761609,0.6593198992443325,0.7190124678142157,0.722577708125805,0.9155446756425948,0.9789113622843544,0.25052919576643384,0.25633365415854936,McIntire->ISOT
5,tfidf_lr,R_S,0,0,0,0,S,McIntire,WELFake_residual,cross,2990,1588,0.8194130925507901,0.7984886649874056,0.9251726587440626,0.9162880926850624,0.9155446756425948,0.9789113622843544,0.0961315830918047,0.06262326959929199,McIntire->WELFake_residual
5,tfidf_lr,R_S,0,0,0,0,S,WELFake_residual,ISOT,cross,2994,1588,0.7138179436804192,0.7248110831234257,0.7937113985822363,0.7993975597840225,0.938196555217832,0.9870211693548387,0.2243786115374128,0.18762360957081625,WELFake_residual->ISOT
5,tfidf_lr,R_S,0,0,0,0,S,WELFake_residual,McIntire,cross,2994,1590,0.8396501457725948,0.8270440251572327,0.9297804322496416,0.9271389581108342,0.938196555217832,0.9870211693548387,0.09854640944523718,0.0598822112440045,WELFake_residual->McIntire
5,tfidf_lr,R_E,0,0,0,0,E,ISOT,McIntire,cross,2992,1590,0.6534653465346535,0.559748427672956,0.5916599861984986,0.6028527352557256,0.9724770642201837,0.994510764207734,0.31901171768553016,0.3916580289520084,ISOT->McIntire
5,tfidf_lr,R_E,0,0,0,0,E,ISOT,WELFake_residual,cross,2992,1588,0.6259067357512953,0.5453400503778337,0.5893817859312438,0.5972818811108503,0.9724770642201837,0.994510764207734,0.34657032846888836,0.39722888309688364,ISOT->WELFake_residual
5,tfidf_lr,R_E,0,0,0,0,E,McIntire,ISOT,cross,2990,1588,0.6637931034482759,0.6561712846347607,0.719287339407128,0.7215672962838415,0.9041769041769042,0.966888756692445,0.2403838007286283,0.24532146040860348,McIntire->ISOT
5,tfidf_lr,R_E,0,0,0,0,E,McIntire,WELFake_residual,cross,2990,1588,0.8041349292709467,0.7732997481108312,0.9173047114726464,0.907624247346281,0.9041769041769042,0.966888756692445,0.10004197490595756,0.05926450934616401,McIntire->WELFake_residual
5,tfidf_lr,R_E,0,0,0,0,E,WELFake_residual,ISOT,cross,2994,1588,0.7251612903225807,0.7317380352644837,0.7950042234057155,0.809758643224689,0.93794506612411,0.9838953563995838,0.2127837758015293,0.17413671317489476,WELFake_residual->ISOT
5,tfidf_lr,R_E,0,0,0,0,E,WELFake_residual,McIntire,cross,2994,1590,0.8357515960533952,0.8220125786163522,0.925432149944038,0.9186218899568848,0.93794506612411,0.9838953563995838,0.10219347007071478,0.06527346644269905,WELFake_residual->McIntire
5,tfidf_lr,R_SE,0,0,0,0,SE,ISOT,McIntire,cross,2992,1590,0.6594700686947988,0.5635220125786163,0.6154957719817283,0.6273217040465171,0.969574036511156,0.9938659320477502,0.3101039678163572,0.3665442280012331,ISOT->McIntire
5,tfidf_lr,R_SE,0,0,0,0,SE,ISOT,WELFake_residual,cross,2992,1588,0.6469387755102041,0.5642317380352645,0.6074458904591965,0.6254068612833024,0.969574036511156,0.9938659320477502,0.32263526100095197,0.36845907076444784,ISOT->WELFake_residual
5,tfidf_lr,R_SE,0,0,0,0,SE,McIntire,ISOT,cross,2990,1588,0.6735688185140073,0.6624685138539043,0.7242697334965273,0.7261292185090954,0.915,0.9738013087447948,0.24143118148599274,0.24767209023569936,McIntire->ISOT
5,tfidf_lr,R_SE,0,0,0,0,SE,McIntire,WELFake_residual,cross,2990,1588,0.8091603053435115,0.7795969773299748,0.9171044046051642,0.9091739684916468,0.915,0.9738013087447948,0.10583969465648857,0.06462734025314798,McIntire->WELFake_residual
5,tfidf_lr,R_SE,0,0,0,0,SE,WELFake_residual,ISOT,cross,2994,1588,0.6936642717178315,0.7046599496221663,0.7603291039658984,0.7776015329073847,0.936734693877551,0.980867098074922,0.24307042215971952,0.20326556516753735,WELFake_residual->ISOT
5,tfidf_lr,R_SE,0,0,0,0,SE,WELFake_residual,McIntire,cross,2994,1590,0.8485562757807896,0.8383647798742139,0.9329088639575466,0.9272354732803292,0.936734693877551,0.980867098074922,0.08817841809676141,0.053631624794592825,WELFake_residual->McIntire
5,tfidf_lr,T,0,0,0,1,,ISOT,McIntire,cross,2992,1590,0.6618075801749271,0.5622641509433962,0.6009783870376648,0.6180689055021558,0.969574036511156,0.9942209978573614,0.3077664563362289,0.37615209235520564,ISOT->McIntire
5,tfidf_lr,T,0,0,0,1,,ISOT,WELFake_residual,cross,2992,1588,0.6381243628950051,0.552896725440806,0.5796850102725486,0.5944885761599908,0.969574036511156,0.9942209978573614,0.33144967361615096,0.39973242169737055,ISOT->WELFake_residual
5,tfidf_lr,T,0,0,0,1,,McIntire,ISOT,cross,2990,1588,0.6623906705539359,0.6353904282115869,0.683158417479971,0.6947207964012208,0.9101941747572816,0.9737537180249852,0.24780350420334574,0.2790329216237645,McIntire->ISOT
5,tfidf_lr,T,0,0,0,1,,McIntire,WELFake_residual,cross,2990,1588,0.8058887677208287,0.7758186397984886,0.9091553061175416,0.9041012886319943,0.9101941747572816,0.9737537180249852,0.10430540703645286,0.06965242939299088,McIntire->WELFake_residual
5,tfidf_lr,T,0,0,0,1,,WELFake_residual,ISOT,cross,2994,1588,0.7278363298202107,0.7235516372795969,0.7738085633098035,0.7941043975915081,0.9216683621566631,0.98110691987513,0.1938320323364524,0.1870025222836219,WELFake_residual->ISOT
5,tfidf_lr,T,0,0,0,1,,WELFake_residual,McIntire,cross,2994,1590,0.8289322617680827,0.8125786163522013,0.917383330303036,0.9147628653929828,0.9216683621566631,0.98110691987513,0.09273610038858049,0.0663440544821472,WELFake_residual->McIntire
5,tfidf_lr,SLET,1,1,1,1,,ISOT,McIntire,cross,2992,1590,0.69769820971867,0.6283018867924528,0.6723096443436398,0.6989897551520906,0.9560776302349336,0.9902295684113868,0.2583794205162636,0.29123981325929615,ISOT->McIntire
5,tfidf_lr,SLET,1,1,1,1,,ISOT,WELFake_residual,cross,2992,1588,0.6798780487804879,0.6032745591939547,0.6635984420292037,0.6702440850459047,0.9560776302349336,0.9902295684113868,0.2761995814544458,0.31998548336548205,ISOT->WELFake_residual
5,tfidf_lr,SLET,1,1,1,1,,McIntire,ISOT,cross,2990,1588,0.7097661623108665,0.7342569269521411,0.83161048854573,0.8166475264737418,0.9028290282902828,0.9646460440214158,0.19306286597941624,0.147998517547674,McIntire->ISOT
5,tfidf_lr,SLET,1,1,1,1,,McIntire,WELFake_residual,cross,2990,1588,0.7820443482963764,0.7462216624685138,0.8829212583652418,0.8736715542894123,0.9028290282902828,0.9646460440214158,0.12078467999390641,0.0909744897320035,McIntire->WELFake_residual
5,tfidf_lr,SLET,1,1,1,1,,WELFake_residual,ISOT,cross,2994,1588,0.7232472324723247,0.7638539042821159,0.8823856752150976,0.8705610085718455,0.8928571428571429,0.961888657648283,0.1696099103848182,0.09132764907643753,WELFake_residual->ISOT
5,tfidf_lr,SLET,1,1,1,1,,WELFake_residual,McIntire,cross,2994,1590,0.8126801152737753,0.7955974842767296,0.8899877200093431,0.8845868438748468,0.8928571428571429,0.961888657648283,0.08017702758336764,0.07730181377343626,WELFake_residual->McIntire
5,tfidf_lr,R_T,0,0,0,0,T,ISOT,McIntire,cross,2992,1590,0.6526526526526526,0.5635220125786163,0.6207971816890798,0.6306934061152645,0.9674134419551936,0.9921640648913376,0.31476078930254103,0.3614706587760731,ISOT->McIntire
5,tfidf_lr,R_T,0,0,0,0,T,ISOT,WELFake_residual,cross,2992,1588,0.6599799398194583,0.5730478589420654,0.6254152181062648,0.6355744278562772,0.9674134419551936,0.9921640648913376,0.3074335021357353,0.3565896370350604,ISOT->WELFake_residual
5,tfidf_lr,R_T,0,0,0,0,T,McIntire,ISOT,cross,2990,1588,0.6583229036295369,0.6561712846347607,0.7149390991498937,0.7160599965737997,0.9124087591240876,0.971481261154075,0.25408585549455065,0.25542126458027525,McIntire->ISOT
5,tfidf_lr,R_T,0,0,0,0,T,McIntire,WELFake_residual,cross,2990,1588,0.811372334609076,0.7827455919395466,0.926353625930129,0.916110437855706,0.9124087591240876,0.971481261154075,0.1010364245150116,0.055370823298368954,McIntire->WELFake_residual
5,tfidf_lr,R_T,0,0,0,0,T,WELFake_residual,ISOT,cross,2994,1588,0.7291803278688525,0.7399244332493703,0.8143274938941593,0.8192029008495707,0.9314227226202662,0.9804931386576484,0.2022423947514137,0.16129023780807772,WELFake_residual->ISOT
5,tfidf_lr,R_T,0,0,0,0,T,WELFake_residual,McIntire,cross,2994,1590,0.8366394399066511,0.8238993710691824,0.9112165880122782,0.9128831929116727,0.9314227226202662,0.9804931386576484,0.09478328271361502,0.06760994574597567,WELFake_residual->McIntire
5,tfidf_lr,S_W,W,0,0,0,,ISOT,McIntire,cross,2992,1590,0.6626626626626627,0.5761006289308176,0.6089989571416767,0.6316996954234405,0.9684638860630722,0.9917804305683092,0.3058012234004095,0.3600807351448687,ISOT->McIntire
5,tfidf_lr,S_W,W,0,0,0,,ISOT,WELFake_residual,cross,2992,1588,0.6506639427987743,0.5692695214105793,0.607130949190148,0.6256432056544994,0.9684638860630722,0.9917804305683092,0.31779994326429795,0.36613722491380984,ISOT->WELFake_residual
5,tfidf_lr,S_W,W,0,0,0,,McIntire,ISOT,cross,2990,1588,0.6577181208053692,0.6467254408060453,0.718448173650953,0.7075531854145385,0.9199029126213591,0.9760678167757288,0.26218479181598997,0.26851463136119036,McIntire->ISOT
5,tfidf_lr,S_W,W,0,0,0,,McIntire,WELFake_residual,cross,2990,1588,0.800658978583196,0.7714105793450882,0.9147064959827014,0.9022739818157592,0.9199029126213591,0.9760678167757288,0.11924393403816314,0.0737938349599696,McIntire->WELFake_residual
5,tfidf_lr,S_W,W,0,0,0,,WELFake_residual,ISOT,cross,2994,1588,0.7416173570019724,0.7525188916876574,0.8199758772844519,0.8318322557721958,0.9105858170606372,0.9777453498959416,0.16896846005866484,0.14591309412374587,WELFake_residual->ISOT
5,tfidf_lr,S_W,W,0,0,0,,WELFake_residual,McIntire,cross,2994,1590,0.8329411764705882,0.8213836477987422,0.923016382604755,0.9179652703611408,0.9105858170606372,0.9777453498959416,0.07764464059004905,0.0597800795348008,WELFake_residual->McIntire
5,tfidf_lr,S_B,B,0,0,0,,ISOT,McIntire,cross,2992,1590,0.6595949855351977,0.5559748427672956,0.6017719295293738,0.6149677623511729,0.9704383282364932,0.9916416692174268,0.31084334270129554,0.3766739068662539,ISOT->McIntire
5,tfidf_lr,S_B,B,0,0,0,,ISOT,WELFake_residual,cross,2992,1588,0.6570289132602194,0.5667506297229219,0.6039442563696965,0.622026660914034,0.9704383282364932,0.9916416692174268,0.31340941497627384,0.3696150083033928,ISOT->WELFake_residual
5,tfidf_lr,S_B,B,0,0,0,,McIntire,ISOT,cross,2990,1588,0.6480582524271845,0.6347607052896725,0.6850718756702892,0.6857270206650636,0.918444165621079,0.9760678167757288,0.2703859131938945,0.2903407961106652,McIntire->ISOT
5,tfidf_lr,S_B,B,0,0,0,,McIntire,WELFake_residual,cross,2990,1588,0.8025959978366685,0.7701511335012594,0.918410983933912,0.910707827598678,0.918444165621079,0.9760678167757288,0.11584816778441054,0.06535998917705088,McIntire->WELFake_residual
5,tfidf_lr,S_B,B,0,0,0,,WELFake_residual,ISOT,cross,2994,1588,0.6886979510905485,0.7034005037783375,0.7679060164334379,0.7863827573298479,0.9116465863453816,0.9764446214880332,0.2229486352548331,0.19006186415818538,WELFake_residual->ISOT
5,tfidf_lr,S_B,B,0,0,0,,WELFake_residual,McIntire,cross,2994,1590,0.8382268278641336,0.8232704402515724,0.9172898568863757,0.9168640480993632,0.9116465863453816,0.9764446214880332,0.07341975848124804,0.059580573388670066,WELFake_residual->McIntire
5,tfidf_lr,R_W,0,0,0,0,W,ISOT,McIntire,cross,2992,1590,0.6531620553359684,0.5584905660377358,0.59473328404925,0.6122558443099562,0.9695121951219512,0.9923722069176616,0.3163501397859828,0.3801163626077054,ISOT->McIntire
5,tfidf_lr,R_W,0,0,0,0,W,ISOT,WELFake_residual,cross,2992,1588,0.6549295774647887,0.5680100755667506,0.6140668497811399,0.6275688571084139,0.9695121951219512,0.9923722069176616,0.31458261765716244,0.36480334980924767,ISOT->WELFake_residual
5,tfidf_lr,R_W,0,0,0,0,W,McIntire,ISOT,cross,2990,1588,0.6736324523663184,0.6656171284634761,0.7427280823639002,0.7383080915429956,0.9249692496924968,0.9799107674003568,0.2513367973261784,0.24160267585736117,McIntire->ISOT
5,tfidf_lr,R_W,0,0,0,0,W,McIntire,WELFake_residual,cross,2990,1588,0.815223386651958,0.7890428211586902,0.9244054170672916,0.9165069888140904,0.9249692496924968,0.9799107674003568,0.1097458630405388,0.06340377858626634,McIntire->WELFake_residual
5,tfidf_lr,R_W,0,0,0,0,W,WELFake_residual,ISOT,cross,2994,1588,0.7117962466487936,0.7292191435768262,0.7991757729369474,0.8045685842813545,0.9292307692307692,0.9838953563995838,0.2174345225819756,0.17932677211822934,WELFake_residual->ISOT
5,tfidf_lr,R_W,0,0,0,0,W,WELFake_residual,McIntire,cross,2994,1590,0.8501742160278746,0.8377358490566038,0.9282066496464512,0.9298524583679444,0.9292307692307692,0.9838953563995838,0.07905655320289462,0.05404289803163942,WELFake_residual->McIntire
5,tfidf_lr,R_B,0,0,0,0,B,ISOT,McIntire,cross,2992,1590,0.6650342801175319,0.569811320754717,0.6232541169527941,0.6364637474783434,0.9684638860630722,0.9926374859708194,0.30342960594554036,0.3561737384924759,ISOT->McIntire
5,tfidf_lr,R_B,0,0,0,0,B,ISOT,WELFake_residual,cross,2992,1588,0.6498231430015159,0.5636020151133502,0.6147941624227473,0.6323147789783579,0.9684638860630722,0.9926374859708194,0.3186407430615563,0.3603227069924615,ISOT->WELFake_residual
5,tfidf_lr,R_B,0,0,0,0,B,McIntire,ISOT,cross,2990,1588,0.652542372881356,0.6385390428211587,0.7033924880768287,0.7029674701317818,0.9225181598062954,0.9738191552647234,0.2699757869249394,0.27085168513294156,McIntire->ISOT
5,tfidf_lr,R_B,0,0,0,0,B,McIntire,WELFake_residual,cross,2990,1588,0.8125343595382079,0.785264483627204,0.9228572489040088,0.912370169216225,0.9225181598062954,0.9738191552647234,0.10998380026808752,0.061448986048498355,McIntire->WELFake_residual
5,tfidf_lr,R_B,0,0,0,0,B,WELFake_residual,ISOT,cross,2994,1588,0.7394094993581515,0.7443324937027708,0.7950322326728279,0.8106834000596412,0.9202453987730062,0.9815824986992716,0.18083589941485467,0.17089909863963038,WELFake_residual->ISOT
5,tfidf_lr,R_B,0,0,0,0,B,WELFake_residual,McIntire,cross,2994,1590,0.8406976744186047,0.8276729559748428,0.9127848334994988,0.9183149400735732,0.9202453987730062,0.9815824986992716,0.0795477243544015,0.06326755862569844,WELFake_residual->McIntire
6,tfidf_lr,C0,0,0,0,0,,ISOT,McIntire,cross,2992,1590,0.6601082144613871,0.5654088050314465,0.5904386296569807,0.6186321743601915,0.9665653495440728,0.9953433323130292,0.3064571350826857,0.3767111579528377,ISOT->McIntire
6,tfidf_lr,C0,0,0,0,0,,ISOT,WELFake_residual,cross,2992,1588,0.6551197147223637,0.5736775818639799,0.6269715510601541,0.6421635185807917,0.9665653495440728,0.9953433323130292,0.31144563482170906,0.3531798137322375,ISOT->WELFake_residual
6,tfidf_lr,C0,0,0,0,0,,McIntire,ISOT,cross,2990,1588,0.6549423893268648,0.6416876574307305,0.7156818782081645,0.7158236522026027,0.924757281553398,0.9693736184571052,0.2698148922265332,0.25354996625450255,McIntire->ISOT
6,tfidf_lr,C0,0,0,0,0,,McIntire,WELFake_residual,cross,2990,1588,0.8151815181518152,0.7884130982367759,0.927003143298866,0.9195620173974836,0.924757281553398,0.9693736184571052,0.10957576340158282,0.04981160105962168,McIntire->WELFake_residual
6,tfidf_lr,C0,0,0,0,0,,WELFake_residual,ISOT,cross,2992,1588,0.7119289340101523,0.7141057934508817,0.780130252320834,0.7902721291296816,0.9262720664589824,0.9876534609647756,0.21434313244883008,0.197381331835094,WELFake_residual->ISOT
6,tfidf_lr,C0,0,0,0,0,,WELFake_residual,McIntire,cross,2992,1590,0.8376660889659157,0.8232704402515724,0.926751037112782,0.9253447252877656,0.9262720664589824,0.9876534609647756,0.08860597749306676,0.06230873567701001,WELFake_residual->McIntire
6,tfidf_lr,S,1,0,0,0,,ISOT,McIntire,cross,2992,1590,0.6565853658536586,0.5572327044025157,0.5751461868093415,0.5938768244927021,0.96048632218845,0.9934169982654832,0.3039009563347914,0.39954017377278117,ISOT->McIntire
6,tfidf_lr,S,1,0,0,0,,ISOT,WELFake_residual,cross,2992,1588,0.6673448626653102,0.5881612090680101,0.6182172774430496,0.6410293828398124,0.96048632218845,0.9934169982654832,0.29314145952313975,0.3523876154256709,ISOT->WELFake_residual
6,tfidf_lr,S,1,0,0,0,,McIntire,ISOT,cross,2990,1588,0.6365348399246704,0.6353904282115869,0.6864465655924188,0.6898749436897639,0.9049338146811072,0.964324637181437,0.2683989747564368,0.27444969349167314,McIntire->ISOT
6,tfidf_lr,S,1,0,0,0,,McIntire,WELFake_residual,cross,2990,1588,0.8043478260869565,0.7732997481108312,0.9149618982251748,0.9058588024795536,0.9049338146811072,0.964324637181437,0.10058598859415069,0.05846583470188338,McIntire->WELFake_residual
6,tfidf_lr,S,1,0,0,0,,WELFake_residual,ISOT,cross,2992,1588,0.6666666666666666,0.7008816120906801,0.779975488843593,0.7960110145994201,0.8904810644831116,0.9653329836581488,0.22381439781644497,0.16932196905872865,WELFake_residual->ISOT
6,tfidf_lr,S,1,0,0,0,,WELFake_residual,McIntire,cross,2992,1590,0.8390596745027125,0.8320754716981132,0.9336137243146312,0.925735532613425,0.8904810644831116,0.9653329836581488,0.051421389980399135,0.039597451044723786,WELFake_residual->McIntire
6,tfidf_lr,L,0,1,0,0,,ISOT,McIntire,cross,2992,1590,0.6813627254509018,0.6,0.6597953369769104,0.6689165776670227,0.9717741935483872,0.997465564738292,0.2904114680974854,0.3285489870712692,ISOT->McIntire
6,tfidf_lr,L,0,1,0,0,,ISOT,WELFake_residual,cross,2992,1588,0.6562970396387355,0.568639798488665,0.6651088134427614,0.6586457626150791,0.9717741935483872,0.997465564738292,0.3154771539096517,0.33881980212321283,ISOT->WELFake_residual
6,tfidf_lr,L,0,1,0,0,,McIntire,ISOT,cross,2990,1588,0.7129629629629629,0.7267002518891688,0.8169658868351433,0.8019973478671903,0.9,0.9658331742698988,0.1870370370370371,0.16383582640270844,McIntire->ISOT
6,tfidf_lr,L,0,1,0,0,,McIntire,WELFake_residual,cross,2990,1588,0.7839831401475237,0.7418136020151134,0.9120220922628292,0.9015300522178304,0.9,0.9658331742698988,0.11601685985247634,0.06430312205206834,McIntire->WELFake_residual
6,tfidf_lr,L,0,1,0,0,,WELFake_residual,ISOT,cross,2992,1588,0.7398843930635838,0.7732997481108312,0.8772433366057744,0.8708861803577206,0.9363449691991786,0.9859528921962332,0.19646057613559487,0.11506671183851258,WELFake_residual->ISOT
6,tfidf_lr,L,0,1,0,0,,WELFake_residual,McIntire,cross,2992,1590,0.8017429193899782,0.7710691823899372,0.9041157913296092,0.8963237213717812,0.9363449691991786,0.9859528921962332,0.13460204980920043,0.08962917082445199,WELFake_residual->McIntire
6,tfidf_lr,E,0,0,1,0,,ISOT,McIntire,cross,2992,1590,0.6629610914603336,0.580503144654088,0.6062142988039179,0.629483010956845,0.9573170731707316,0.9911641669217426,0.294355981710398,0.3616811559648976,ISOT->McIntire
6,tfidf_lr,E,0,0,1,0,,ISOT,WELFake_residual,cross,2992,1588,0.6500254712175242,0.5673803526448362,0.5913824865220368,0.6138053664448095,0.9573170731707316,0.9911641669217426,0.30729160195320737,0.37735880047693304,ISOT->WELFake_residual
6,tfidf_lr,E,0,0,1,0,,McIntire,ISOT,cross,2990,1588,0.7200504413619168,0.7204030226700252,0.8015090882188767,0.799986041406265,0.9082125603864736,0.9623974040847488,0.18816211902455682,0.16241136267848388,McIntire->ISOT
6,tfidf_lr,E,0,0,1,0,,McIntire,WELFake_residual,cross,2990,1588,0.8011173184357542,0.7758186397984886,0.9071227177253156,0.8972060605676071,0.9082125603864736,0.9623974040847488,0.1070952419507194,0.06519134351714173,McIntire->WELFake_residual
6,tfidf_lr,E,0,0,1,0,,WELFake_residual,ISOT,cross,2992,1588,0.7432605905006419,0.7481108312342569,0.8191879394302855,0.828748675519799,0.9248197734294542,0.9787039617105672,0.18155918292881235,0.14995528619076814,WELFake_residual->ISOT
6,tfidf_lr,E,0,0,1,0,,WELFake_residual,McIntire,cross,2992,1590,0.8421052631578947,0.8320754716981132,0.9207511379040778,0.9182073493928246,0.9248197734294542,0.9787039617105672,0.08271451027155952,0.060496612317742615,WELFake_residual->McIntire
6,tfidf_lr,SL,1,1,0,0,,ISOT,McIntire,cross,2992,1590,0.6767523953605648,0.5968553459119497,0.6499848631408658,0.6624785411969465,0.9572301425661914,0.9922416079991836,0.2804777472056267,0.3297630668022371,ISOT->McIntire
6,tfidf_lr,SL,1,1,0,0,,ISOT,WELFake_residual,cross,2992,1588,0.669021190716448,0.5869017632241813,0.6402606729737857,0.6486241267947896,0.9572301425661914,0.9922416079991836,0.2882089518497434,0.34361748120439395,ISOT->WELFake_residual
6,tfidf_lr,SL,1,1,0,0,,McIntire,ISOT,cross,2990,1588,0.6770904146838885,0.7008816120906801,0.7925789473840215,0.7787848409672037,0.8995215311004785,0.9630931783337128,0.22243111641658997,0.1843083373665091,McIntire->ISOT
6,tfidf_lr,SL,1,1,0,0,,McIntire,WELFake_residual,cross,2990,1588,0.7757894736842105,0.7317380352644837,0.904572742660843,0.8898666954298295,0.8995215311004785,0.9630931783337128,0.12373205741626803,0.07322648290388323,McIntire->WELFake_residual
6,tfidf_lr,SL,1,1,0,0,,WELFake_residual,ISOT,cross,2992,1588,0.6888544891640866,0.7468513853904282,0.8822212227288917,0.8687908050936178,0.894901144640999,0.9702953662574374,0.20604665547691237,0.10150456116381956,WELFake_residual->ISOT
6,tfidf_lr,SL,1,1,0,0,,WELFake_residual,McIntire,cross,2992,1590,0.8065058889512058,0.7830188679245284,0.9025964117287546,0.8960705668288438,0.894901144640999,0.9702953662574374,0.08839525568979323,0.07422479942859361,WELFake_residual->McIntire
6,tfidf_lr,SE,1,0,1,0,,ISOT,McIntire,cross,2992,1590,0.6730672056594239,0.5930817610062893,0.6101645529417201,0.6370586606542463,0.959266802443992,0.9926660544842364,0.2861995967845681,0.35560739382999007,ISOT->McIntire
6,tfidf_lr,SE,1,0,1,0,,ISOT,WELFake_residual,cross,2992,1588,0.6433282597666159,0.5573047858942065,0.609034500064844,0.6148839850516151,0.959266802443992,0.9926660544842364,0.3159385426773761,0.37778206943262127,ISOT->WELFake_residual
6,tfidf_lr,SE,1,0,1,0,,McIntire,ISOT,cross,2990,1588,0.695920889987639,0.690176322418136,0.7635965975201993,0.7653560393124759,0.8913043478260869,0.9499535124284983,0.1953834578384479,0.18459747311602248,McIntire->ISOT
6,tfidf_lr,SE,1,0,1,0,,McIntire,WELFake_residual,cross,2990,1588,0.8125689084895259,0.7858942065491183,0.9142582276976272,0.9095467263925284,0.8913043478260869,0.9499535124284983,0.07873543933656102,0.04040678603596992,McIntire->WELFake_residual
6,tfidf_lr,SE,1,0,1,0,,WELFake_residual,ISOT,cross,2992,1588,0.7074357192494788,0.7348866498740554,0.8236244667952343,0.8316720491850085,0.8733535967578521,0.9593502597977348,0.16591787750837328,0.12767821061272633,WELFake_residual->ISOT
6,tfidf_lr,SE,1,0,1,0,,WELFake_residual,McIntire,cross,2992,1590,0.8303464755077659,0.8213836477987422,0.9177236514018704,0.913849926822515,0.8733535967578521,0.9593502597977348,0.04300712125008621,0.045500332975219826,WELFake_residual->McIntire
6,tfidf_lr,LE,0,1,1,0,,ISOT,McIntire,cross,2992,1590,0.6793422404933196,0.6075471698113207,0.67948528773242,0.6815505715754915,0.9622833843017328,0.9937761452912968,0.2829411438084132,0.3122255737158053,ISOT->McIntire
6,tfidf_lr,LE,0,1,1,0,,ISOT,WELFake_residual,cross,2992,1588,0.6670087224217548,0.5913098236775819,0.6400256092573083,0.6512492941392941,0.9622833843017328,0.9937761452912968,0.295274661879978,0.34252685115200265,ISOT->WELFake_residual
6,tfidf_lr,LE,0,1,1,0,,McIntire,ISOT,cross,2990,1588,0.7725682295311407,0.7953400503778337,0.8925383728832794,0.8752355512692802,0.8942891859052248,0.9612583046506044,0.12172095637408409,0.08602275338132415,McIntire->ISOT
6,tfidf_lr,LE,0,1,1,0,,McIntire,WELFake_residual,cross,2990,1588,0.8010840108401084,0.7688916876574308,0.9020993936388824,0.8976264045834945,0.8942891859052248,0.9612583046506044,0.09320517506511639,0.06363190006710984,McIntire->WELFake_residual
6,tfidf_lr,LE,0,1,1,0,,WELFake_residual,ISOT,cross,2992,1588,0.7715736040609137,0.8016372795969773,0.9125312968074109,0.901263569973796,0.9205366357069144,0.9779622678621188,0.14896303164600067,0.07669869788832284,WELFake_residual->ISOT
6,tfidf_lr,LE,0,1,1,0,,WELFake_residual,McIntire,cross,2992,1590,0.8197088465845465,0.7974842767295598,0.9110502399486816,0.9079656659151142,0.9205366357069144,0.9779622678621188,0.1008277891223679,0.06999660194700463,WELFake_residual->McIntire
6,tfidf_lr,SLE,1,1,1,0,,ISOT,McIntire,cross,2992,1590,0.6868686868686869,0.610062893081761,0.6700147796654804,0.6866548000474665,0.9521871820956256,0.9898377716559534,0.26531849522693873,0.30318297160848695,ISOT->McIntire
6,tfidf_lr,SLE,1,1,1,0,,ISOT,WELFake_residual,cross,2992,1588,0.688,0.6070528967254408,0.666459120730202,0.676950554854101,0.9521871820956256,0.9898377716559534,0.26418718209562564,0.3128872168018524,ISOT->WELFake_residual
6,tfidf_lr,SLE,1,1,1,0,,McIntire,ISOT,cross,2990,1588,0.7318475916606758,0.7651133501259446,0.8539119588638872,0.844899402952877,0.8972188633615478,0.9573915238687511,0.16537127170087196,0.11249212091587413,McIntire->ISOT
6,tfidf_lr,SLE,1,1,1,0,,McIntire,WELFake_residual,cross,2990,1588,0.8032876712328767,0.7739294710327456,0.9091482095826676,0.8997836417971056,0.8972188633615478,0.9573915238687511,0.09393119212867107,0.05760788207164558,McIntire->WELFake_residual
6,tfidf_lr,SLE,1,1,1,0,,WELFake_residual,ISOT,cross,2992,1588,0.7259036144578314,0.7707808564231738,0.8903674063552388,0.881066436561364,0.8959183673469387,0.9686234817813764,0.1700147528891074,0.0875570452200124,WELFake_residual->ISOT
6,tfidf_lr,SLE,1,1,1,0,,WELFake_residual,McIntire,cross,2992,1590,0.8031407739764442,0.779245283018868,0.8946709358351058,0.8929662592460741,0.8959183673469387,0.9686234817813764,0.09277759337049452,0.07565722253530227,WELFake_residual->McIntire
6,tfidf_lr,R_S,0,0,0,0,S,ISOT,McIntire,cross,2992,1590,0.663763909046928,0.5628930817610063,0.6179626590197043,0.6293279537992958,0.970854271356784,0.9954780124477096,0.3070903623098561,0.36615005864841377,ISOT->McIntire
6,tfidf_lr,R_S,0,0,0,0,S,ISOT,WELFake_residual,cross,2992,1588,0.6562814070351759,0.5692695214105793,0.5810260472001854,0.6049622800728385,0.970854271356784,0.9954780124477096,0.31457286432160814,0.39051573237487114,ISOT->WELFake_residual
6,tfidf_lr,R_S,0,0,0,0,S,McIntire,ISOT,cross,2990,1588,0.6746698679471789,0.6586901763224181,0.7256197612534558,0.7257231503277097,0.9071170084439084,0.9657839159159898,0.23244714049672954,0.24006076558828005,McIntire->ISOT
6,tfidf_lr,R_S,0,0,0,0,S,McIntire,WELFake_residual,cross,2990,1588,0.7929184549356223,0.756926952141058,0.909128998936078,0.8994870216802341,0.9071170084439084,0.9657839159159898,0.11419855350828612,0.06629689423575569,McIntire->WELFake_residual
6,tfidf_lr,R_S,0,0,0,0,S,WELFake_residual,ISOT,cross,2992,1588,0.7413228552717748,0.7512594458438288,0.8180410831579045,0.8280808837058797,0.9221183800623052,0.9849571374715204,0.1807955247905304,0.15687625376564063,WELFake_residual->ISOT
6,tfidf_lr,R_S,0,0,0,0,S,WELFake_residual,McIntire,cross,2992,1590,0.8454910970706491,0.8308176100628931,0.9268380943341856,0.9275171077093468,0.9221183800623052,0.9849571374715204,0.07662728299165611,0.05744002976217355,WELFake_residual->McIntire
6,tfidf_lr,R_E,0,0,0,0,E,ISOT,McIntire,cross,2992,1590,0.6646795827123696,0.5754716981132075,0.60845920112151,0.6306411929907836,0.9643947100712106,0.9933802673196612,0.299715127358841,0.36273907432887764,ISOT->McIntire
6,tfidf_lr,R_E,0,0,0,0,E,ISOT,WELFake_residual,cross,2992,1588,0.6466088730239674,0.5636020151133502,0.6277013740373475,0.6435149642469656,0.9643947100712106,0.9933802673196612,0.31778583704724317,0.3498653030726956,ISOT->WELFake_residual
6,tfidf_lr,R_E,0,0,0,0,E,McIntire,ISOT,cross,2990,1588,0.6691042047531993,0.6580604534005038,0.7133974748304088,0.7133348983877824,0.9168704156479216,0.971547143323338,0.24776621089472228,0.2582122449355556,McIntire->ISOT
6,tfidf_lr,R_E,0,0,0,0,E,McIntire,WELFake_residual,cross,2990,1588,0.8082340195016251,0.7770780856423174,0.9178889003088584,0.9107157586178454,0.9168704156479216,0.971547143323338,0.1086363961462965,0.06083138470549265,McIntire->WELFake_residual
6,tfidf_lr,R_E,0,0,0,0,E,WELFake_residual,ISOT,cross,2992,1588,0.717741935483871,0.7355163727959698,0.7977959538029761,0.8094842299614868,0.91875,0.98026930452884,0.20100806451612896,0.17078507456735315,WELFake_residual->ISOT
6,tfidf_lr,R_E,0,0,0,0,E,WELFake_residual,McIntire,cross,2992,1590,0.8287551139684395,0.8157232704402516,0.91100780430273,0.9105146157193148,0.91875,0.98026930452884,0.08999488603156047,0.06975468880952518,WELFake_residual->McIntire
6,tfidf_lr,R_SE,0,0,0,0,SE,ISOT,McIntire,cross,2992,1590,0.6620892594409024,0.5666666666666667,0.5941019804287486,0.6065171472647443,0.9685916919959472,0.9937067646158556,0.30650243255504483,0.38718961735111135,ISOT->McIntire
6,tfidf_lr,R_SE,0,0,0,0,SE,ISOT,WELFake_residual,cross,2992,1588,0.6388329979879276,0.5478589420654912,0.5740321153652852,0.5898076886472219,0.9685916919959472,0.9937067646158556,0.3297586940080196,0.4038990759686337,ISOT->WELFake_residual
6,tfidf_lr,R_SE,0,0,0,0,SE,McIntire,ISOT,cross,2990,1588,0.6602641056422569,0.6435768261964736,0.7171601130560835,0.7180871650730606,0.9150485436893204,0.9647371758954244,0.2547844380470635,0.24665001082236382,McIntire->ISOT
6,tfidf_lr,R_SE,0,0,0,0,SE,McIntire,WELFake_residual,cross,2990,1588,0.8097345132743363,0.783375314861461,0.9155899038590484,0.9061570088002588,0.9150485436893204,0.9647371758954244,0.1053140304149841,0.05858016709516556,McIntire->WELFake_residual
6,tfidf_lr,R_SE,0,0,0,0,SE,WELFake_residual,ISOT,cross,2992,1588,0.7098844672657253,0.7153652392947103,0.7731669656403913,0.7863906883490156,0.9417773237997956,0.987591994623744,0.23189285653407032,0.20120130627472843,WELFake_residual->ISOT
6,tfidf_lr,R_SE,0,0,0,0,SE,WELFake_residual,McIntire,cross,2992,1590,0.8497706422018348,0.8352201257861636,0.923207938783351,0.9281642340097306,0.9417773237997956,0.987591994623744,0.09200668159796077,0.05942776061401345,WELFake_residual->McIntire
6,tfidf_lr,T,0,0,0,1,,ISOT,McIntire,cross,2992,1590,0.6558185404339251,0.5610062893081761,0.5971012439459068,0.6112986036944741,0.9634146341463414,0.992796653402714,0.30759609371241636,0.38149804970823986,ISOT->McIntire
6,tfidf_lr,T,0,0,0,1,,ISOT,WELFake_residual,cross,2992,1588,0.6453900709219859,0.5591939546599496,0.6061145793135891,0.6210685937985775,0.9634146341463414,0.992796653402714,0.31802456322435557,0.37172805960413646,ISOT->WELFake_residual
6,tfidf_lr,T,0,0,0,1,,McIntire,ISOT,cross,2990,1588,0.6709376820034945,0.6442065491183879,0.7029760066935467,0.7087539417165265,0.9116945107398567,0.9656915565024106,0.24075682873636228,0.25693761478588406,McIntire->ISOT
6,tfidf_lr,T,0,0,0,1,,McIntire,WELFake_residual,cross,2990,1588,0.789815817984832,0.7556675062972292,0.90943740728317,0.8970220609229169,0.9116945107398567,0.9656915565024106,0.12187869275502472,0.06866949557949364,McIntire->WELFake_residual
6,tfidf_lr,T,0,0,0,1,,WELFake_residual,ISOT,cross,2992,1588,0.7327858496525584,0.7336272040302267,0.789651695649301,0.8004682473716603,0.9235537190082644,0.9835516071399302,0.190767869355706,0.18308335976826984,WELFake_residual->ISOT
6,tfidf_lr,T,0,0,0,1,,WELFake_residual,McIntire,cross,2992,1590,0.8207492795389049,0.8044025157232705,0.901572467651825,0.9035512835726436,0.9235537190082644,0.9835516071399302,0.10280443946935958,0.08000032356728659,WELFake_residual->McIntire
6,tfidf_lr,SLET,1,1,1,1,,ISOT,McIntire,cross,2992,1590,0.6778968861664114,0.6031446540880503,0.6667376363260928,0.6775934496262015,0.9559877175025588,0.9909519436792164,0.2780908313361474,0.31335849405301486,ISOT->McIntire
6,tfidf_lr,SLET,1,1,1,1,,ISOT,WELFake_residual,cross,2992,1588,0.674884437596302,0.6013853904282116,0.6381262717883797,0.6577321092069615,0.9559877175025588,0.9909519436792164,0.28110327990625683,0.3332198344722549,ISOT->WELFake_residual
6,tfidf_lr,SLET,1,1,1,1,,McIntire,ISOT,cross,2990,1588,0.741424802110818,0.7531486146095718,0.8428712577555562,0.825381164781199,0.8779904306220095,0.9530260022535696,0.13656562851119158,0.12764483747237054,McIntire->ISOT
6,tfidf_lr,SLET,1,1,1,1,,McIntire,WELFake_residual,cross,2990,1588,0.7851690294438386,0.7518891687657431,0.889556603645866,0.8777417533262695,0.8779904306220095,0.9530260022535696,0.09282140117817095,0.07528424892730012,McIntire->WELFake_residual
6,tfidf_lr,SLET,1,1,1,1,,WELFake_residual,ISOT,cross,2992,1588,0.7416058394160584,0.7770780856423174,0.8743916190420489,0.8750515516245899,0.8841463414634146,0.9590019505318887,0.14254050204735624,0.08395039890729883,WELFake_residual->ISOT
6,tfidf_lr,SLET,1,1,1,1,,WELFake_residual,McIntire,cross,2992,1590,0.8011527377521613,0.7830188679245284,0.8872883137806897,0.8828733040623393,0.8841463414634146,0.9590019505318887,0.0829936037112533,0.07612864646954942,WELFake_residual->McIntire
6,tfidf_lr,R_T,0,0,0,0,T,ISOT,McIntire,cross,2992,1590,0.6647000983284169,0.5710691823899371,0.5973807274259472,0.6216336379098928,0.9705583756345176,0.9947801244770942,0.3058582773061007,0.3731464865672014,ISOT->McIntire
6,tfidf_lr,R_T,0,0,0,0,T,ISOT,WELFake_residual,cross,2992,1588,0.6534552845528455,0.570528967254408,0.5987941844013426,0.6224739703950916,0.9705583756345176,0.9947801244770942,0.3171030910816721,0.3723061540820026,ISOT->WELFake_residual
6,tfidf_lr,R_T,0,0,0,0,T,McIntire,ISOT,cross,2990,1588,0.6479750778816199,0.6442065491183879,0.7279437858627897,0.7208693665970853,0.9088729016786572,0.9659871066258644,0.2608978237970373,0.24511774002877906,McIntire->ISOT
6,tfidf_lr,R_T,0,0,0,0,T,McIntire,WELFake_residual,cross,2990,1588,0.8023758099352052,0.7695214105793451,0.9204402625898602,0.9124827896884062,0.9088729016786572,0.9659871066258644,0.10649709174345201,0.05350431693745816,McIntire->WELFake_residual
6,tfidf_lr,R_T,0,0,0,0,T,WELFake_residual,ISOT,cross,2992,1588,0.7461340206185567,0.7518891687657431,0.8073308966871147,0.8185700055199893,0.9286452947259566,0.9864692094608992,0.18251127410739987,0.16789920394090996,WELFake_residual->ISOT
6,tfidf_lr,R_T,0,0,0,0,T,WELFake_residual,McIntire,cross,2992,1590,0.8335246842709529,0.8176100628930818,0.9183969375061436,0.9179003995095132,0.9286452947259566,0.9864692094608992,0.09512061045500364,0.06856880995138603,WELFake_residual->McIntire
6,tfidf_lr,S_W,W,0,0,0,,ISOT,McIntire,cross,2992,1590,0.6586102719033232,0.5735849056603773,0.6076065178660677,0.61916854554804,0.958120531154239,0.9910947862463012,0.2995102592509158,0.3719262406982612,ISOT->McIntire
6,tfidf_lr,S_W,W,0,0,0,,ISOT,WELFake_residual,cross,2992,1588,0.6372045220966084,0.5554156171284634,0.6013510885161801,0.6141289520268512,0.958120531154239,0.9910947862463012,0.3209160090576306,0.37696583421944996,ISOT->WELFake_residual
6,tfidf_lr,S_W,W,0,0,0,,McIntire,ISOT,cross,2990,1588,0.6842751842751843,0.6763224181360201,0.7604161117316928,0.7544302673070702,0.9077669902912622,0.965894747212285,0.22349180601607788,0.21146447990521478,McIntire->ISOT
6,tfidf_lr,S_W,W,0,0,0,,McIntire,WELFake_residual,cross,2990,1588,0.8106348345089528,0.7802267002518891,0.9300750383884449,0.92152891015107,0.9077669902912622,0.965894747212285,0.09713215578230938,0.044365837061215,McIntire->WELFake_residual
6,tfidf_lr,S_W,W,0,0,0,,WELFake_residual,ISOT,cross,2992,1588,0.7132203389830508,0.7336272040302267,0.7980773923240307,0.81629697542653,0.9286452947259566,0.9848014227409072,0.21542495574290577,0.1685044473143772,WELFake_residual->ISOT
6,tfidf_lr,S_W,W,0,0,0,,WELFake_residual,McIntire,cross,2992,1590,0.8461081402257873,0.8371069182389937,0.9239230320890032,0.924292551718682,0.9286452947259566,0.9848014227409072,0.0825371545001693,0.06050887102222524,WELFake_residual->McIntire
6,tfidf_lr,S_B,B,0,0,0,,ISOT,McIntire,cross,2992,1590,0.6643835616438356,0.5685534591194968,0.5998432605515678,0.626835963767256,0.9614604462474644,0.9931843689419446,0.2970768846036288,0.3663484051746886,ISOT->McIntire
6,tfidf_lr,S_B,B,0,0,0,,ISOT,WELFake_residual,cross,2992,1588,0.6592853548062405,0.5736775818639799,0.5909654466384388,0.6209194906382249,0.9614604462474644,0.9931843689419446,0.3021750914412239,0.3722648783037197,ISOT->WELFake_residual
6,tfidf_lr,S_B,B,0,0,0,,McIntire,ISOT,cross,2990,1588,0.6475507765830346,0.628463476070529,0.6867257685485577,0.688715428687448,0.9001203369434416,0.9624035613789876,0.252569560360407,0.2736881326915397,McIntire->ISOT
6,tfidf_lr,S_B,B,0,0,0,,McIntire,WELFake_residual,cross,2990,1588,0.8041462084015275,0.7739294710327456,0.9111101676979751,0.9028148773229954,0.9001203369434416,0.9624035613789876,0.09597412854191412,0.05958868405599227,McIntire->WELFake_residual
6,tfidf_lr,S_B,B,0,0,0,,WELFake_residual,ISOT,cross,2992,1588,0.6845277963831212,0.7034005037783375,0.7549656332779842,0.7787388410560311,0.9243353783231084,0.9812896457899656,0.2398075819399872,0.2025508047339345,WELFake_residual->ISOT
6,tfidf_lr,S_B,B,0,0,0,,WELFake_residual,McIntire,cross,2992,1590,0.8136752136752137,0.7943396226415095,0.8925980510389547,0.8936719275345122,0.9243353783231084,0.9812896457899656,0.11066016464789474,0.08761771825545339,WELFake_residual->McIntire
6,tfidf_lr,R_W,0,0,0,0,W,ISOT,McIntire,cross,2992,1590,0.6574531095755183,0.5635220125786163,0.6085155207691022,0.621127328824018,0.9655870445344128,0.993168044077135,0.3081339349588945,0.372040715253117,ISOT->McIntire
6,tfidf_lr,R_W,0,0,0,0,W,ISOT,WELFake_residual,cross,2992,1588,0.6680141485598787,0.586272040302267,0.6245127246754194,0.6482418516709071,0.9655870445344128,0.993168044077135,0.29757289597453407,0.3449261924062279,ISOT->WELFake_residual
6,tfidf_lr,R_W,0,0,0,0,W,McIntire,ISOT,cross,2990,1588,0.6581818181818182,0.6448362720403022,0.7033713294484161,0.7083843562233121,0.9101941747572816,0.9655991970888312,0.2520123565754634,0.25721484086551916,McIntire->ISOT
6,tfidf_lr,R_W,0,0,0,0,W,McIntire,WELFake_residual,cross,2990,1588,0.7987012987012987,0.7657430730478589,0.9176445583985666,0.9068945935828536,0.9101941747572816,0.9655991970888312,0.1114928760559829,0.058704603505977615,McIntire->WELFake_residual
6,tfidf_lr,R_W,0,0,0,0,W,WELFake_residual,ISOT,cross,2992,1588,0.7302204928664072,0.7380352644836272,0.8033505631055334,0.8115922948562583,0.921025641025641,0.983371305872904,0.19080514815923377,0.17177901101664572,WELFake_residual->ISOT
6,tfidf_lr,R_W,0,0,0,0,W,WELFake_residual,McIntire,cross,2992,1590,0.8421665695981363,0.829559748427673,0.9143316559902304,0.917957359281674,0.921025641025641,0.983371305872904,0.0788590714275047,0.06541394659123001,WELFake_residual->McIntire
6,tfidf_lr,R_B,0,0,0,0,B,ISOT,McIntire,cross,2992,1590,0.6620416253716551,0.5710691823899371,0.6119658274955215,0.6318705747399234,0.967479674796748,0.992939495969799,0.3054380494250929,0.36106892122987566,ISOT->McIntire
6,tfidf_lr,R_B,0,0,0,0,B,ISOT,WELFake_residual,cross,2992,1588,0.6643251379829402,0.5787153652392947,0.6391278939054132,0.6450012372389902,0.967479674796748,0.992939495969799,0.3031545368138078,0.34793825873080886,ISOT->WELFake_residual
6,tfidf_lr,R_B,0,0,0,0,B,McIntire,ISOT,cross,2990,1588,0.6768107121119903,0.6656171284634761,0.7175784645012815,0.7247048074665786,0.905521472392638,0.963758166111484,0.22871076028064774,0.2390533586449054,McIntire->ISOT
6,tfidf_lr,R_B,0,0,0,0,B,McIntire,WELFake_residual,cross,2990,1588,0.8050245767340252,0.7751889168765743,0.9175398284340492,0.909232658033488,0.905521472392638,0.963758166111484,0.10049689565861286,0.054525508077996054,McIntire->WELFake_residual
6,tfidf_lr,R_B,0,0,0,0,B,WELFake_residual,ISOT,cross,2992,1588,0.712491738268341,0.7260705289672544,0.796138937856294,0.8003873509761499,0.9238790406673618,0.98526037142061,0.21138730239902082,0.18487302044446008,WELFake_residual->ISOT
6,tfidf_lr,R_B,0,0,0,0,B,WELFake_residual,McIntire,cross,2992,1590,0.8378849506101104,0.8245283018867925,0.9243153961132748,0.920971480558522,0.9238790406673618,0.98526037142061,0.08599409005725145,0.064288890862088,WELFake_residual->McIntire
7,tfidf_lr,C0,0,0,0,0,,ISOT,McIntire,cross,2988,1590,0.6650173181593271,0.5742138364779874,0.5900619488388404,0.6155405245045685,0.9686552072800808,0.993225181103969,0.30363788912075373,0.3776846565994004,ISOT->McIntire
7,tfidf_lr,C0,0,0,0,0,,ISOT,WELFake_residual,cross,2988,1588,0.6539427423405324,0.5661209068010076,0.5962096137603795,0.6170094981885552,0.9686552072800808,0.993225181103969,0.3147124649395484,0.37621568291541374,ISOT->WELFake_residual
7,tfidf_lr,C0,0,0,0,0,,McIntire,ISOT,cross,2988,1588,0.6590223295111648,0.6442065491183879,0.7073677551665964,0.7197923341941133,0.9131985731272296,0.9746293285447354,0.25417624361606483,0.2548369943506221,McIntire->ISOT
7,tfidf_lr,C0,0,0,0,0,,McIntire,WELFake_residual,cross,2988,1588,0.8071700162954916,0.7764483627204031,0.9209281314400966,0.9096625192723764,0.9131985731272296,0.9746293285447354,0.10602855683173806,0.06496680927235898,McIntire->WELFake_residual
7,tfidf_lr,C0,0,0,0,0,,WELFake_residual,ISOT,cross,2992,1588,0.7285531370038413,0.7329974811083123,0.8001177547152754,0.8120776732293207,0.9368635437881874,0.9832811552393907,0.2083104067843461,0.17120348201007007,WELFake_residual->ISOT
7,tfidf_lr,C0,0,0,0,0,,WELFake_residual,McIntire,cross,2992,1590,0.8561484918793504,0.8440251572327044,0.9219095793242212,0.9292891895099086,0.9368635437881874,0.9832811552393907,0.08071505190883699,0.05399196572948217,WELFake_residual->McIntire
7,tfidf_lr,S,1,0,0,0,,ISOT,McIntire,cross,2988,1590,0.6584766584766585,0.5628930817610063,0.6093483242818813,0.6231319963609034,0.9676113360323888,0.9925068870523416,0.3091346775557303,0.36937489069143814,ISOT->McIntire
7,tfidf_lr,S,1,0,0,0,,ISOT,WELFake_residual,cross,2988,1588,0.6680141485598787,0.586272040302267,0.6199103319418098,0.6405154527977464,0.9676113360323888,0.9925068870523416,0.2995971874725101,0.3519914342545952,ISOT->WELFake_residual
7,tfidf_lr,S,1,0,0,0,,McIntire,ISOT,cross,2988,1588,0.6401985111662531,0.6347607052896725,0.6963257136845468,0.6920876980375485,0.9195678271308524,0.973227935645126,0.27936931596459924,0.28114023760757745,McIntire->ISOT
7,tfidf_lr,S,1,0,0,0,,McIntire,WELFake_residual,cross,2988,1588,0.8087431693989071,0.7795969773299748,0.9211193733424669,0.9106887931526754,0.9195678271308524,0.973227935645126,0.11082465773194528,0.06253914249245063,McIntire->WELFake_residual
7,tfidf_lr,S,1,0,0,0,,WELFake_residual,ISOT,cross,2992,1588,0.6751412429378532,0.7103274559193955,0.8037260655733949,0.8042703779606495,0.9063444108761328,0.969803635529184,0.23120316793827966,0.16553325756853454,WELFake_residual->ISOT
7,tfidf_lr,S,1,0,0,0,,WELFake_residual,McIntire,cross,2992,1590,0.8363851151801536,0.8257861635220126,0.9202879168753212,0.9192247142122544,0.9063444108761328,0.969803635529184,0.06995929569597925,0.05057892131692965,WELFake_residual->McIntire
7,tfidf_lr,L,0,1,0,0,,ISOT,McIntire,cross,2988,1590,0.6842366981601193,0.60062893081761,0.6833171064004806,0.6924504568648392,0.9724770642201837,0.9951760024487296,0.2882403660600643,0.3027255455838904,ISOT->McIntire
7,tfidf_lr,L,0,1,0,0,,ISOT,WELFake_residual,cross,2988,1588,0.6760847628657921,0.5957178841309824,0.6745888477572232,0.6732832515909625,0.9724770642201837,0.9951760024487296,0.29639230135439154,0.32189275085776714,ISOT->WELFake_residual
7,tfidf_lr,L,0,1,0,0,,McIntire,ISOT,cross,2988,1588,0.7260549229738781,0.7424433249370277,0.8439857699403744,0.8287407445006313,0.9160671462829736,0.9762855201533646,0.1900122233090955,0.14754477565273327,McIntire->ISOT
7,tfidf_lr,L,0,1,0,0,,McIntire,WELFake_residual,cross,2988,1588,0.7987220447284346,0.7619647355163728,0.9235919087450324,0.9138040974817428,0.9160671462829736,0.9762855201533646,0.11734510155453903,0.06248142267162171,McIntire->WELFake_residual
7,tfidf_lr,L,0,1,0,0,,WELFake_residual,ISOT,cross,2992,1588,0.7696669029057406,0.7953400503778337,0.8926263188870797,0.88494787734203,0.9346733668341708,0.9851743185431658,0.1650064639284302,0.10022644120113589,WELFake_residual->ISOT
7,tfidf_lr,L,0,1,0,0,,WELFake_residual,McIntire,cross,2992,1590,0.811848601206802,0.7842767295597485,0.9117142060086922,0.9058280922431866,0.9346733668341708,0.9851743185431658,0.12282476562736877,0.07934622629997923,WELFake_residual->McIntire
7,tfidf_lr,E,0,0,1,0,,ISOT,McIntire,cross,2988,1590,0.6585117227319062,0.5786163522012578,0.5987572266477766,0.6128301886792453,0.9580348004094166,0.9928415467809408,0.2995230776775104,0.3800113581016955,ISOT->McIntire
7,tfidf_lr,E,0,0,1,0,,ISOT,WELFake_residual,cross,2988,1588,0.6608517188301694,0.5837531486146096,0.6175892926669351,0.6411705549809973,0.9580348004094166,0.9928415467809408,0.2971830815792472,0.35167099179994354,ISOT->WELFake_residual
7,tfidf_lr,E,0,0,1,0,,McIntire,ISOT,cross,2988,1588,0.7129337539432177,0.7134760705289672,0.8024882783121523,0.8009615567638905,0.9030674846625768,0.9624596568710718,0.19013373071935913,0.16149810010718135,McIntire->ISOT
7,tfidf_lr,E,0,0,1,0,,McIntire,WELFake_residual,cross,2988,1588,0.8297632468996617,0.809823677581864,0.9233916719887568,0.917057401544328,0.9030674846625768,0.9624596568710718,0.07330423776291506,0.0454022553267438,McIntire->WELFake_residual
7,tfidf_lr,E,0,0,1,0,,WELFake_residual,ISOT,cross,2992,1588,0.7198952879581152,0.7304785894206549,0.7990220070803551,0.8152754601577321,0.9107692307692308,0.9701683358193052,0.19087394281111558,0.15489287566157306,WELFake_residual->ISOT
7,tfidf_lr,E,0,0,1,0,,WELFake_residual,McIntire,cross,2992,1590,0.842355740630577,0.8333333333333334,0.9140646726267556,0.9147312210751156,0.9107692307692308,0.9701683358193052,0.06841349013865372,0.05543711474418955,WELFake_residual->McIntire
7,tfidf_lr,SL,1,1,0,0,,ISOT,McIntire,cross,2988,1590,0.6792640477374441,0.5943396226415094,0.6725936369969745,0.6785253747873898,0.9623601220752798,0.9912825221916132,0.2830960743378357,0.31275714740422333,ISOT->McIntire
7,tfidf_lr,SL,1,1,0,0,,ISOT,WELFake_residual,cross,2988,1588,0.6824358329139406,0.6026448362720404,0.6936840881115793,0.6895323236617199,0.9623601220752798,0.9912825221916132,0.27992428916133916,0.30175019852989327,ISOT->WELFake_residual
7,tfidf_lr,SL,1,1,0,0,,McIntire,ISOT,cross,2988,1588,0.708502024291498,0.7279596977329975,0.8214262805435374,0.79435184538954,0.9069212410501192,0.9689206241355044,0.19841921675862118,0.17456877874596444,McIntire->ISOT
7,tfidf_lr,SL,1,1,0,0,,McIntire,WELFake_residual,cross,2988,1588,0.7621030713170224,0.7122166246851386,0.8932506079489997,0.8772294094880368,0.9069212410501192,0.9689206241355044,0.1448181697330968,0.09169121464746754,McIntire->WELFake_residual
7,tfidf_lr,SL,1,1,0,0,,WELFake_residual,ISOT,cross,2992,1588,0.7199391171993912,0.7682619647355163,0.8901061958299371,0.8868735287959444,0.9176954732510288,0.9733973676015012,0.19775635605163766,0.08652383880555681,WELFake_residual->ISOT
7,tfidf_lr,SL,1,1,0,0,,WELFake_residual,McIntire,cross,2992,1590,0.817717206132879,0.7981132075471699,0.9035296665142798,0.9006526640560104,0.9176954732510288,0.9733973676015012,0.09997826711814983,0.07274470354549079,WELFake_residual->McIntire
7,tfidf_lr,SE,1,0,1,0,,ISOT,McIntire,cross,2988,1590,0.6730382293762576,0.5911949685534591,0.6275200277587754,0.6546766346267948,0.9580348004094166,0.9922212019181716,0.284996571033159,0.33754456729137683,ISOT->McIntire
7,tfidf_lr,SE,1,0,1,0,,ISOT,WELFake_residual,cross,2988,1588,0.6618852459016393,0.5843828715365239,0.599478233038504,0.6290900265847763,0.9580348004094166,0.9922212019181716,0.29614955450777725,0.36313117533339534,ISOT->WELFake_residual
7,tfidf_lr,SE,1,0,1,0,,McIntire,ISOT,cross,2988,1588,0.6935179358086847,0.6933249370277078,0.7664447098199156,0.7699925131179057,0.8926829268292683,0.9582312116285278,0.1991649910205836,0.18823869851062203,McIntire->ISOT
7,tfidf_lr,SE,1,0,1,0,,McIntire,WELFake_residual,cross,2988,1588,0.8062886019090398,0.7827455919395466,0.9034167795378928,0.8940558597542019,0.8926829268292683,0.9582312116285278,0.08639432492022847,0.06417535187432588,McIntire->WELFake_residual
7,tfidf_lr,SE,1,0,1,0,,WELFake_residual,ISOT,cross,2992,1588,0.6953551912568307,0.7191435768261965,0.8009443073283571,0.8073904409012176,0.8736097067745198,0.9539781015915684,0.17825451551768912,0.14658766069035079,WELFake_residual->ISOT
7,tfidf_lr,SE,1,0,1,0,,WELFake_residual,McIntire,cross,2992,1590,0.8262454434993924,0.820125786163522,0.8968859477000168,0.9026335983544956,0.8736097067745198,0.9539781015915684,0.04736426327512733,0.051344503237072736,WELFake_residual->McIntire
7,tfidf_lr,LE,0,1,1,0,,ISOT,McIntire,cross,2988,1590,0.687797147385103,0.6283018867924528,0.6833146049061911,0.6946639768996479,0.9631901840490796,0.9906866646260586,0.27539303666397663,0.2960226877264107,ISOT->McIntire
7,tfidf_lr,LE,0,1,1,0,,ISOT,WELFake_residual,cross,2988,1588,0.6816326530612244,0.6070528967254408,0.6619143036858726,0.674412628720441,0.9631901840490796,0.9906866646260586,0.2815575309878552,0.31627403590561753,ISOT->WELFake_residual
7,tfidf_lr,LE,0,1,1,0,,McIntire,ISOT,cross,2988,1588,0.776536312849162,0.7984886649874056,0.8908257526544551,0.8807158855141521,0.8967193195625759,0.967228032711301,0.12018300671341386,0.08651214719714884,McIntire->ISOT
7,tfidf_lr,LE,0,1,1,0,,McIntire,WELFake_residual,cross,2988,1588,0.7937195452084461,0.7600755667506297,0.8862847753361364,0.8815819528072635,0.8967193195625759,0.967228032711301,0.10299977435412977,0.0856460799040375,McIntire->WELFake_residual
7,tfidf_lr,LE,0,1,1,0,,WELFake_residual,ISOT,cross,2992,1588,0.7918994413407822,0.8123425692695214,0.9104961248193082,0.9018647412267066,0.9213709677419356,0.9716025504433772,0.12947152640115345,0.06973780921667061,WELFake_residual->ISOT
7,tfidf_lr,LE,0,1,1,0,,WELFake_residual,McIntire,cross,2992,1590,0.8125,0.7886792452830189,0.9104265744782756,0.906566987065385,0.9213709677419356,0.9716025504433772,0.10887096774193561,0.06503556337799221,WELFake_residual->McIntire
7,tfidf_lr,SLE,1,1,1,0,,ISOT,McIntire,cross,2988,1590,0.6751269035532995,0.5974842767295597,0.6720088568024154,0.6839539575175032,0.9520833333333332,0.9936373839404142,0.27695642978003365,0.309683426422911,ISOT->McIntire
7,tfidf_lr,SLE,1,1,1,0,,ISOT,WELFake_residual,cross,2988,1588,0.6825799898425596,0.6064231738035264,0.6580500440687629,0.6780006217919027,0.9520833333333332,0.9936373839404142,0.26950334349077354,0.31563676214851155,ISOT->WELFake_residual
7,tfidf_lr,SLE,1,1,1,0,,McIntire,ISOT,cross,2988,1588,0.726123595505618,0.7544080604534005,0.8466391116113172,0.8384023120507077,0.8978102189781022,0.9622473246135552,0.1716866234724842,0.12384501256284752,McIntire->ISOT
7,tfidf_lr,SLE,1,1,1,0,,McIntire,WELFake_residual,cross,2988,1588,0.7909967845659164,0.7544080604534005,0.8820229036399281,0.881391608347239,0.8978102189781022,0.9622473246135552,0.10681343441218583,0.08085571626631627,McIntire->WELFake_residual
7,tfidf_lr,SLE,1,1,1,0,,WELFake_residual,ISOT,cross,2992,1588,0.7275471698113207,0.7726700251889169,0.8773575906418282,0.8637609527374706,0.8917835671342685,0.9605263157894736,0.1642363973229478,0.096765363052003,WELFake_residual->ISOT
7,tfidf_lr,SLE,1,1,1,0,,WELFake_residual,McIntire,cross,2992,1590,0.8084138715179079,0.7880503144654089,0.8879407787490879,0.8837862426328073,0.8917835671342685,0.9605263157894736,0.08336969561636065,0.07674007315666631,WELFake_residual->McIntire
7,tfidf_lr,R_S,0,0,0,0,S,ISOT,McIntire,cross,2988,1590,0.6683046683046683,0.5754716981132075,0.6288250307410868,0.646631066809066,0.9664292980671414,0.9936292215080094,0.2981246297624731,0.34699815469894335,ISOT->McIntire
7,tfidf_lr,R_S,0,0,0,0,S,ISOT,WELFake_residual,cross,2988,1588,0.6503251625812907,0.559823677581864,0.5999213683941783,0.6226627286512826,0.9664292980671414,0.9936292215080094,0.3161041354858507,0.3709664928567268,ISOT->WELFake_residual
7,tfidf_lr,R_S,0,0,0,0,S,McIntire,ISOT,cross,2988,1588,0.671875,0.6561712846347607,0.7228654783871015,0.7260007359985787,0.9141475211608222,0.9760185881724864,0.2422725211608222,0.2500178521739077,McIntire->ISOT
7,tfidf_lr,R_S,0,0,0,0,S,McIntire,WELFake_residual,cross,2988,1588,0.802801724137931,0.7695214105793451,0.9119043549072025,0.902532533040626,0.9141475211608222,0.9760185881724864,0.11134579702289116,0.07348605513186046,McIntire->WELFake_residual
7,tfidf_lr,R_S,0,0,0,0,S,WELFake_residual,ISOT,cross,2992,1588,0.7151200519143414,0.7235516372795969,0.7997375337439385,0.8065719597231122,0.942366026289181,0.986747856873576,0.22724597437483962,0.18017589715046378,WELFake_residual->ISOT
7,tfidf_lr,R_S,0,0,0,0,S,WELFake_residual,McIntire,cross,2992,1590,0.8581436077057794,0.8471698113207548,0.9272017323986326,0.9311103200031644,0.942366026289181,0.986747856873576,0.08422241858340163,0.05563753687041162,WELFake_residual->McIntire
7,tfidf_lr,R_E,0,0,0,0,E,ISOT,McIntire,cross,2988,1590,0.6521091811414392,0.5591194968553459,0.5887193457804175,0.6136165499782444,0.9642492339121552,0.9941434547495154,0.312140052770716,0.38052690477127094,ISOT->McIntire
7,tfidf_lr,R_E,0,0,0,0,E,ISOT,WELFake_residual,cross,2988,1588,0.6590673575129534,0.5856423173803527,0.6252876671851835,0.6466159927415311,0.9642492339121552,0.9941434547495154,0.3051818763992018,0.34752746200798423,ISOT->WELFake_residual
7,tfidf_lr,R_E,0,0,0,0,E,McIntire,ISOT,cross,2988,1588,0.6597812879708383,0.6473551637279596,0.7076310405136882,0.7147275853536283,0.9147659063625452,0.971881142468878,0.25498461839170683,0.2571535571152497,McIntire->ISOT
7,tfidf_lr,R_E,0,0,0,0,E,McIntire,WELFake_residual,cross,2988,1588,0.8102108768035516,0.7846347607052897,0.9153114793893792,0.9089407965281172,0.9147659063625452,0.971881142468878,0.10455502955899354,0.06294034594076081,McIntire->WELFake_residual
7,tfidf_lr,R_E,0,0,0,0,E,WELFake_residual,ISOT,cross,2992,1588,0.7119948685054522,0.7172544080604534,0.7770669604197397,0.7922072978065973,0.9197969543147207,0.9790153911717944,0.2078020858092685,0.1868080933651971,WELFake_residual->ISOT
7,tfidf_lr,R_E,0,0,0,0,E,WELFake_residual,McIntire,cross,2992,1590,0.8376660889659157,0.8232704402515724,0.9183965125261424,0.9177073691705234,0.9197969543147207,0.9790153911717944,0.0821308653488051,0.061308022001270945,WELFake_residual->McIntire
7,tfidf_lr,R_SE,0,0,0,0,SE,ISOT,McIntire,cross,2988,1590,0.6650246305418719,0.5723270440251572,0.6149613305012781,0.6300826707804279,0.9692622950819672,0.9947311498826652,0.30423766454009527,0.3646484791022373,ISOT->McIntire
7,tfidf_lr,R_SE,0,0,0,0,SE,ISOT,WELFake_residual,cross,2988,1588,0.6556224899598394,0.5680100755667506,0.6077877979673054,0.6205927326485162,0.9692622950819672,0.9947311498826652,0.31363980512212775,0.374138417234149,ISOT->WELFake_residual
7,tfidf_lr,R_SE,0,0,0,0,SE,McIntire,ISOT,cross,2988,1588,0.6767554479418886,0.663727959697733,0.7443407353576652,0.7405969836747902,0.9158653846153846,0.9715474774927808,0.239109936673496,0.2309504938179906,McIntire->ISOT
7,tfidf_lr,R_SE,0,0,0,0,SE,McIntire,WELFake_residual,cross,2988,1588,0.8275862068965517,0.8047858942065491,0.9226616441685784,0.9198507064951874,0.9158653846153846,0.9715474774927808,0.08827917771883287,0.0516967709975934,McIntire->WELFake_residual
7,tfidf_lr,R_SE,0,0,0,0,SE,WELFake_residual,ISOT,cross,2992,1588,0.7018436109345201,0.7046599496221663,0.7443414439794777,0.7632939743288772,0.930327868852459,0.9816543460800864,0.22848425791793892,0.21836037175120915,WELFake_residual->ISOT
7,tfidf_lr,R_SE,0,0,0,0,SE,WELFake_residual,McIntire,cross,2992,1590,0.8426635238656452,0.8320754716981132,0.9251583212600408,0.9236280210434714,0.930327868852459,0.9816543460800864,0.08766434498681375,0.05802632503661498,WELFake_residual->McIntire
7,tfidf_lr,T,0,0,0,1,,ISOT,McIntire,cross,2988,1590,0.6557701832590391,0.5628930817610063,0.5697106713047118,0.5947976741426367,0.9654471544715448,0.99073972043669,0.3096769712125057,0.3959420462940533,ISOT->McIntire
7,tfidf_lr,T,0,0,0,1,,ISOT,WELFake_residual,cross,2988,1588,0.6473282442748092,0.5636020151133502,0.6098799383707296,0.6176297038874683,0.9654471544715448,0.99073972043669,0.31811891019673566,0.3731100165492217,ISOT->WELFake_residual
7,tfidf_lr,T,0,0,0,1,,McIntire,ISOT,cross,2988,1588,0.6724237190558434,0.6416876574307305,0.6788660639297268,0.6959659664105476,0.926060606060606,0.97364653352423,0.2536368870047626,0.2776805671136824,McIntire->ISOT
7,tfidf_lr,T,0,0,0,1,,McIntire,WELFake_residual,cross,2988,1588,0.7909238249594813,0.7562972292191436,0.915839705882744,0.9028180497306626,0.926060606060606,0.97364653352423,0.1351367811011247,0.07082848379356743,McIntire->WELFake_residual
7,tfidf_lr,T,0,0,0,1,,WELFake_residual,ISOT,cross,2992,1588,0.714828897338403,0.716624685138539,0.7674434634224585,0.7795715980686382,0.9296636085626911,0.97990050648265,0.2148347112242881,0.20032890841401185,WELFake_residual->ISOT
7,tfidf_lr,T,0,0,0,1,,WELFake_residual,McIntire,cross,2992,1590,0.8337155963302753,0.8176100628930818,0.9033986146145164,0.9130271745579684,0.9296636085626911,0.97990050648265,0.09594801223241589,0.06687333192468159,WELFake_residual->McIntire
7,tfidf_lr,SLET,1,1,1,1,,ISOT,McIntire,cross,2988,1590,0.6877593360995851,0.6213836477987421,0.6462347339855282,0.6747881808472767,0.9486652977412732,0.9892745638200184,0.2609059616416881,0.3144863829727418,ISOT->McIntire
7,tfidf_lr,SLET,1,1,1,1,,ISOT,WELFake_residual,cross,2988,1588,0.6711409395973155,0.5988664987405542,0.6771075786106158,0.6680630547747908,0.9486652977412732,0.9892745638200184,0.2775243581439577,0.32121150904522766,ISOT->WELFake_residual
7,tfidf_lr,SLET,1,1,1,1,,McIntire,ISOT,cross,2988,1588,0.7321428571428571,0.7544080604534005,0.8401001898646631,0.8363307298441078,0.8967193195625759,0.959214006649033,0.1645764624197188,0.12288327680492517,McIntire->ISOT
7,tfidf_lr,SLET,1,1,1,1,,McIntire,WELFake_residual,cross,2988,1588,0.7874526771227691,0.7525188916876574,0.8821860507047704,0.8727721767157967,0.8967193195625759,0.959214006649033,0.10926664243980677,0.08644182993323635,McIntire->WELFake_residual
7,tfidf_lr,SLET,1,1,1,1,,WELFake_residual,ISOT,cross,2992,1588,0.7516292541636496,0.7840050377833753,0.8926421678607583,0.883280777112982,0.8913043478260869,0.956666229572686,0.13967509366243736,0.07338545245970396,WELFake_residual->ISOT
7,tfidf_lr,SLET,1,1,1,1,,WELFake_residual,McIntire,cross,2992,1590,0.7968217934165721,0.7748427672955975,0.8809848912633282,0.8772168822435822,0.8913043478260869,0.956666229572686,0.09448255440951481,0.0794493473291038,WELFake_residual->McIntire
7,tfidf_lr,R_T,0,0,0,0,T,ISOT,McIntire,cross,2988,1590,0.6534849233811172,0.5591194968553459,0.5862974355885623,0.6092955183734821,0.9665653495440728,0.9917314559738802,0.3130804261629556,0.3824359376003982,ISOT->McIntire
7,tfidf_lr,R_T,0,0,0,0,T,ISOT,WELFake_residual,cross,2988,1588,0.6511156186612576,0.5667506297229219,0.6134513221339346,0.6270517546586807,0.9665653495440728,0.9917314559738802,0.31544973088281525,0.36467970131519956,ISOT->WELFake_residual
7,tfidf_lr,R_T,0,0,0,0,T,McIntire,ISOT,cross,2988,1588,0.6837098692033293,0.6649874055415617,0.7267372300030088,0.7322709997525523,0.9169675090252708,0.9759700550850542,0.23325763982194148,0.2436990553325019,McIntire->ISOT
7,tfidf_lr,R_T,0,0,0,0,T,McIntire,WELFake_residual,cross,2988,1588,0.8146528157463094,0.7865239294710328,0.9220923460435236,0.9155917492021396,0.9169675090252708,0.9759700550850542,0.10231469327896137,0.060378305882914596,McIntire->WELFake_residual
7,tfidf_lr,R_T,0,0,0,0,T,WELFake_residual,ISOT,cross,2992,1588,0.7166123778501629,0.7260705289672544,0.8076665271693935,0.814634633808983,0.9325153374233128,0.9824616040256356,0.21590295957314998,0.1678269702166526,WELFake_residual->ISOT
7,tfidf_lr,R_T,0,0,0,0,T,WELFake_residual,McIntire,cross,2992,1590,0.8444700460829493,0.8301886792452831,0.9266463284345262,0.925377951821526,0.9325153374233128,0.9824616040256356,0.08804529134036354,0.0570836522041096,WELFake_residual->McIntire
7,tfidf_lr,S_W,W,0,0,0,,ISOT,McIntire,cross,2988,1590,0.6503567787971458,0.5685534591194968,0.6097504228865571,0.62333293777936,0.9631901840490796,0.9913641465156616,0.3128334052519338,0.3680312087363016,ISOT->McIntire
7,tfidf_lr,S_W,W,0,0,0,,ISOT,WELFake_residual,cross,2988,1588,0.6470891293147862,0.568639798488665,0.6074247548468067,0.6238396918957674,0.9631901840490796,0.9913641465156616,0.3161010547342934,0.36752445461989425,ISOT->WELFake_residual
7,tfidf_lr,S_W,W,0,0,0,,McIntire,ISOT,cross,2988,1588,0.6789667896678967,0.6712846347607053,0.7181333728836814,0.7254915645680132,0.9169675090252708,0.9758790555461184,0.2380007193573741,0.2503874909781052,McIntire->ISOT
7,tfidf_lr,S_W,W,0,0,0,,McIntire,WELFake_residual,cross,2988,1588,0.8087912087912088,0.7808564231738035,0.9218099540365984,0.9093436923018356,0.9169675090252708,0.9758790555461184,0.108176300234062,0.06653536324428277,McIntire->WELFake_residual
7,tfidf_lr,S_W,W,0,0,0,,WELFake_residual,ISOT,cross,2992,1588,0.7122351332877649,0.7348866498740554,0.8239890340709594,0.8246800626867756,0.9363449691991786,0.9826050254880428,0.22410983591141376,0.15792496280126722,WELFake_residual->ISOT
7,tfidf_lr,S_W,W,0,0,0,,WELFake_residual,McIntire,cross,2992,1590,0.8476977567886659,0.8377358490566038,0.9276411181864958,0.9295502551323128,0.9363449691991786,0.9826050254880428,0.08864721241051277,0.05305477035573003,WELFake_residual->McIntire
7,tfidf_lr,S_B,B,0,0,0,,ISOT,McIntire,cross,2988,1590,0.6598837209302325,0.5584905660377358,0.6069974105613551,0.6238202602745144,0.9660842754367934,0.9936169778594022,0.3062005545065609,0.36979671758488775,ISOT->McIntire
7,tfidf_lr,S_B,B,0,0,0,,ISOT,WELFake_residual,cross,2988,1588,0.6774827925270404,0.5869017632241813,0.6345504224841425,0.6565773528161464,0.9660842754367934,0.9936169778594022,0.28860148290975307,0.3370396250432558,ISOT->WELFake_residual
7,tfidf_lr,S_B,B,0,0,0,,McIntire,ISOT,cross,2988,1588,0.6368715083798883,0.6316120906801007,0.6927969794484092,0.6911470791642609,0.9121540312876052,0.969557620908054,0.27528252290771693,0.2784105417437931,McIntire->ISOT
7,tfidf_lr,S_B,B,0,0,0,,McIntire,WELFake_residual,cross,2988,1588,0.8117386489479512,0.7858942065491183,0.9211718192459422,0.911776928982482,0.9121540312876052,0.969557620908054,0.10041538233965397,0.057780691925572,McIntire->WELFake_residual
7,tfidf_lr,S_B,B,0,0,0,,WELFake_residual,ISOT,cross,2992,1588,0.6719056974459725,0.6845088161209067,0.7539230692515034,0.7634335602662284,0.917933130699088,0.9771754986969136,0.2460274332531155,0.21374193843068512,WELFake_residual->ISOT
7,tfidf_lr,S_B,B,0,0,0,,WELFake_residual,McIntire,cross,2992,1590,0.8256146369353916,0.8081761006289309,0.9146754641813842,0.9137644871642734,0.917933130699088,0.9771754986969136,0.09231849376369639,0.06341101153264017,WELFake_residual->McIntire
7,tfidf_lr,R_W,0,0,0,0,W,ISOT,McIntire,cross,2988,1590,0.6583665338645418,0.5685534591194968,0.5944459101203449,0.6226510027293224,0.964467005076142,0.9909723497602284,0.3061004712116002,0.368321347030906,ISOT->McIntire
7,tfidf_lr,R_W,0,0,0,0,W,ISOT,WELFake_residual,cross,2988,1588,0.6602336211274759,0.5787153652392947,0.62207931906867,0.6434229644246204,0.964467005076142,0.9909723497602284,0.30423338394866617,0.347549385335608,ISOT->WELFake_residual
7,tfidf_lr,R_W,0,0,0,0,W,McIntire,ISOT,cross,2988,1588,0.6493975903614457,0.6335012594458438,0.6886028460016288,0.6955456223946602,0.9174757281553398,0.9741864641219152,0.2680781377938941,0.278640841727255,McIntire->ISOT
7,tfidf_lr,R_W,0,0,0,0,W,McIntire,WELFake_residual,cross,2988,1588,0.7986725663716814,0.7707808564231738,0.9135221940032964,0.9002864684123368,0.9174757281553398,0.9741864641219152,0.11880316178365846,0.07389999570957839,McIntire->WELFake_residual
7,tfidf_lr,R_W,0,0,0,0,W,WELFake_residual,ISOT,cross,2992,1588,0.7199488491048593,0.7241813602015114,0.7917889306436114,0.8007236261888597,0.934959349593496,0.9837073218705435,0.21501050048863668,0.18298369568168382,WELFake_residual->ISOT
7,tfidf_lr,R_W,0,0,0,0,W,WELFake_residual,McIntire,cross,2992,1590,0.8394629305312318,0.8270440251572327,0.9261494477458336,0.9242450852418812,0.934959349593496,0.9837073218705435,0.09549641906226425,0.059462236628662346,WELFake_residual->McIntire
7,tfidf_lr,R_B,0,0,0,0,B,ISOT,McIntire,cross,2988,1590,0.6536203522504892,0.5547169811320755,0.5927062362022948,0.6056943950001978,0.9776422764227642,0.9939230690745842,0.32402192417227504,0.3882286740743863,ISOT->McIntire
7,tfidf_lr,R_B,0,0,0,0,B,ISOT,WELFake_residual,cross,2988,1588,0.6505900461775269,0.5711586901763224,0.6232660104141359,0.625925549936869,0.9776422764227642,0.9939230690745842,0.32705223024523733,0.36799751913771517,ISOT->WELFake_residual
7,tfidf_lr,R_B,0,0,0,0,B,McIntire,ISOT,cross,2988,1588,0.6767007826610476,0.6618387909319899,0.7448228084981967,0.7412616030810422,0.9195678271308524,0.9773532480768764,0.24286704446980478,0.23609164499583424,McIntire->ISOT
7,tfidf_lr,R_B,0,0,0,0,B,McIntire,WELFake_residual,cross,2988,1588,0.8051948051948052,0.7732997481108312,0.9177479098112832,0.9113883090432652,0.9195678271308524,0.9773532480768764,0.11437302193604715,0.06596493903361123,McIntire->WELFake_residual
7,tfidf_lr,R_B,0,0,0,0,B,WELFake_residual,ISOT,cross,2992,1588,0.7391304347826086,0.743073047858942,0.797629238642609,0.8181671097462708,0.9427402862985684,0.9831869068498093,0.20360985151595978,0.16501979710353842,WELFake_residual->ISOT
7,tfidf_lr,R_B,0,0,0,0,B,WELFake_residual,McIntire,cross,2992,1590,0.8408163265306122,0.8283018867924529,0.9293818722340252,0.9256279419326768,0.9427402862985684,0.9831869068498093,0.10192395976795621,0.057558964917132416,WELFake_residual->McIntire
