i,j,jaccard,containment,tier,ds_i,ds_j,label_conflict,text_i,text_j
3755,5676,0.9774590163934426,0.9973863042341872,primary,McIntire,McIntire,False,"Daisy Luther  Let’s talk about Wikileaks.  First of all, the organization was founded by Julian Assange back in 2006. Their website explains what they are all about:  “WikiLeaks specializes in the ana","Posted on October 28, 2016 by Daisy Luther  Let’s talk about Wikileaks .  First of all, the organization was founded by Julian Assange back in 2006. Their website explains what they are all about:  “W"
3762,4306,0.9688473520249221,0.9857369255150554,primary,McIntire,McIntire,False,"Get Ready For Civil Unrest: Survey Finds That Most Americans Are Concerned About Election Violence By Michael Snyder, on October 26th, 2016  Could we see violence no matter who wins on November 8th? L","Print  Could we see violence no matter who wins on November 8th? Let’s hope that it doesn’t happen, but as you will see below, anti-Trump violence is already sweeping the nation. If Trump were to actu"
3080,4156,0.9285714285714286,1.0,primary,McIntire,McIntire,False,Notify me of follow-up comments by email. Notify me of new posts by email. PLEASE DONATE TO KEEP BARE NAKED ISLAM UP AND RUNNING. Choose DONATE for one-time donation or SUBSCRIBE for monthly donations,Notify me of follow-up comments by email. Notify me of new posts by email. PLEASE DONATE TO KEEP BARE NAKED ISLAM UP AND RUNNING. Choose DONATE for one-time donation or SUBSCRIBE for monthly donations
3335,4137,0.8934306569343066,0.9473684210526315,primary,McIntire,McIntire,False,"Blame Government, Not Markets, for Monopoly Written by Ron Paul Email  When Time-Warner announced it planned to merge with another major communications firm, many feared the new company would exercise","Email  When Time-Warner announced it planned to merge with another major communications firm, many feared the new company would exercise near-total monopoly power. These concerns led some to call for "
3755,4558,0.9870533402382186,0.996340825927862,primary,McIntire,McIntire,False,"Daisy Luther  Let’s talk about Wikileaks.  First of all, the organization was founded by Julian Assange back in 2006. Their website explains what they are all about:  “WikiLeaks specializes in the ana","in: Government Corruption , Mainstream Media , US News , Whistle Blowers Let’s talk about Wikileaks. First of all, the organization was founded by Julian Assange back in 2006. Their website explains w"
2168,2664,0.43023255813953487,1.0,primary,ISOT,ISOT,False,"Donald Trump addressed thousands of motorcyclists, many of them military veterans, attending the annual Rolling Thunder gathering to honor the nation s soldier missing-in-action. The bikers have been ",PRESIDENT TRUMP IN PHOENIX SPEAKING TO HIS SUPPORTERS MAGA! Live Stream below:This is where President Trump is best! He s 100% right on what he s done so far for the American people ALL of the America
3981,4858,0.8563789152024446,0.9264462809917355,primary,McIntire,McIntire,False,"  WashingtonsBlog  By Robert Parry, the investigative reporter who many of the Iran-Contra stories for The Associated Press and Newsweek in the 1980s. Originally published at Parry’s Consortium News (", Why Trump Won and Why Clinton Lost Hillary Clintons stunning defeat reflected a gross misjudgment by the Democratic Party about the depth of populist anger against self-serving elites who have treat
5385,5487,0.979187314172448,0.9944640161046804,primary,McIntire,McIntire,False,"By Joachim Hagopian October 31, 2016  This last Friday it became public record that FBI Director James Comey reopened the Hillary Clinton email server investigation after repeatedly testifying before ",Posted 10/31/2016 10:54 am by PatriotRising with 0 comments  This last Friday it became public record that FBI Director James Comey reopened the Hillary Clinton email server investigation after repeat
3570,5217,1.0,1.0,primary,McIntire,McIntire,False,"*Sent:* Tuesday, August 11, 2015 6:00 PM *To:* Kendall, David *Subject:* Hi again from AP (inquiry about thumb drive)  Hi David,  We have been told, and we are preparing to report, that the FBI has ta","*Sent:* Tuesday, August 11, 2015 6:00 PM *To:* Kendall, David *Subject:* Hi again from AP (inquiry about thumb drive) Hi David, We have been told, and we are preparing to report, that the FBI has take"
3166,3370,0.952920662598082,0.9891402714932127,primary,McIntire,McIntire,False,"Stamptastic / Shutterstock.com  Oh good. The world reaches a crossroads, or probably a road off a cliff, just when I want to relax and watch gratuitous violence on the tube. To judge by the rapid drif","By Fred Reed October 28, 2016  Oh good. The world reaches a crossroads, or probably a road off a cliff, just when I want to relax and watch gratuitous violence on the tube. To judge by the rapid drift"
3149,4397,0.711864406779661,0.9970326409495549,primary,McIntire,McIntire,False,Leave a Reply Click here to get more info on formatting (1) Leave the name field empty if you want to post as Anonymous. It's preferable that you choose a name so it becomes clear who said what. E-mai,"SouthFront Syrian War Report Leave a Reply 1 Comment on ""Syrian War Report – November 2, 2016: ISIS and Al-Nusra Attempt to Cut Off Govt Supply Line to Aleppo"" Leave a Reply Click here to get more inf"
4008,4533,0.9789750328515112,1.0,primary,McIntire,McIntire,False,Senate Minority Leader Harry Reid alleges that FBI Director Comey has violated the law by announcing the re-opened investigation into Clinton emails so close to the presidential election.  Is he right,Constitutional Law Expert: Comey Did NOT Violate Law By Announcing Email Investigation   Source: Washington's Blog   Senate Minority Leader Harry Reid alleges that FBI Director Comey has violated the 
629,2758,0.7897574123989218,1.0,primary,ISOT,ISOT,False,"The irony in this entire cancellation of a tradition in Portland, Oregon is that now the Antifa (Anti Fascists) have pissed off the more moderate lefties. One group was going to speak at the parade ev","WASHINGTON, D.C.   May Day is the day for commies to come out in force The Antifa thugs are proudly marching for communism but when a journalist asked why they were carrying a North Korean flag, this "
3149,5247,0.41739130434782606,0.9970326409495549,primary,McIntire,McIntire,False,Leave a Reply Click here to get more info on formatting (1) Leave the name field empty if you want to post as Anonymous. It's preferable that you choose a name so it becomes clear who said what. E-mai,"Saker Message: No current Saker messages. Russia celebrates a Unity Day of liberation of Moscow from the Polish Roman Papists army in 1612 273 Views November 05, 2016 No Comments Scotts Corner Scott  "
4713,5272,0.5695652173913044,0.916083916083916,primary,McIntire,McIntire,False,"November 11: Daily Contrarian Reads   My daily contrarian reads for Friday, November 11th, 2016. You need to login to view this content.  David Stockman’s Contra Corner isn’t your typical financial ti","October 28: Daily Contrarian Reads By David Stockman. Posted On Friday, October 28th, 2016 My daily contrarian reads for Friday, October 28th. You need to login to view this content.  David Stockman’s"
4037,4491,0.9948642699926632,0.9985272459499264,primary,McIntire,McIntire,False,"DaisyLuther.com October 31, 2016  According to a report in the New Yorker, James Comey, Big Kahuna of the FBI, went full-on cowboy in releasing details of the new Clinton email inquiry. Apparently, th","  Daisy Luther  According to a report in the New Yorker, James Comey , Big Kahuna of the FBI, went full-on cowboy in releasing details of the new Clinton email inquiry. Apparently, the Department of J"
4281,4397,0.6985446985446986,0.9710982658959537,primary,McIntire,McIntire,False,"1 Comment on ""How the election battle shapes up"" Leave a Reply Click here to get more info on formatting (1) Leave the name field empty if you want to post as Anonymous. It's preferable that you choos","SouthFront Syrian War Report Leave a Reply 1 Comment on ""Syrian War Report – November 2, 2016: ISIS and Al-Nusra Attempt to Cut Off Govt Supply Line to Aleppo"" Leave a Reply Click here to get more inf"
4630,4856,0.9228723404255319,0.9638888888888889,primary,McIntire,McIntire,False,"Posted on October 28, 2016 by Paul Joseph Watson Another reason as to why Ryan tried to sabotage Trump’s campaign? Hillary Clinton’s campaign circulated the name of one of Paul Ryan’s relatives as a p","Another reason as to why Ryan tried to sabotage Trump’s campaign?  Paul Joseph Watson Prison Planet.com October 27, 2016 Hillary Clinton’s campaign circulated the name of one of Paul Ryan’s relatives "
3389,4306,0.979381443298969,0.9895833333333334,primary,McIntire,McIntire,False," Could we see violence no matter who wins on November 8th? Let’s hope that it doesn’t happen, but as you will see below, anti-Trump violence is already sweeping the nation. If Trump were to actually w","Print  Could we see violence no matter who wins on November 8th? Let’s hope that it doesn’t happen, but as you will see below, anti-Trump violence is already sweeping the nation. If Trump were to actu"
4405,5613,0.8807157057654076,0.9365750528541226,primary,McIntire,McIntire,False,Email  Julian Assange claims that Hillary Clinton’s campaign used hackers to attack WikiLeaks’ servers. WikiLeaks’ editor-in-chief says that despite the Ecuadorian embassy shutting down its internet t,"  Edmondo Burr in News , World // 0 Comments Julian Assange claims that Hillary Clinton’s campaign used hackers to attack WikiLeaks’ servers.  WikiLeaks’ editor-in-chief says that despite the Ecuadori"
3257,5303,1.0,1.0,primary,McIntire,McIntire,False,X Dear Reader! VDARE.com isn’t just a website. We are the voice of the Historic American Nation . Our goal is nothing less than to develop a full spectrum media network to speak up for our people duri,X Dear Reader! VDARE.com isn’t just a website. We are the voice of the Historic American Nation . Our goal is nothing less than to develop a full spectrum media network to speak up for our people duri
3179,5438,0.936080740117746,0.9849557522123894,primary,McIntire,McIntire,False,"  28, 2016 | Reviews   Michael Moore in New York City's Union Square Barnes & Noble to discuss his book Here Comes Trouble , September 13, 2011 ( David Shankbone / CC BY 3.0 ) Michael Moore’s “Trumpla","Posted on October 27, 2016 by DavidSwanson  Michael Moore has made some terrific movies in the past, and Where to Invade Next may be the best of them, but I expected Trumpland to be (1) about Trump, ("
4281,5247,0.41277641277641275,0.9710982658959537,primary,McIntire,McIntire,False,"1 Comment on ""How the election battle shapes up"" Leave a Reply Click here to get more info on formatting (1) Leave the name field empty if you want to post as Anonymous. It's preferable that you choos","Saker Message: No current Saker messages. Russia celebrates a Unity Day of liberation of Moscow from the Polish Roman Papists army in 1612 273 Views November 05, 2016 No Comments Scotts Corner Scott  "
3389,3762,0.9424242424242424,0.9826224328593997,primary,McIntire,McIntire,False," Could we see violence no matter who wins on November 8th? Let’s hope that it doesn’t happen, but as you will see below, anti-Trump violence is already sweeping the nation. If Trump were to actually w","Get Ready For Civil Unrest: Survey Finds That Most Americans Are Concerned About Election Violence By Michael Snyder, on October 26th, 2016  Could we see violence no matter who wins on November 8th? L"
1340,5192,0.45844385499557916,0.9637546468401487,primary,ISOT,McIntire,False,The T.I.N.A. Doctrine    There Is No Alternative  Brandon Smith Alt-MarketWhen people unfamiliar with the liberty movement stumble onto the undeniable fact of the  conspiracy  of globalism they tend t,The Dark Agenda Behind Globalism And Open Borders    by Brandon Smith  When people unfamiliar with the liberty movement stumble onto the undeniable fact of the “conspiracy” of globalism they tend to l
4014,4819,0.9377628259041211,0.9893522626441881,primary,McIntire,McIntire,False,"Videos Police Departments Refuse Participation In Dakota Access Pipeline Crackdown In addition to the general retreat of departments, two officers have already turned in their badges in support of the","Print Email http://humansarefree.com/2016/11/verified-report-these-cops-left.html Standing Rock, North Dakota ( TFC ) — Widespread outrage over both the construction of the Dakota Access Pipeline and "
2397,4214,0.5592783505154639,0.9004149377593361,primary,ISOT,McIntire,True,WASHINGTON (Reuters) - A bipartisan group of lawmakers in the U.S. Congress on Thursday asked the Justice Department to clarify how a looming rule change to the government’s hacking powers could impac,Home › SCIENCE & TECHNOLOGY › U.S. LAWMAKERS RAISE PRIVACY CONCERNS OVER NEW HACKING RULES U.S. LAWMAKERS RAISE PRIVACY CONCERNS OVER NEW HACKING RULES 0 SHARES [10/27/16] A bipartisan group of lawmak
3406,4859,0.7493472584856397,1.0,primary,McIntire,McIntire,False,"Site Map  Select Page After terrorizing America with Zika scaremongering, Washington Post now admits Zika virus doesn’t cause brain deformities after all  Posted by Madeline | Oct 26, 2016 | 2016 , Da","March 2, 2016: Zika PAYDAY! Obama wants to funnel $1.8 billion for vaccine research and more  I even published a mini-documentary revealing the published science that shows how DEET insecticide causes"
3029,5073,0.9280125195618153,0.975328947368421,primary,McIntire,McIntire,False,"Saudi Arabia poised to be reelected to UN Human Rights Council   Source: RT  As the death toll in Yemen surpasses 10,000, Saudi Arabia, one of the principal parties in the conflict, is poised to be re","Wed, 26 Oct 2016 21:49 UTC © Naif Rahma / Reuters As the death toll in Yemen surpasses 10,000, Saudi Arabia, one of the principal parties in the conflict, is poised to be reelected to the UN human rig"
4088,5731,0.9409391049156273,0.978634109118657,primary,McIntire,McIntire,False,". Tired of Western Propaganda Against Russia? Here's Vladimir Putin’s Perspective Vladimir Putin in particular, and Russia in general, have been the focus of an intensive high-drama ... Print Email ht","in: War Propaganda , World News If it’s not Islamophobia, it’s Russophobia. Tired of Western propaganda? Get Vladimir Putin’s perspective with words straight from the horse’s mouth. Vladimir Putin in "
4037,4849,0.9934065934065934,0.9970588235294118,primary,McIntire,McIntire,False,"DaisyLuther.com October 31, 2016  According to a report in the New Yorker, James Comey, Big Kahuna of the FBI, went full-on cowboy in releasing details of the new Clinton email inquiry. Apparently, th","Posted by Daisy Luther  According to a report in the New Yorker, James Comey , Big Kahuna of the FBI, went full-on cowboy in releasing details of the new Clinton email inquiry. Apparently, the Departm"
4738,5387,0.9497005988023952,0.9790123456790123,primary,McIntire,McIntire,False,"Meet the journalist facing 45 years in jail for filming the tar sands pipeline protest in North Dakota  Thursday, October 27, 2016 by: Natural News Editors Tags: First Amendment , Dakota Pipeline , cr","Meet the journalist facing 45 years in jail for filming the tar sands pipeline protest in North Dakota  Thursday, October 27, 2016  Are North Dakota authorities waging a war against the public’s right"
4446,5734,0.9959514170040485,0.9986468200270636,primary,McIntire,McIntire,False,"Go to Article  “The people have the power, all we have to do is awaken that power in the people. The people are unaware. They’re not educated to realize that they have power. The system is so geared t","By John Whitehead, the Rutherford Institute .  “The people have the power, all we have to do is awaken that power in the people. The people are unaware. They’re not educated to realize that they have "
4558,5676,0.9699745547073791,0.9906444906444907,primary,McIntire,McIntire,False,"in: Government Corruption , Mainstream Media , US News , Whistle Blowers Let’s talk about Wikileaks. First of all, the organization was founded by Julian Assange back in 2006. Their website explains w","Posted on October 28, 2016 by Daisy Luther  Let’s talk about Wikileaks .  First of all, the organization was founded by Julian Assange back in 2006. Their website explains what they are all about:  “W"
4146,5295,0.9748653500897666,0.9890710382513661,primary,McIntire,McIntire,False,"97925 Views October 29, 2016 BROADCAST King World News FOR DIRECTIONS ON HOW TO PLAY OR DOWNLOAD AUDIOS: CLICK HERE Rick Rule: Chairman / Founder of Sprott US Holdings & President of   USA; Portfolio ","97924 Views October 29, 2016 KWN PLUS , TRENDING King World News FOR DIRECTIONS ON HOW TO PLAY OR DOWNLOAD AUDIOS: CLICK HERE Rick Rule: Chairman / Founder of Sprott US Holdings & President of   USA; "
4581,5168,0.8715538847117794,0.9392302498311952,primary,McIntire,McIntire,False,Does someone behind the scenes want to see civil war in the United States?  The answer is almost certainly yes.  And it isn’t likely to settle down anytime in the next few days. (If you aren’t prepped,"Paid instigators are making an already bad situation much much worse. As riots and protests rage through the streets of America, the question has to be asked.  Via ActivistPost   Does someone behind t"
4166,4770,0.979381443298969,0.9927007299270073,primary,McIntire,McIntire,False,"42   Shoina is a village drowned up to the waist in sand. Its denizens are quite fatalistic about it, and their only means of protection is leaving their door open for the night, as they can never be ","41   Shoina is a village drowned up to the waist in sand. Its denizens are quite fatalistic about it, and their only means of protection is leaving their door open for the night, as they can never be "
3104,4353,0.9929725931131412,0.9971771347918137,primary,McIntire,McIntire,False,"Thursday Oct 27, 2016  WAR is a racket. It always has been.  It is possibly the oldest, easily the most profitable, surely the most vicious. It is the only one international in scope. It is the only o","at 1:10 pm 3 Comments  WAR is a racket. It always has been.  It is possibly the oldest, easily the most profitable, surely the most vicious. It is the only one international in scope. It is the only o"
4587,5071,0.4821246169560776,0.9535353535353536,primary,McIntire,McIntire,False,Home › POLITICS | US NEWS › TRIGGERED: JOURNALIST SNOWFLAKES SCARED TRUMP SUPPORTERS ARE ‘TURNING ON THE MEDIA’ TRIGGERED: JOURNALIST SNOWFLAKES SCARED TRUMP SUPPORTERS ARE ‘TURNING ON THE MEDIA’ 0 SH,"Wed, 26 Oct 2016 00:00 UTC Triggered journalists from across the nation are bemoaning the treatment members of the press are receiving at Trump campaign rallies from the Trump supporters the media rou"
4763,5345,0.9706818181818182,1.0,primary,McIntire,McIntire,False,"This time it's true no pantsTweetwave More Of Anthony Weiner's Greatest Hits Users browsing this forum: No registered users and 13 guests Display posts from previous: Powered by phpBB © 2000, 2002, 20","Channel list  Following hurricane Matthew's failure to devastate Florida, activists flock to the Sunshine State and destroy Trump signs manually  Tim Kaine takes credit for interrupting hurricane Matt"
3149,4281,0.968299711815562,0.9970326409495549,primary,McIntire,McIntire,False,Leave a Reply Click here to get more info on formatting (1) Leave the name field empty if you want to post as Anonymous. It's preferable that you choose a name so it becomes clear who said what. E-mai,"1 Comment on ""How the election battle shapes up"" Leave a Reply Click here to get more info on formatting (1) Leave the name field empty if you want to post as Anonymous. It's preferable that you choos"
4491,4849,0.9985294117647059,1.0,primary,McIntire,McIntire,False,"  Daisy Luther  According to a report in the New Yorker, James Comey , Big Kahuna of the FBI, went full-on cowboy in releasing details of the new Clinton email inquiry. Apparently, the Department of J","Posted by Daisy Luther  According to a report in the New Yorker, James Comey , Big Kahuna of the FBI, went full-on cowboy in releasing details of the new Clinton email inquiry. Apparently, the Departm"
4159,4632,0.7185454545454546,0.9840637450199203,primary,McIntire,McIntire,False,"Posted on October 30, 2016 by DavidSwanson  Picture, if you will, video footage of vintage (early 2016) Donald Trump buffoonery with the CEO of CBS Leslie Moonves commenting on major media’s choice to","October Boomerang ‹ › David Swanson is an author, activist, journalist, and radio host. He is a 2015 Nobel Peace Prize Nominee. He is director of WorldBeyondWar.com and campaign coordinator for RootsA"
3574,4065,0.900990099009901,0.9479166666666666,primary,McIntire,McIntire,False,"WHAT WILL Donald Trump do if he loses the elections in a week and a half from now, as most polls indicate?  He has already declared that he will recognize the results -- but only if he wins.  That sou","What will Donald Trump do if he loses the elections in a week and a half from now, as most polls indicate?  He has already declared that he will recognize the results – but only if he wins.  That soun"
3101,5490,0.6600049962528104,0.8883658372562205,sensitivity,McIntire,McIntire,False,"A dispatch from RT.com ABOVE: Democratic U.S. presidential candidate Hillary Clinton (L) and Julian Assange, Founder and Editor-in-Chief of WikiLeaks © Reuters / Darthmouth Films Hillary Clinton spark","By wmw_admin on November 6, 2016 Darkmoon — Nov 6, 2016 RT : “Whistleblower Julian Assange has given one of his most incendiary interviews ever in a John Pilger Special [released late yesterday] court"
4828,5488,0.5201793721973094,0.7295597484276729,sensitivity,McIntire,McIntire,False,"Clinton Camp Desperate, Russia Trains for WWIII US media not letting the public know how tense Russia situation really is Infowars Nightly News    Russia is training millions domestically for WWIII, t","This Viral Video Has Hillary Running Scared The wildest campaign ad you will ever see! Infowars.com - October 28, 2016 Comments  Share this video on YouTube and Facebook to join the fight and support "
4062,5723,0.7161458333333334,0.9023789991796555,sensitivity,McIntire,McIntire,False,"  Finian Cunningham has written extensively on international affairs, with articles published in several languages. Many of his recent articles appear on the renowned Canadian-based news website Globa",How the Oligarchy Has Prepared the Groundwork for Stealing the Election  In addition to the cyber manipulation of electronic voting (see http://www.paulcraigroberts.org/2016/11/01/very-easy-to-invisib
4326,5488,0.628140703517588,0.7861635220125787,sensitivity,McIntire,McIntire,False,"Back Story Of FBI’s Hillary Cover-Up FBI corruption exposed Infowars Nightly News - October 28, 2016 Comments  Angry law enforcement investigators are talking about corruption at the top of the FBI’s ","This Viral Video Has Hillary Running Scared The wildest campaign ad you will ever see! Infowars.com - October 28, 2016 Comments  Share this video on YouTube and Facebook to join the fight and support "
3183,4677,0.6699029126213593,0.8625,sensitivity,McIntire,McIntire,False,What is going on with WikiLeaks? 28/10/2016 tweet WikiLeaks director and founder of the Centre for Investigative Journalism Gavin MacFadyen has died at age 76. The cause of death is yet unknown. His ‘,What is going on with WikiLeaks?   Defend Democracy  WikiLeaks director and founder of the Centre for Investigative Journalism Gavin MacFadyen has died at age 76. The cause of death is yet unknown. Hi
4709,5716,0.6171079429735234,0.907185628742515,sensitivity,McIntire,McIntire,False,US abstains from UN vote calling for end to Cuban embargo US abstains from UN vote calling for end to Cuban embargo By 0 94  The US government abstained from the UN vote on a resolution calling for an,"US abstains from UN vote calling for end to Cuban embargo Published time: 26 Oct, 2016 21:10 Get short URL U.S. President Barack Obama and Cuban President Raul Castro gesture after a news conference a"
3496,4828,0.5065502183406113,0.703030303030303,sensitivity,McIntire,McIntire,False,"Trump Votes Are Being Flipped To Clinton There have already been multiple reports of faulty electronic voting machines The Alex Jones Show - October 28, 2016 Comments  The election fraud is already be","Clinton Camp Desperate, Russia Trains for WWIII US media not letting the public know how tense Russia situation really is Infowars Nightly News    Russia is training millions domestically for WWIII, t"
4326,4724,0.6066350710900474,0.7757575757575758,sensitivity,McIntire,McIntire,False,"Back Story Of FBI’s Hillary Cover-Up FBI corruption exposed Infowars Nightly News - October 28, 2016 Comments  Angry law enforcement investigators are talking about corruption at the top of the FBI’s ","Black Activist Blasts Hillary Clinton Over Wikileaks Revelation Eric Garner's daughter speaks out against Clinton campaign for using her father's death Infowars Nightly News - October 28, 2016 Comment"
4381,4703,0.8518518518518519,0.92,sensitivity,McIntire,McIntire,False,"Notify me of follow-up comments by email. Notify me of new posts by email. Security Question: What is 15 + 14 ? Please leave these two fields as-is: IMPORTANT! To be able to proceed, you need to solve","Notify me of follow-up comments by email. Notify me of new posts by email. Security Question: What is 14 + 5 ? Please leave these two fields as-is: IMPORTANT! To be able to proceed, you need to solve "
3256,5286,0.6111975116640747,0.8871331828442438,sensitivity,McIntire,McIntire,False," In today’s, 25th, Wikileaks release of hacked Podesta emails, one of the notable highlights is a March 2, 2015 exchange between John Podesta and Clinton aide Cheryl Mills in which the Clinton Campaig"," In today’s, 25th, Wikileaks release of hacked Podesta emails, one of the notable highlights is a March 2, 2015 exchange between John Podesta and Clinton aide Cheryl Mills in which the Clinton Campaig"
4003,4381,0.8518518518518519,0.92,sensitivity,McIntire,McIntire,False,"Notify me of follow-up comments by email. Notify me of new posts by email. Security Question: What is 13 + 12 ? Please leave these two fields as-is: IMPORTANT! To be able to proceed, you need to solve","Notify me of follow-up comments by email. Notify me of new posts by email. Security Question: What is 15 + 14 ? Please leave these two fields as-is: IMPORTANT! To be able to proceed, you need to solve"
653,1782,0.5555555555555556,0.7142857142857143,sensitivity,ISOT,ISOT,False,"Tune in to the Alternate Current Radio Network (ACR) for another LIVE broadcast of  The Boiler Room  tonight 6:00 PM PST | 8:00 PM CST | 9:00 PM EST for this special broadcast. Join us for uncensored,","Tune in to the Alternate Current Radio Network (ACR) for another LIVE broadcast of  The Boiler Room tonight 6:00 PM PST | 8:00 PM CST | 9:00 PM EST for this special broadcast. Join us for uncensored, "
4208,5488,0.5521739130434783,0.7987421383647799,sensitivity,McIntire,McIntire,False,"Hillary Responds To Creepy Joe Biden Caught Groping Dozens of Young Women Also, Michelle Obama hosts an event for rappers who promote rape Alex Jones | Infowars.com - October 28, 2016 Comments  As if ","This Viral Video Has Hillary Running Scared The wildest campaign ad you will ever see! Infowars.com - October 28, 2016 Comments  Share this video on YouTube and Facebook to join the fight and support "
3789,3826,0.7383922383922384,0.8805785123966943,sensitivity,McIntire,McIntire,False,"John Pilger: Inside The Invisible Government: War, Propaganda, Clinton And Trump    The American journalist, Edward Bernays, is often described as the man who invented modern propaganda.  The nephew o","Selling ‘Regime Change’ Wars to the Masses October 28, 2016  Propaganda is now such a pervasive part of Western governance that any foreign leader who resists the prevailing power structure can be tur"
3678,5655,0.5554862842892768,0.8830525272547076,sensitivity,McIntire,McIntire,False,"Posted on October 30, 2016 by Dr. Eowyn | 12 Comments  On Friday, FBI Director James Comey informed Congress that the agency is re-opening its criminal investigation of Hillary Clinton’s unsecured and","  Since 2011, VNN has operated as part of the Veterans Today Network ; a group that operates over 50 plus media, information and service online sites for U.S. Military Veterans. Democrats should ask C"
4003,4703,0.8518518518518519,0.92,sensitivity,McIntire,McIntire,False,"Notify me of follow-up comments by email. Notify me of new posts by email. Security Question: What is 13 + 12 ? Please leave these two fields as-is: IMPORTANT! To be able to proceed, you need to solve","Notify me of follow-up comments by email. Notify me of new posts by email. Security Question: What is 14 + 5 ? Please leave these two fields as-is: IMPORTANT! To be able to proceed, you need to solve "
4067,5490,0.7514191813564386,0.8708448753462604,sensitivity,McIntire,McIntire,False,"Secrets of the US Election: Assange Talks to Pilger November 5, 2016  WikiLeaks founder Julian Assange denies the Russian government was the source of leaked emails about Hillary Clinton and says her ","By wmw_admin on November 6, 2016 Darkmoon — Nov 6, 2016 RT : “Whistleblower Julian Assange has given one of his most incendiary interviews ever in a John Pilger Special [released late yesterday] court"
3496,4208,0.5252100840336135,0.7575757575757576,sensitivity,McIntire,McIntire,False,"Trump Votes Are Being Flipped To Clinton There have already been multiple reports of faulty electronic voting machines The Alex Jones Show - October 28, 2016 Comments  The election fraud is already be","Hillary Responds To Creepy Joe Biden Caught Groping Dozens of Young Women Also, Michelle Obama hosts an event for rappers who promote rape Alex Jones | Infowars.com - October 28, 2016 Comments  As if "
1344,1782,0.7043478260869566,0.826530612244898,sensitivity,ISOT,ISOT,False,"Tune in to the Alternate Current Radio Network (ACR) for another LIVE broadcast of  The Boiler Room tonight 6:00 PM PST | 8:00 PM CST | 9:00 PM EST for this special broadcast. Join us for uncensored, ","Tune in to the Alternate Current Radio Network (ACR) for another LIVE broadcast of  The Boiler Room tonight 6:00 PM PST | 8:00 PM CST | 9:00 PM EST for this special broadcast. Join us for uncensored, "
4977,5023,0.6206896551724138,0.8901098901098901,sensitivity,McIntire,McIntire,False,Home › POLICE STATE › HOMESCHOOL FAMILIES TARGETED IN DISTRICT’S ‘OPERATION ROUND UP’ HOMESCHOOL FAMILIES TARGETED IN DISTRICT’S ‘OPERATION ROUND UP’ 0 SHARES  [10/31/16] A public school official in F,Off the Grid News – by Daniel Jennings  A public school official in Florida has urged citizens to fight truancy by reporting any children they suspect might not be in school or being educated — includ
4381,5379,0.8518518518518519,0.92,sensitivity,McIntire,McIntire,False,"Notify me of follow-up comments by email. Notify me of new posts by email. Security Question: What is 15 + 14 ? Please leave these two fields as-is: IMPORTANT! To be able to proceed, you need to solve","Notify me of follow-up comments by email. Notify me of new posts by email. Security Question: What is 5 + 13 ? Please leave these two fields as-is: IMPORTANT! To be able to proceed, you need to solve "
3496,5488,0.628140703517588,0.7861635220125787,sensitivity,McIntire,McIntire,False,"Trump Votes Are Being Flipped To Clinton There have already been multiple reports of faulty electronic voting machines The Alex Jones Show - October 28, 2016 Comments  The election fraud is already be","This Viral Video Has Hillary Running Scared The wildest campaign ad you will ever see! Infowars.com - October 28, 2016 Comments  Share this video on YouTube and Facebook to join the fight and support "
4208,4724,0.5060728744939271,0.7183908045977011,sensitivity,McIntire,McIntire,False,"Hillary Responds To Creepy Joe Biden Caught Groping Dozens of Young Women Also, Michelle Obama hosts an event for rappers who promote rape Alex Jones | Infowars.com - October 28, 2016 Comments  As if ","Black Activist Blasts Hillary Clinton Over Wikileaks Revelation Eric Garner's daughter speaks out against Clinton campaign for using her father's death Infowars Nightly News - October 28, 2016 Comment"
3101,4067,0.6215080346106304,0.8704986149584487,sensitivity,McIntire,McIntire,False,"A dispatch from RT.com ABOVE: Democratic U.S. presidential candidate Hillary Clinton (L) and Julian Assange, Founder and Editor-in-Chief of WikiLeaks © Reuters / Darthmouth Films Hillary Clinton spark","Secrets of the US Election: Assange Talks to Pilger November 5, 2016  WikiLeaks founder Julian Assange denies the Russian government was the source of leaked emails about Hillary Clinton and says her "
3496,4724,0.5841121495327103,0.7575757575757576,sensitivity,McIntire,McIntire,False,"Trump Votes Are Being Flipped To Clinton There have already been multiple reports of faulty electronic voting machines The Alex Jones Show - October 28, 2016 Comments  The election fraud is already be","Black Activist Blasts Hillary Clinton Over Wikileaks Revelation Eric Garner's daughter speaks out against Clinton campaign for using her father's death Infowars Nightly News - October 28, 2016 Comment"
4703,5379,0.8518518518518519,0.92,sensitivity,McIntire,McIntire,False,"Notify me of follow-up comments by email. Notify me of new posts by email. Security Question: What is 14 + 5 ? Please leave these two fields as-is: IMPORTANT! To be able to proceed, you need to solve ","Notify me of follow-up comments by email. Notify me of new posts by email. Security Question: What is 5 + 13 ? Please leave these two fields as-is: IMPORTANT! To be able to proceed, you need to solve "
4003,5379,0.8518518518518519,0.92,sensitivity,McIntire,McIntire,False,"Notify me of follow-up comments by email. Notify me of new posts by email. Security Question: What is 13 + 12 ? Please leave these two fields as-is: IMPORTANT! To be able to proceed, you need to solve","Notify me of follow-up comments by email. Notify me of new posts by email. Security Question: What is 5 + 13 ? Please leave these two fields as-is: IMPORTANT! To be able to proceed, you need to solve "
5141,5416,0.6416666666666667,0.850828729281768,sensitivity,McIntire,McIntire,False,"November 1, 2016 Pope Francis Commemorates 500th Anniversary Of Protestant Reformation  Pope Francis is in Sweden to kick off the commemoration of 500 years since the Protestant Reformation. The refor","October 26, 2016 LDS Church’s new ‘Mormon and Gay’ website wins cheers and some jeers for ignoring controversial policy Much has changed for gays and lesbians since 2012 in the U.S. and many parts of "
4208,4326,0.5252100840336135,0.7575757575757576,sensitivity,McIntire,McIntire,False,"Hillary Responds To Creepy Joe Biden Caught Groping Dozens of Young Women Also, Michelle Obama hosts an event for rappers who promote rape Alex Jones | Infowars.com - October 28, 2016 Comments  As if ","Back Story Of FBI’s Hillary Cover-Up FBI corruption exposed Infowars Nightly News - October 28, 2016 Comments  Angry law enforcement investigators are talking about corruption at the top of the FBI’s "
3496,4326,0.6097560975609756,0.7575757575757576,sensitivity,McIntire,McIntire,False,"Trump Votes Are Being Flipped To Clinton There have already been multiple reports of faulty electronic voting machines The Alex Jones Show - October 28, 2016 Comments  The election fraud is already be","Back Story Of FBI’s Hillary Cover-Up FBI corruption exposed Infowars Nightly News - October 28, 2016 Comments  Angry law enforcement investigators are talking about corruption at the top of the FBI’s "
4724,5488,0.6009615384615384,0.7861635220125787,sensitivity,McIntire,McIntire,False,"Black Activist Blasts Hillary Clinton Over Wikileaks Revelation Eric Garner's daughter speaks out against Clinton campaign for using her father's death Infowars Nightly News - October 28, 2016 Comment","This Viral Video Has Hillary Running Scared The wildest campaign ad you will ever see! Infowars.com - October 28, 2016 Comments  Share this video on YouTube and Facebook to join the fight and support "
5530,5588,0.6774193548387096,0.0,sensitivity,McIntire,McIntire,False,By Amanda Froelich It should be evident if you’re following news concerning the Standing Rock protests in North Dakota that tension continues to escalate between... ,It should be evident if you’re following news concerning the Standing Rock protests in North Dakota that tension continues to escalate between protestors supporting the Standing Rock Sioux Tribe and..
4326,4828,0.5131578947368421,0.7090909090909091,sensitivity,McIntire,McIntire,False,"Back Story Of FBI’s Hillary Cover-Up FBI corruption exposed Infowars Nightly News - October 28, 2016 Comments  Angry law enforcement investigators are talking about corruption at the top of the FBI’s ","Clinton Camp Desperate, Russia Trains for WWIII US media not letting the public know how tense Russia situation really is Infowars Nightly News    Russia is training millions domestically for WWIII, t"
1605,4968,0.6440677966101694,0.7835051546391752,sensitivity,ISOT,McIntire,True,"Crooked Hillary has always been crooked. She s just been better than anyone America s ever seen at not getting caught On September 5, 2006, Eli Chomsky was an editor and staff writer for the Jewish Pr","On September 5, 2006, Eli Chomsky was an editor and staff writer for the Jewish Press, and Hillary Clinton was running for a shoo-in re-election as a U.S. senator. Her trip making the rounds of editor"
5011,5460,0.7345132743362832,0.8469387755102041,sensitivity,McIntire,McIntire,False,Vladimir Putin: The United States continues to sleep with al-Nusra ‹ › South Front Analysis & Intelligence is a public analytical project maintained by an independent team of experts from the four cor,I thought I was just scared of Trump – but it’s his America I fear ‹ › South Front Analysis & Intelligence is a public analytical project maintained by an independent team of experts from the four cor
4446,4812,0.6302521008403361,0.78125,sensitivity,McIntire,McIntire,False,"Go to Article  “The people have the power, all we have to do is awaken that power in the people. The people are unaware. They’re not educated to realize that they have power. The system is so geared t","Not guilty: The power of nullification to counteract government tyranny By John W. Whitehead Posted on November 2, 2016 by John W. Whitehead  “The people have the power, all we have to do is awaken th"
222,1344,0.53125,0.6938775510204082,sensitivity,ISOT,ISOT,False,Tune in to the Alternate Current Radio Network (ACR) for another LIVE broadcast of  The Boiler Room tonight at 6:00 PM PST | 8:00 PM CST | 9:00 PM EST for this special broadcast. Join us for uncensore,"Tune in to the Alternate Current Radio Network (ACR) for another LIVE broadcast of  The Boiler Room tonight 6:00 PM PST | 8:00 PM CST | 9:00 PM EST for this special broadcast. Join us for uncensored, "
5251,5603,0.7657657657657657,0.8673469387755102,sensitivity,McIntire,McIntire,False,"Syrian War Report – October 27, 2016: Russian Strikes Destroyed Over 300 Terrorists’ Oil Facilities ‹ › South Front Analysis & Intelligence is a public analytical project maintained by an independent ","Syrian War Report – October 31, 2016: Al-Nusra-led Forces Failed to Break Aleppo Siege ‹ › South Front Analysis & Intelligence is a public analytical project maintained by an independent team of exper"
222,1328,0.5193798449612403,0.6836734693877551,sensitivity,ISOT,ISOT,False,Tune in to the Alternate Current Radio Network (ACR) for another LIVE broadcast of  The Boiler Room tonight at 6:00 PM PST | 8:00 PM CST | 9:00 PM EST for this special broadcast. Join us for uncensore,"Tune in to the Alternate Current Radio Network (ACR) for another LIVE broadcast of  The Boiler Room tonight 6:00 PM PST | 8:00 PM CST | 9:00 PM EST for this special broadcast. Join us for uncensored, "
213,635,0.5555555555555556,0.7142857142857143,sensitivity,ISOT,ISOT,False,Tune in to the Alternate Current Radio Network (ACR) for another LIVE broadcast of  The Boiler Room  starting at 6:00 PM PST | 8:00 PM CST | 9:00 PM EST for this special broadcast. Join us for uncenso,Tune in to the Alternate Current Radio Network (ACR) for another LIVE broadcast of  The Boiler Room  starting at 6:00 PM PST | 8:00 PM CST | 9:00 PM EST for this special broadcast. Join us for uncenso
4812,5734,0.6302521008403361,0.78125,sensitivity,McIntire,McIntire,False,"Not guilty: The power of nullification to counteract government tyranny By John W. Whitehead Posted on November 2, 2016 by John W. Whitehead  “The people have the power, all we have to do is awaken th","By John Whitehead, the Rutherford Institute .  “The people have the power, all we have to do is awaken that power in the people. The people are unaware. They’re not educated to realize that they have "
1328,1344,0.6333333333333333,0.7755102040816326,sensitivity,ISOT,ISOT,False,"Tune in to the Alternate Current Radio Network (ACR) for another LIVE broadcast of  The Boiler Room tonight 6:00 PM PST | 8:00 PM CST | 9:00 PM EST for this special broadcast. Join us for uncensored, ","Tune in to the Alternate Current Radio Network (ACR) for another LIVE broadcast of  The Boiler Room tonight 6:00 PM PST | 8:00 PM CST | 9:00 PM EST for this special broadcast. Join us for uncensored, "
1422,1493,0.6302521008403361,0.7731958762886598,sensitivity,ISOT,ISOT,False,"Tune in to the Alternate Current Radio Network (ACR) for another LIVE broadcast of  The Boiler Room  starting at 6 PM PST | 9 PM EST every Wednesday. Join us for uncensored, uninterruptible talk radio","Tune in to the Alternate Current Radio Network (ACR) for another LIVE broadcast of  The Boiler Room  starting at 6 PM PST | 9 PM EST every Wednesday. Join us for uncensored, uninterruptible talk radio"
5460,5603,0.7345132743362832,0.8469387755102041,sensitivity,McIntire,McIntire,False,I thought I was just scared of Trump – but it’s his America I fear ‹ › South Front Analysis & Intelligence is a public analytical project maintained by an independent team of experts from the four cor,"Syrian War Report – October 31, 2016: Al-Nusra-led Forces Failed to Break Aleppo Siege ‹ › South Front Analysis & Intelligence is a public analytical project maintained by an independent team of exper"
4241,5374,0.6896551724137931,0.8163265306122449,sensitivity,McIntire,McIntire,False,"Facebook Lets Advertisers Exclude Users by Race Julia Angwin and Terry Parris Jr., Pro Publica, October 28, 2016  Imagine if, during the Jim Crow era, a newspaper offered advertisers the option of pla","Imagine if, during the Jim Crow era, a newspaper offered advertisers the option of placing ads only in copies that went to white readers.  That’s basically what Facebook is doing nowadays.  The ubiqui"
4701,4968,0.5154639175257731,1.0,sensitivity,McIntire,McIntire,True,"On September 5, 2006, Eli Chomsky was an editor and staff writer for the Jewish Press, and Hillary Clinton was running for a shoo-in re-election as a U.S. senator. Her trip making the rounds of editor","On September 5, 2006, Eli Chomsky was an editor and staff writer for the Jewish Press, and Hillary Clinton was running for a shoo-in re-election as a U.S. senator. Her trip making the rounds of editor"
5011,5603,0.7345132743362832,0.8469387755102041,sensitivity,McIntire,McIntire,False,Vladimir Putin: The United States continues to sleep with al-Nusra ‹ › South Front Analysis & Intelligence is a public analytical project maintained by an independent team of experts from the four cor,"Syrian War Report – October 31, 2016: Al-Nusra-led Forces Failed to Break Aleppo Siege ‹ › South Front Analysis & Intelligence is a public analytical project maintained by an independent team of exper"
222,1782,0.5433070866141733,0.7040816326530612,sensitivity,ISOT,ISOT,False,Tune in to the Alternate Current Radio Network (ACR) for another LIVE broadcast of  The Boiler Room tonight at 6:00 PM PST | 8:00 PM CST | 9:00 PM EST for this special broadcast. Join us for uncensore,"Tune in to the Alternate Current Radio Network (ACR) for another LIVE broadcast of  The Boiler Room tonight 6:00 PM PST | 8:00 PM CST | 9:00 PM EST for this special broadcast. Join us for uncensored, "
222,653,0.5193798449612403,0.6836734693877551,sensitivity,ISOT,ISOT,False,Tune in to the Alternate Current Radio Network (ACR) for another LIVE broadcast of  The Boiler Room tonight at 6:00 PM PST | 8:00 PM CST | 9:00 PM EST for this special broadcast. Join us for uncensore,"Tune in to the Alternate Current Radio Network (ACR) for another LIVE broadcast of  The Boiler Room  tonight 6:00 PM PST | 8:00 PM CST | 9:00 PM EST for this special broadcast. Join us for uncensored,"
5011,5251,0.75,0.8571428571428571,sensitivity,McIntire,McIntire,False,Vladimir Putin: The United States continues to sleep with al-Nusra ‹ › South Front Analysis & Intelligence is a public analytical project maintained by an independent team of experts from the four cor,"Syrian War Report – October 27, 2016: Russian Strikes Destroyed Over 300 Terrorists’ Oil Facilities ‹ › South Front Analysis & Intelligence is a public analytical project maintained by an independent "
1422,1936,0.5354330708661418,0.7010309278350515,sensitivity,ISOT,ISOT,False,"Tune in to the Alternate Current Radio Network (ACR) for another LIVE broadcast of  The Boiler Room  starting at 6 PM PST | 9 PM EST every Wednesday. Join us for uncensored, uninterruptible talk radio","Tune in to the Alternate Current Radio Network (ACR) for another LIVE broadcast of  The Boiler Room  starting at 6 PM PST | 9 PM EST every Wednesday. Join us for uncensored, uninterruptible talk radio"
3789,5034,0.75,0.8571428571428571,sensitivity,McIntire,McIntire,False,"John Pilger: Inside The Invisible Government: War, Propaganda, Clinton And Trump    The American journalist, Edward Bernays, is often described as the man who invented modern propaganda.  The nephew o","License DMCA The American journalist, Edward Bernays, is often described as the man who invented modern propaganda. The nephew of Sigmund Freud, the pioneer of psycho-analysis, it was Bernays who coin"
539,1049,0.6695652173913044,0.8020833333333334,sensitivity,ISOT,ISOT,False," Episode #153 of SUNDAY WIRE SHOW resumes this Sunday September 18, 2016 as host Patrick Henningsen broadcasts a 3 HOUR SPECIAL of LIVE power-packed talk radio on ACR LISTEN LIVE ON THIS PAGE AT THE F"," Episode #154 of SUNDAY WIRE SHOW resumes this Sunday September 25, 2016 as host Patrick Henningsen broadcasts a 3 HOUR SPECIAL of LIVE power-packed talk radio on ACR LISTEN LIVE ON THIS PAGE AT THE F"
5251,5460,0.7345132743362832,0.8469387755102041,sensitivity,McIntire,McIntire,False,"Syrian War Report – October 27, 2016: Russian Strikes Destroyed Over 300 Terrorists’ Oil Facilities ‹ › South Front Analysis & Intelligence is a public analytical project maintained by an independent ",I thought I was just scared of Trump – but it’s his America I fear ‹ › South Front Analysis & Intelligence is a public analytical project maintained by an independent team of experts from the four cor
2995,4755,0.7981651376146789,0.8877551020408163,sensitivity,McIntire,McIntire,False,"The Modern History of ‘Rigged’ US Elections   Robert Parry, Consortium News  The United States is so committed to the notion that its electoral process is the world’s “gold standard” that there has be","License DMCA  The United States is so committed to the notion that its electoral process is the world's ""gold standard"" that there has been a bipartisan determination to maintain the fiction even when"
1328,1782,0.5555555555555556,0.7142857142857143,sensitivity,ISOT,ISOT,False,"Tune in to the Alternate Current Radio Network (ACR) for another LIVE broadcast of  The Boiler Room tonight 6:00 PM PST | 8:00 PM CST | 9:00 PM EST for this special broadcast. Join us for uncensored, ","Tune in to the Alternate Current Radio Network (ACR) for another LIVE broadcast of  The Boiler Room tonight 6:00 PM PST | 8:00 PM CST | 9:00 PM EST for this special broadcast. Join us for uncensored, "
653,1344,0.6333333333333333,0.7755102040816326,sensitivity,ISOT,ISOT,False,"Tune in to the Alternate Current Radio Network (ACR) for another LIVE broadcast of  The Boiler Room  tonight 6:00 PM PST | 8:00 PM CST | 9:00 PM EST for this special broadcast. Join us for uncensored,","Tune in to the Alternate Current Radio Network (ACR) for another LIVE broadcast of  The Boiler Room tonight 6:00 PM PST | 8:00 PM CST | 9:00 PM EST for this special broadcast. Join us for uncensored, "
1605,4701,0.5154639175257731,1.0,sensitivity,ISOT,McIntire,False,"Crooked Hillary has always been crooked. She s just been better than anyone America s ever seen at not getting caught On September 5, 2006, Eli Chomsky was an editor and staff writer for the Jewish Pr","On September 5, 2006, Eli Chomsky was an editor and staff writer for the Jewish Press, and Hillary Clinton was running for a shoo-in re-election as a U.S. senator. Her trip making the rounds of editor"
3429,3683,0.6810344827586207,0.8144329896907216,sensitivity,McIntire,McIntire,False,"Posted on October 27, 2016 by Melissa Dykes  This. Is. Horrifying.  In another Wikileaks email , this time from Chairman of the National Jewish Democratic Council Marc Stanley to Hillary campaign chai","Leaked Email: ‘If She Wins, Hillary Will Own The Supreme Court for the Next 30 to 40 Years’   Tweet  This. Is. Horrifying.  In another Wikileaks email , this time from Chairman of the National Jewish "
1493,1936,0.5354330708661418,0.7010309278350515,sensitivity,ISOT,ISOT,False,"Tune in to the Alternate Current Radio Network (ACR) for another LIVE broadcast of  The Boiler Room  starting at 6 PM PST | 9 PM EST every Wednesday. Join us for uncensored, uninterruptible talk radio","Tune in to the Alternate Current Radio Network (ACR) for another LIVE broadcast of  The Boiler Room  starting at 6 PM PST | 9 PM EST every Wednesday. Join us for uncensored, uninterruptible talk radio"
653,1328,0.6896551724137931,0.8163265306122449,sensitivity,ISOT,ISOT,False,"Tune in to the Alternate Current Radio Network (ACR) for another LIVE broadcast of  The Boiler Room  tonight 6:00 PM PST | 8:00 PM CST | 9:00 PM EST for this special broadcast. Join us for uncensored,","Tune in to the Alternate Current Radio Network (ACR) for another LIVE broadcast of  The Boiler Room tonight 6:00 PM PST | 8:00 PM CST | 9:00 PM EST for this special broadcast. Join us for uncensored, "
1665,7499,1.0,1.0,primary,ISOT,WELFake,True,"With all the recent talk of sentencing reform and unfair bail across America, sometimes what it takes is an outrageous case in a small town somewhere to light a fire under activists to demand a change","With all the recent talk of sentencing reform and unfair bail across America, sometimes what it takes is an outrageous case in a small town somewhere to light a fire under activists to demand a change"
2070,7685,1.0,1.0,primary,ISOT,WELFake,True,"ALGONAC, MICH.—Parker Fox drifted out of the Donald Trump rally in a sort of euphoric daze, along with the thousands emptying into the parking lot alongside him. “After leaving a Trump rally, you’re v","ALGONAC, MICH.—Parker Fox drifted out of the Donald Trump rally in a sort of euphoric daze, along with the thousands emptying into the parking lot alongside him. “After leaving a Trump rally, you’re v"
1411,7537,1.0,1.0,primary,ISOT,WELFake,True,"ASPEN, Colo. (Reuters) - Director of National Intelligence James Clapper, speaking about the hack of Democratic Party emails, said on Thursday the U.S. intelligence community was not ready to “make th","ASPEN, Colo. (Reuters) - Director of National Intelligence James Clapper, speaking about the hack of Democratic Party emails, said on Thursday the U.S. intelligence community was not ready to “make th"
831,6306,1.0,1.0,primary,ISOT,WELFake,True,"WASHINGTON (Reuters) - U.S. Interior Secretary Ryan Zinke said on Thursday he has sent recommendations from his review of more than two dozen national monuments to President Donald Trump, indicating t","WASHINGTON (Reuters) - U.S. Interior Secretary Ryan Zinke said on Thursday he has sent recommendations from his review of more than two dozen national monuments to President Donald Trump, indicating t"
2873,7899,1.0,1.0,primary,ISOT,WELFake,True,"Donald Trump and his administration have proven time and time again that they are incapable of performing even the most simple, basic tasks that only require basic human decency and manners. The lates","Donald Trump and his administration have proven time and time again that they are incapable of performing even the most simple, basic tasks that only require basic human decency and manners. The lates"
672,7646,1.0,1.0,primary,ISOT,WELFake,True,"The irony in Obama s radical Treasury Secretary s decision to remove  racist  Andrew Jackson from the $20 bill, lies in the fact that Jackson was the first Democrat to be elected President. Rabid Bern","The irony in Obama s radical Treasury Secretary s decision to remove  racist  Andrew Jackson from the $20 bill, lies in the fact that Jackson was the first Democrat to be elected President. Rabid Bern"
879,7859,1.0,1.0,primary,ISOT,WELFake,True,"Kellogg Co. is pulling its ads from the website Breitbart News, the right-wing news organization whose former chairman Steve Bannon was tapped as a top adviser to President-elect Donald Trump.Brands t","Kellogg Co. is pulling its ads from the website Breitbart News, the right-wing news organization whose former chairman Steve Bannon was tapped as a top adviser to President-elect Donald Trump.Brands t"
63,8185,1.0,1.0,primary,ISOT,WELFake,True,"OSLO (Reuters) - Norwegian Defence Minister Ine Eriksen Soereide was named minister of foreign affairs on Friday, making her the first woman to hold the post in the Nordic country. She replaces Boerge","OSLO (Reuters) - Norwegian Defence Minister Ine Eriksen Soereide was named minister of foreign affairs on Friday, making her the first woman to hold the post in the Nordic country. She replaces Boerge"
1079,6581,1.0,1.0,primary,ISOT,WELFake,True,"PALM BEACH, Fla. (Reuters) - U.S. President-elect Donald Trump on Wednesday said telecommunications group Sprint Corp (S.N) and a U.S. satellite company OneWeb will bring 8,000 jobs to the United Stat","PALM BEACH, Fla. (Reuters) - U.S. President-elect Donald Trump on Wednesday said telecommunications group Sprint Corp (S.N) and a U.S. satellite company OneWeb will bring 8,000 jobs to the United Stat"
1634,6446,1.0,1.0,primary,ISOT,WELFake,True," Was Hillary Clinton negligent or was she doing this on purpose? Either way, it s a really bad situation and gives more fodder for the Trump campaign. Keep at it!The State Department inspector general"," Was Hillary Clinton negligent or was she doing this on purpose? Either way, it s a really bad situation and gives more fodder for the Trump campaign. Keep at it!The State Department inspector general"
2114,8041,1.0,1.0,primary,ISOT,WELFake,True,"One of the biggest talking points being used by the Donald Trump campaign against Hillary Clinton is that she voted for the Iraq War. Which, technically she did. She approved of the authorization to u","One of the biggest talking points being used by the Donald Trump campaign against Hillary Clinton is that she voted for the Iraq War. Which, technically she did. She approved of the authorization to u"
1536,7793,1.0,0.0,primary,ISOT,WELFake,True,"Ben Sasse asked Supreme Court nominee Neil Gorsuch what role does the Declaration of Independence play in interpreting the Constitution?Gorsuch, a priceless exchange: The Declaration of Independence, ","Ben Sasse asked Supreme Court nominee Neil Gorsuch what role does the Declaration of Independence play in interpreting the Constitution?Gorsuch, a priceless exchange: The Declaration of Independence, "
2757,7278,1.0,1.0,primary,ISOT,WELFake,True,WASHINGTON (Reuters) - Vice President Joe Biden on Thursday called on the Republican-led U.S. Congress to allow an up-or-down vote on funding to combat the Zika virus without other provisions attached,WASHINGTON (Reuters) - Vice President Joe Biden on Thursday called on the Republican-led U.S. Congress to allow an up-or-down vote on funding to combat the Zika virus without other provisions attached
7003,8453,0.9767441860465116,0.9970326409495549,primary,WELFake,WELFake,False,Leave a Reply Click here to get more info on formatting (1) Leave the name field empty if you want to post as Anonymous. It's preferable that you choose a name so it becomes clear who said what. E-mai,Be the First to Comment! Leave a Reply Click here to get more info on formatting (1) Leave the name field empty if you want to post as Anonymous. It's preferable that you choose a name so it becomes c
1882,6020,1.0,1.0,primary,ISOT,WELFake,True,WASHINGTON (Reuters) - U.S. President Donald Trump said U.S. House Speaker Paul Ryan should stay on as leader even if Republicans’ healthcare plan to dismantle Obamacare fails to pass the chamber late,WASHINGTON (Reuters) - U.S. President Donald Trump said U.S. House Speaker Paul Ryan should stay on as leader even if Republicans’ healthcare plan to dismantle Obamacare fails to pass the chamber late
1173,6548,1.0,1.0,primary,ISOT,WELFake,True,BAGHDAD (Reuters) - The United States will send more troops to Iraq and will put them closer to the front lines of battle there to advise Iraqi forces in the war against Islamic State militants.  U.S.,BAGHDAD (Reuters) - The United States will send more troops to Iraq and will put them closer to the front lines of battle there to advise Iraqi forces in the war against Islamic State militants.  U.S.
2045,7734,1.0,1.0,primary,ISOT,WELFake,True,"During the State of the Union Address, President Obama made the remark that our enemies aren t getting stronger. If you listened carefully, you could hear the grunts and groans from the Republican sid","During the State of the Union Address, President Obama made the remark that our enemies aren t getting stronger. If you listened carefully, you could hear the grunts and groans from the Republican sid"
1617,6039,1.0,1.0,primary,ISOT,WELFake,True,"For seven years there s been several folks, let s call them birthers, who have questioned the validity of President Obama s United States citizenship. These people refuse to believe that the president","For seven years there s been several folks, let s call them birthers, who have questioned the validity of President Obama s United States citizenship. These people refuse to believe that the president"
134,6951,1.0,1.0,primary,ISOT,WELFake,True,UNITED NATIONS (Reuters) - A United Nations General Assembly committee on Thursday called on Myanmar to end military operations that have  led to the systematic violation and abuse of human rights  of,UNITED NATIONS (Reuters) - A United Nations General Assembly committee on Thursday called on Myanmar to end military operations that have  led to the systematic violation and abuse of human rights  of
2050,7385,1.0,1.0,primary,ISOT,WELFake,True,"BEIRUT (Reuters) - The Syrian army and its allies have captured areas of Islamic State-held al-Mayadin in eastern Syria, a Hezbollah-run military news outlet reported on Thursday, in an advance into t","BEIRUT (Reuters) - The Syrian army and its allies have captured areas of Islamic State-held al-Mayadin in eastern Syria, a Hezbollah-run military news outlet reported on Thursday, in an advance into t"
422,7366,1.0,0.0,primary,ISOT,WELFake,True," Well, first of all, I didn t have my hands in the cookie jar. I m an operative, I m a strategist, and part of what my role was, in addition to being a  political pundit,  was to help advance the caus"," Well, first of all, I didn t have my hands in the cookie jar. I m an operative, I m a strategist, and part of what my role was, in addition to being a  political pundit,  was to help advance the caus"
2034,7194,1.0,1.0,primary,ISOT,WELFake,True,neVIENNA (Reuters) - The U.N. nuclear watchdog s chief urged major powers on Tuesday to clarify a part of their nuclear deal with Iran dealing with technology that could be used to develop an atom bom,neVIENNA (Reuters) - The U.N. nuclear watchdog s chief urged major powers on Tuesday to clarify a part of their nuclear deal with Iran dealing with technology that could be used to develop an atom bom
1954,7814,1.0,1.0,primary,ISOT,WELFake,True,Wouldn t it be great to have a president who made our national security a top priority? The Obama administration will agree to let Iran bypass questions about its past nuclear military work under any ,Wouldn t it be great to have a president who made our national security a top priority? The Obama administration will agree to let Iran bypass questions about its past nuclear military work under any 
217,8126,1.0,1.0,primary,ISOT,WELFake,True,WASHINGTON (Reuters) - U.S. President Donald Trump is set to formally announce a review of vehicle fuel efficiency rules locked in at the end of the Obama administration when he meets with automaker c,WASHINGTON (Reuters) - U.S. President Donald Trump is set to formally announce a review of vehicle fuel efficiency rules locked in at the end of the Obama administration when he meets with automaker c
2556,7437,1.0,1.0,primary,ISOT,WELFake,True,"A Tennessee Republican has quit his job after he flipped out on a reporter who wanted to know why he was spending taxpayer money on lavish treats for himself.Ron Buchanan, the GOP election commission ","A Tennessee Republican has quit his job after he flipped out on a reporter who wanted to know why he was spending taxpayer money on lavish treats for himself.Ron Buchanan, the GOP election commission "
77,8606,1.0,1.0,primary,ISOT,WELFake,True,"The idea of there being a group of people who are gay and actively support the GOP is pretty ludicrous, considering the Republican Party is bigoted against LGBTQ people as a matter of practice and pol","The idea of there being a group of people who are gay and actively support the GOP is pretty ludicrous, considering the Republican Party is bigoted against LGBTQ people as a matter of practice and pol"
2168,2664,0.43023255813953487,1.0,primary,ISOT,ISOT,False,"Donald Trump addressed thousands of motorcyclists, many of them military veterans, attending the annual Rolling Thunder gathering to honor the nation s soldier missing-in-action. The bikers have been ",PRESIDENT TRUMP IN PHOENIX SPEAKING TO HIS SUPPORTERS MAGA! Live Stream below:This is where President Trump is best! He s 100% right on what he s done so far for the American people ALL of the America
1308,6564,1.0,1.0,primary,ISOT,WELFake,True,"It s hard to read stories like this without wondering how a Commander in Chief can so easily desert those who sacrifice all for our nation, in favor of looking the other way when it comes to twisted I","It s hard to read stories like this without wondering how a Commander in Chief can so easily desert those who sacrifice all for our nation, in favor of looking the other way when it comes to twisted I"
1158,7251,1.0,1.0,primary,ISOT,WELFake,True,"So Rachel, now that we re on the subject of taxes President Trump PAID, how about we remind Americans about the tax evaders/MSNBC hosts employed by your leftist network:MSNBC host and perpetual race a","So Rachel, now that we re on the subject of taxes President Trump PAID, how about we remind Americans about the tax evaders/MSNBC hosts employed by your leftist network:MSNBC host and perpetual race a"
1101,6305,1.0,1.0,primary,ISOT,WELFake,True,The poll below is why people shouldn t trust polls EVER! Always look at the sample size and breakdown of the people. Are they mostly Democrats? This popped up when  top news  was Googled. THIS IS FAKE,The poll below is why people shouldn t trust polls EVER! Always look at the sample size and breakdown of the people. Are they mostly Democrats? This popped up when  top news  was Googled. THIS IS FAKE
2055,5831,1.0,1.0,primary,ISOT,WELFake,True,"WASHINGTON (Reuters) - North Korea’s Kim Jong Un “will be tested like never before,” U.S. President Donald Trump said on Friday as the two leaders continued to trade insults and Pyongyang threatened t","WASHINGTON (Reuters) - North Korea s Kim Jong Un  will be tested like never before,  U.S. President Donald Trump said on Friday as the two leaders continued to trade insults and Pyongyang threatened t"
629,7960,0.8798798798798799,1.0,primary,ISOT,WELFake,True,"The irony in this entire cancellation of a tradition in Portland, Oregon is that now the Antifa (Anti Fascists) have pissed off the more moderate lefties. One group was going to speak at the parade ev",Typical! The New York Times tries to blame conservatives for the violence TOTALLY caused by the Antifa thugs. Why does this not surprise us? Leave it to the left to twist and turn the truth to fit the
247,8181,1.0,1.0,primary,ISOT,WELFake,True,Microsoft Pulls Robot After Posted Tweets Like  Hitler Was Right I Hate the Jews  HaaretzMicrosoft put the brakes on its artificial intelligence tweeting robot after it posted several offensive commen,Microsoft Pulls Robot After Posted Tweets Like  Hitler Was Right I Hate the Jews  HaaretzMicrosoft put the brakes on its artificial intelligence tweeting robot after it posted several offensive commen
461,6801,1.0,1.0,primary,ISOT,WELFake,True,"Donald Trump s transition effort has already been an embarrassing, chaotic affair. It s been more like a reality show and a quest for public humiliation and revenge than the dignified affair that it h","Donald Trump s transition effort has already been an embarrassing, chaotic affair. It s been more like a reality show and a quest for public humiliation and revenge than the dignified affair that it h"
2576,7625,1.0,1.0,primary,ISOT,WELFake,True,MEXICO CITY (Reuters) - Relief supplies and volunteers are piling up at rescue sites in upscale districts of Mexico City following Tuesday s deadly earthquake in a show of solidarity that has contrast,MEXICO CITY (Reuters) - Relief supplies and volunteers are piling up at rescue sites in upscale districts of Mexico City following Tuesday s deadly earthquake in a show of solidarity that has contrast
1763,7174,1.0,1.0,primary,ISOT,WELFake,True,"ISTANBUL (Reuters) - A Turkish court released prominent journalist Kadri Gursel from jail pending trial late on Monday, in a case that targets the opposition Cumhuriyet newspaper and has been condemne","ISTANBUL (Reuters) - A Turkish court released prominent journalist Kadri Gursel from jail pending trial late on Monday, in a case that targets the opposition Cumhuriyet newspaper and has been condemne"
138,6562,1.0,1.0,primary,ISOT,WELFake,True,"BUCHAREST (Reuters) - Romania s leftist government named a new defense minister in a mini-reshuffle on Tuesday, to handle a multi-billion-dollar plan to modernize its military to NATO standards. The s","BUCHAREST (Reuters) - Romania s leftist government named a new defense minister in a mini-reshuffle on Tuesday, to handle a multi-billion-dollar plan to modernize its military to NATO standards. The s"
2036,7824,1.0,1.0,primary,ISOT,WELFake,True,"WASHINGTON (Reuters) - The United States will call on G20 countries this week to use fiscal policy in order to boost global demand, a senior U.S. Treasury official said on Monday. “We will urge greate","WASHINGTON (Reuters) - The United States will call on G20 countries this week to use fiscal policy in order to boost global demand, a senior U.S. Treasury official said on Monday. “We will urge greate"
2819,8508,1.0,1.0,primary,ISOT,WELFake,True,WASHINGTON (Reuters) - Tennessee Governor Bill Haslam on Thursday endorsed U.S. Senator Marco Rubio of Florida for the Republican party’s presidential nomination. “With Marco standing next to Hillary ,WASHINGTON (Reuters) - Tennessee Governor Bill Haslam on Thursday endorsed U.S. Senator Marco Rubio of Florida for the Republican party’s presidential nomination. “With Marco standing next to Hillary 
2122,7421,1.0,1.0,primary,ISOT,WELFake,True,"WELLINGTON/SYDNEY (Reuters) - New Zealand Prime Minister Jacinda Ardern said she would offer to take 150 refugees held by Australia when she meets counterpart Malcolm Turnbull on Sunday, promising Can","WELLINGTON/SYDNEY (Reuters) - New Zealand Prime Minister Jacinda Ardern said she would offer to take 150 refugees held by Australia when she meets counterpart Malcolm Turnbull on Sunday, promising Can"
629,2758,0.7897574123989218,1.0,primary,ISOT,ISOT,False,"The irony in this entire cancellation of a tradition in Portland, Oregon is that now the Antifa (Anti Fascists) have pissed off the more moderate lefties. One group was going to speak at the parade ev","WASHINGTON, D.C.   May Day is the day for commies to come out in force The Antifa thugs are proudly marching for communism but when a journalist asked why they were carrying a North Korean flag, this "
694,8338,1.0,1.0,primary,ISOT,WELFake,True,"You d think she d know a thing or two about email servers and at a minimum, question Hillary s integrity Apple founder Steve Jobs  widow Laurene has told of her admiration for Democratic White House f","You d think she d know a thing or two about email servers and at a minimum, question Hillary s integrity Apple founder Steve Jobs  widow Laurene has told of her admiration for Democratic White House f"
306,7695,1.0,1.0,primary,ISOT,WELFake,True,"Holy smokes! That s billion with a B! Where did all the money go?! Hummmm The city of Baltimore received over $1.8 billion from President Barack Obama s stimulus law, including $467.1 million to inves","Holy smokes! That s billion with a B! Where did all the money go?! Hummmm The city of Baltimore received over $1.8 billion from President Barack Obama s stimulus law, including $467.1 million to inves"
2246,6617,1.0,1.0,primary,ISOT,WELFake,True,"MONTEREY, Calif. (Reuters) - The California Public Employees’ Retirement System (CalPERS) on Monday said it was considering making direct investments in private companies, a potential major shift in s","MONTEREY, Calif. (Reuters) - The California Public Employees’ Retirement System (CalPERS) on Monday said it was considering making direct investments in private companies, a potential major shift in s"
1596,8073,1.0,1.0,primary,ISOT,WELFake,True,"WASHINGTON (Reuters) - The House of Representatives stripped a requirement that women register for the military draft from a sweeping annual defense policy bill on Tuesday, but supporters of the provi","WASHINGTON (Reuters) - The House of Representatives stripped a requirement that women register for the military draft from a sweeping annual defense policy bill on Tuesday, but supporters of the provi"
1157,6958,1.0,1.0,primary,ISOT,WELFake,True,"MOSCOW (Reuters) - Russian Foreign Minister Sergei Lavrov held a phone call on the Syria crisis with his American counterpart Rex Tillerson, the ministry said in a statement on Friday. Lavrov and Till","MOSCOW (Reuters) - Russian Foreign Minister Sergei Lavrov held a phone call on the Syria crisis with his American counterpart Rex Tillerson, the ministry said in a statement on Friday. Lavrov and Till"
2718,5789,1.0,1.0,primary,ISOT,WELFake,True,"WASHINGTON (Reuters) - The U.S. Department of Commerce made a final finding that seven foreign producers dumped certain carbon and alloy steel cut-to-length plate in the U.S. market, allowing it to im","WASHINGTON (Reuters) - The U.S. Department of Commerce made a final finding that seven foreign producers dumped certain carbon and alloy steel cut-to-length plate in the U.S. market, allowing it to im"
2263,6770,1.0,1.0,primary,ISOT,WELFake,True,New Mexico led all states with 72 percent of the babies born there in 2015 having their births covered by Medicaid.Arkansas ranked second with 67 percent; Louisiana ranked third with 65 percent; and t,New Mexico led all states with 72 percent of the babies born there in 2015 having their births covered by Medicaid.Arkansas ranked second with 67 percent; Louisiana ranked third with 65 percent; and t
1500,8050,1.0,1.0,primary,ISOT,WELFake,True," Here are six trivia questions to see how much history you really know. The answers are very revealing. If you don t know the answer, make your best guess. Answer all of the questions (no cheating) be"," Here are six trivia questions to see how much history you really know. The answers are very revealing. If you don t know the answer, make your best guess. Answer all of the questions (no cheating) be"
1009,6702,1.0,1.0,primary,ISOT,WELFake,True,"WASHINGTON (Reuters) - U.S. banking lobbyists said on Wednesday they disagree with presidential candidate Donald Trump’s call for a wholesale repeal of President Barack Obama’s financial reform law, e","WASHINGTON (Reuters) - U.S. banking lobbyists said on Wednesday they disagree with presidential candidate Donald Trump’s call for a wholesale repeal of President Barack Obama’s financial reform law, e"
1242,5787,1.0,1.0,primary,ISOT,WELFake,True,"WASHINGTON (Reuters) - U.S. Representative Ileana Ros-Lehtinen, a moderate Republican from South Florida who has been critical of President Donald Trump, plans to retire when her term is up next year,","WASHINGTON (Reuters) - U.S. Representative Ileana Ros-Lehtinen, a moderate Republican from South Florida who has been critical of President Donald Trump, plans to retire when her term is up next year,"
2444,7190,1.0,1.0,primary,ISOT,WELFake,True,"Van Jones praised President Trump for honoring the widow of a Navy SEAL killed during a raid in Yemen, saying  he became president of the United States in that moment. Period. There are a lot of peopl","Van Jones praised President Trump for honoring the widow of a Navy SEAL killed during a raid in Yemen, saying  he became president of the United States in that moment. Period. There are a lot of peopl"
1567,6453,1.0,1.0,primary,ISOT,WELFake,True,Andrea Mitchell is  annoyed  with President Trump and Mike Barnicle is  sick of seeing him . How do we know? They openly displayed a disgust for our president ON THE AIR TODAY! Mitchell s beef is with,Andrea Mitchell is  annoyed  with President Trump and Mike Barnicle is  sick of seeing him . How do we know? They openly displayed a disgust for our president ON THE AIR TODAY! Mitchell s beef is with
444,7622,1.0,0.0,primary,ISOT,WELFake,True,"HARARE (Reuters) - Zimbabwe s President Robert Mugabe will meet military commanders for talks on Sunday, state broadcaster ZTV said on Saturday, quoting Catholic priest Fidelis Mukonori who has been m","HARARE (Reuters) - Zimbabwe s President Robert Mugabe will meet military commanders for talks on Sunday, state broadcaster ZTV said on Saturday, quoting Catholic priest Fidelis Mukonori who has been m"
102,6763,1.0,1.0,primary,ISOT,WELFake,True,"When the story broke on Wednesday about Donald Trump saying women should be punished for getting an abortion, I was, honestly, confused by the outrage. People were talking like no one has ever been so","When the story broke on Wednesday about Donald Trump saying women should be punished for getting an abortion, I was, honestly, confused by the outrage. People were talking like no one has ever been so"
2525,7227,1.0,1.0,primary,ISOT,WELFake,True,"KIEV (Reuters) - Ukraine s state security service SBU have detained a government official on suspicion of working in the interests of Russia, Prime Minister Volodymyr Groysman said on Thursday.  Toget","KIEV (Reuters) - Ukraine s state security service SBU have detained a government official on suspicion of working in the interests of Russia, Prime Minister Volodymyr Groysman said on Thursday.  Toget"
1649,7285,1.0,1.0,primary,ISOT,WELFake,True,"It s interesting how the media has completely ignored this massive wall while making a big deal about the extra security measure Republicans had taken to keep their guests safe You know, after radical","It s interesting how the media has completely ignored this massive wall while making a big deal about the extra security measure Republicans had taken to keep their guests safe You know, after radical"
1305,7429,1.0,1.0,primary,ISOT,WELFake,True,TOKYO (Reuters) - Japanese Prime Minister Shinzo Abe said on Friday that it is not so easy to change U.S. President Donald Trump’s mind on the Trans-Pacific Partnership (TPP). Trump will seek quick pr,TOKYO (Reuters) - Japanese Prime Minister Shinzo Abe said on Friday that it is not so easy to change U.S. President Donald Trump’s mind on the Trans-Pacific Partnership (TPP). Trump will seek quick pr
1697,8008,1.0,0.0,primary,ISOT,WELFake,True,"More proof Gary Johnson is mentally ill.I was completely right.All you libertardians owe me an apology. pic.twitter.com/69vseUoq6K  Paul Joseph Watson (@PrisonPlanet) September 23, 2016","More proof Gary Johnson is mentally ill.I was completely right.All you libertardians owe me an apology. pic.twitter.com/69vseUoq6K  Paul Joseph Watson (@PrisonPlanet) September 23, 2016"
2134,8437,1.0,1.0,primary,ISOT,WELFake,True,"WASHINGTON (Reuters) - President Barack Obama launched a final push on Tuesday to persuade Congress to close the U.S. military prison at Guantanamo Bay, Cuba, despite strong opposition from lawmakers ","WASHINGTON (Reuters) - President Barack Obama launched a final push on Tuesday to persuade Congress to close the U.S. military prison at Guantanamo Bay, Cuba, despite strong opposition from lawmakers "
1436,7888,1.0,1.0,primary,ISOT,WELFake,True,The State Department redacted one sentence just one. Cleaning up for our former Secretary of State is something the State Department has gotten really good at: FYI. The idea of using private security ,The State Department redacted one sentence just one. Cleaning up for our former Secretary of State is something the State Department has gotten really good at: FYI. The idea of using private security 
1793,6255,1.0,1.0,primary,ISOT,WELFake,True,"WASHINGTON (Reuters) - The Republican plan backed by President Donald Trump to overhaul the U.S. healthcare system cleared its first hurdles in Congress on Thursday, but its chances for passage looked","WASHINGTON (Reuters) - The Republican plan backed by President Donald Trump to overhaul the U.S. healthcare system cleared its first hurdles in Congress on Thursday, but its chances for passage looked"
1381,8071,1.0,1.0,primary,ISOT,WELFake,True,Are you ready for these pedophiles to move in to your communities? The UN is vetting the  refugees  who are coming to America. Do you really believe they are care if the Muslim families they re sendin,Are you ready for these pedophiles to move in to your communities? The UN is vetting the  refugees  who are coming to America. Do you really believe they are care if the Muslim families they re sendin
271,7004,1.0,1.0,primary,ISOT,WELFake,True,"EDINBURGH (Reuters) - Scotland s devolved government has recommended that its parliament at Holyrood withhold consent for legislation to withdraw Britain from the European Union, on the grounds that i","EDINBURGH (Reuters) - Scotland s devolved government has recommended that its parliament at Holyrood withhold consent for legislation to withdraw Britain from the European Union, on the grounds that i"
2343,8568,1.0,1.0,primary,ISOT,WELFake,True,"BAGHDAD (Reuters) - Iraqi Prime Minister Haider al-Abadi said on Saturday that Kurdish plans to hold a referendum on independence was like  playing with fire , according to a local media website.   Ab","BAGHDAD (Reuters) - Iraqi Prime Minister Haider al-Abadi said on Saturday that Kurdish plans to hold a referendum on independence was like  playing with fire , according to a local media website.   Ab"
1796,6138,1.0,1.0,primary,ISOT,WELFake,True,"BEIRUT (Reuters) - Lebanon and its financial institutions can cope with the impact of Prime Minister Saad Hariri s surprise resignation, Finance Minister Ali Hassan Khalil said on Monday.  We are conf","BEIRUT (Reuters) - Lebanon and its financial institutions can cope with the impact of Prime Minister Saad Hariri s surprise resignation, Finance Minister Ali Hassan Khalil said on Monday.  We are conf"
1977,7806,1.0,1.0,primary,ISOT,WELFake,True,BERLIN (Reuters) - German Chancellor Angela Merkel scolded a minister on Tuesday in a bid to shield talks on forming a coalition government from a dispute between cabinet colleagues over an EU license,BERLIN (Reuters) - German Chancellor Angela Merkel scolded a minister on Tuesday in a bid to shield talks on forming a coalition government from a dispute between cabinet colleagues over an EU license
2194,6318,1.0,1.0,primary,ISOT,WELFake,True,"CHARLESTON, S.C. (Reuters) - Long viewed by the Republican establishment and many donors as one of their rising stars, U.S. Senator Marco Rubio has been struggling to make his mark in the race for the","CHARLESTON, S.C. (Reuters) - Long viewed by the Republican establishment and many donors as one of their rising stars, U.S. Senator Marco Rubio has been struggling to make his mark in the race for the"
2266,7744,1.0,1.0,primary,ISOT,WELFake,True,"The number of cases of cops brutalizing and killing people of color seems to see no end. Now, we have another case that needs to be shared far and wide. An Alabama woman by the name of Angela Williams","The number of cases of cops brutalizing and killing people of color seems to see no end. Now, we have another case that needs to be shared far and wide. An Alabama woman by the name of Angela Williams"
1449,7040,1.0,1.0,primary,ISOT,WELFake,True,When will government officials who allowed this nightmare to grow like a cancer in Sweden be held accountable? Breitbart  Two asylum seekers who are on trial for raping a Swedish girl and streaming th,When will government officials who allowed this nightmare to grow like a cancer in Sweden be held accountable? Breitbart  Two asylum seekers who are on trial for raping a Swedish girl and streaming th
1213,7211,1.0,1.0,primary,ISOT,WELFake,True,SYDNEY (Reuters) - A citizenship crisis will loom over the Australian government for at least another two months after a court said on Thursday it would not begin hearings into the parliamentary eligi,SYDNEY (Reuters) - A citizenship crisis will loom over the Australian government for at least another two months after a court said on Thursday it would not begin hearings into the parliamentary eligi
1603,7162,1.0,1.0,primary,ISOT,WELFake,True,"The Turkish government has blocked access to Wikipedia, the online encyclopedia. When people throughout the country try to access the site, all they will see is a swirly symbol until they see a messag","The Turkish government has blocked access to Wikipedia, the online encyclopedia. When people throughout the country try to access the site, all they will see is a swirly symbol until they see a messag"
581,6336,1.0,1.0,primary,ISOT,WELFake,True,"Just yesterday, amateur president Donald Trump made an ass out of himself by failing at history, and today, he s calling for a future government shutdown. Only Trump could f*ck up the past and the fut","Just yesterday, amateur president Donald Trump made an ass out of himself by failing at history, and today, he s calling for a future government shutdown. Only Trump could f*ck up the past and the fut"
414,7306,1.0,1.0,primary,ISOT,WELFake,True,"When people say  What happens in Las Vegas, stays in Las Vegas.  they apparently aren t  kidding around Suspicion about what is going on in the Las Vegas massacre investigation is at an all-time high.","When people say  What happens in Las Vegas, stays in Las Vegas.  they apparently aren t  kidding around Suspicion about what is going on in the Las Vegas massacre investigation is at an all-time high."
2061,6200,1.0,1.0,primary,ISOT,WELFake,True," I just want people to know, the CIA was hacked, and a lot of things taken   that was during the Obama years. That was not during us,  Trump recently told Fox News propagandist Tucker Carlson during a"," I just want people to know, the CIA was hacked, and a lot of things taken   that was during the Obama years. That was not during us,  Trump recently told Fox News propagandist Tucker Carlson during a"
1633,6415,1.0,1.0,primary,ISOT,WELFake,True,Senator Mike Lee gives it right back to FOX s Martha MacCallum when she grilled him on why the Senate won t accept a Supreme Court nominee: MARTHA MACCALLUM (HOST): The president has laid out I think ,Senator Mike Lee gives it right back to FOX s Martha MacCallum when she grilled him on why the Senate won t accept a Supreme Court nominee: MARTHA MACCALLUM (HOST): The president has laid out I think 
1460,7573,1.0,1.0,primary,ISOT,WELFake,True,"(Reuters) - A Kansas judge extended voting rights through the Nov. 8 election of about 17,500 people who registered to vote at motor vehicle offices, court documents showed on Tuesday in one of the ca","(Reuters) - A Kansas judge extended voting rights through the Nov. 8 election of about 17,500 people who registered to vote at motor vehicle offices, court documents showed on Tuesday in one of the ca"
773,6762,1.0,1.0,primary,ISOT,WELFake,True,"Donald Trump, like any bully, loves to talk crap, but when his victim stands up to him, he always, every single time, backs down. While Trump is a bit beyond the age of schoolyard scuffles (don t tell","Donald Trump, like any bully, loves to talk crap, but when his victim stands up to him, he always, every single time, backs down. While Trump is a bit beyond the age of schoolyard scuffles (don t tell"
313,8025,1.0,1.0,primary,ISOT,WELFake,True,The outspoken liberal comedian posed for a photo shoot with controversial photographer Tyler Shields in which she was seen holding a bloodied mask of President Trump.Donald Trump was quick to condemn ,The outspoken liberal comedian posed for a photo shoot with controversial photographer Tyler Shields in which she was seen holding a bloodied mask of President Trump.Donald Trump was quick to condemn 
448,8295,1.0,1.0,primary,ISOT,WELFake,True,"ANKARA (Reuters) - A Turkish court has sentenced a journalist from the Wall Street Journal to two years and one month in prison in absentia on charges of carrying out propaganda for Kurdish militants,","ANKARA (Reuters) - A Turkish court has sentenced a journalist from the Wall Street Journal to two years and one month in prison in absentia on charges of carrying out propaganda for Kurdish militants,"
1344,7700,1.0,1.0,primary,ISOT,WELFake,True,"Tune in to the Alternate Current Radio Network (ACR) for another LIVE broadcast of  The Boiler Room tonight 6:00 PM PST | 8:00 PM CST | 9:00 PM EST for this special broadcast. Join us for uncensored, ","Tune in to the Alternate Current Radio Network (ACR) for another LIVE broadcast of  The Boiler Room tonight 6:00 PM PST | 8:00 PM CST | 9:00 PM EST for this special broadcast. Join us for uncensored, "
1182,6561,1.0,1.0,primary,ISOT,WELFake,True,"WASHINGTON (Reuters) - U.S. Senate Democrats plan to fight some of President-elect Donald Trump’s choices for top administration jobs, but history and the party’s minority status in the chamber are no","WASHINGTON (Reuters) - U.S. Senate Democrats plan to fight some of President-elect Donald Trump’s choices for top administration jobs, but history and the party’s minority status in the chamber are no"
7378,8642,0.7861409796893668,0.9777117384843982,primary,WELFake,WELFake,False,"The media CHEERED when Democrat Senator Chuck Schumer (D-NY) helped a 24-yr old Muslim man enter the U.S. after he was denied entry The media was strangely SILENT, however, after he molested a 12-yr-o",An Indian athlete who overcame a visa denial with the help of U.S. lawmakers and a local mayor to attend the World Snowshoe Championship in New York has been arrested on charges of the abuse of a mino
1162,7940,1.0,1.0,primary,ISOT,WELFake,True,"1. Disarm federal regulatory agenciesDuring an eight-year period, 53 non-military, non-law enforcement agencies spent a shocking $335 million on guns, ammunition and military-style equipment.2. Fire E","1. Disarm federal regulatory agenciesDuring an eight-year period, 53 non-military, non-law enforcement agencies spent a shocking $335 million on guns, ammunition and military-style equipment.2. Fire E"
770,6909,1.0,1.0,primary,ISOT,WELFake,True,UNITED NATIONS (Reuters) - Russia blocked a Western-led effort at the U.N. Security Council on Wednesday to condemn last week’s deadly gas attack in Syria and push Moscow’s ally President Bashar al-As,UNITED NATIONS (Reuters) - Russia blocked a Western-led effort at the U.N. Security Council on Wednesday to condemn last week’s deadly gas attack in Syria and push Moscow’s ally President Bashar al-As
2807,5879,1.0,1.0,primary,ISOT,WELFake,True,"GENEVA (Reuters) - The U.N. aid coordinator called on the Saudi-led coalition to open all Yemen s seaports urgently on Tuesday, saying millions of lives were at risk.  The Saudi-led coalition fighting","GENEVA (Reuters) - The U.N. aid coordinator called on the Saudi-led coalition to open all Yemen s seaports urgently on Tuesday, saying millions of lives were at risk.  The Saudi-led coalition fighting"
1677,7351,1.0,1.0,primary,ISOT,WELFake,True,You ll never guess which mainstream TV network is right around the corner from this operation! Illegal  refugees  are flooding the 49th parallel from all over America to ILLEGALLY cross into Canada. A,You ll never guess which mainstream TV network is right around the corner from this operation! Illegal  refugees  are flooding the 49th parallel from all over America to ILLEGALLY cross into Canada. A
954,7511,1.0,1.0,primary,ISOT,WELFake,True,"(Reuters) - Donald Trump’s spokesman said his team will brief the media on Thursday in Washington, one day before the Republican U.S. president-elect is sworn into office on Friday. Sean Spicer, speak","(Reuters) - Donald Trump’s spokesman said his team will brief the media on Thursday in Washington, one day before the Republican U.S. president-elect is sworn into office on Friday. Sean Spicer, speak"
1117,8127,1.0,1.0,primary,ISOT,WELFake,True,But he s pointing the finger at the wrong aspect of violence and death in the black community. If he would focus on the REAL problem of black on black crime he d get somewhere. How can anyone take Oba,But he s pointing the finger at the wrong aspect of violence and death in the black community. If he would focus on the REAL problem of black on black crime he d get somewhere. How can anyone take Oba
7921,8453,0.42661691542288555,1.0,primary,WELFake,WELFake,False,"Saker Message: No current Saker messages. Russia celebrates a Unity Day of liberation of Moscow from the Polish Roman Papists army in 1612 273 Views November 05, 2016 No Comments Scotts Corner Scott  ",Be the First to Comment! Leave a Reply Click here to get more info on formatting (1) Leave the name field empty if you want to post as Anonymous. It's preferable that you choose a name so it becomes c
250,6037,1.0,1.0,primary,ISOT,WELFake,True,"WARREN, Mich. (Reuters) - U.S. Democratic presidential candidate Hillary Clinton on Thursday said rival Donald Trump had no real plans to help middle-class families, arguing that his agenda of tax cut","WARREN, Mich. (Reuters) - U.S. Democratic presidential candidate Hillary Clinton on Thursday said rival Donald Trump had no real plans to help middle-class families, arguing that his agenda of tax cut"
1775,6766,1.0,1.0,primary,ISOT,WELFake,True,DUBAI (Reuters) - Bahrain s King Hamad bin Isa Al Khalifa issued a decree on Tuesday reorganizing the National Security Agency and appointing Lieutenant General Adel bin Khalifa Al Fadhel as its new p,DUBAI (Reuters) - Bahrain s King Hamad bin Isa Al Khalifa issued a decree on Tuesday reorganizing the National Security Agency and appointing Lieutenant General Adel bin Khalifa Al Fadhel as its new p
1490,6069,1.0,1.0,primary,ISOT,WELFake,True," Andrew Korybko 21st Century Wire The global media is awash with analysis and speculation about the resignation of former National Security Advisor Michael Flynn, with everyone trying to make sense of"," Andrew Korybko 21st Century Wire The global media is awash with analysis and speculation about the resignation of former National Security Advisor Michael Flynn, with everyone trying to make sense of"
894,6773,1.0,1.0,primary,ISOT,WELFake,True,"MOSCOW (Reuters) - Russian President Vladimir Putin and U.S. President Donald Trump will discuss North Korea when they hold a telephone conversation on Tuesday, Interfax news agency cited Kremlin aide","MOSCOW (Reuters) - Russian President Vladimir Putin and U.S. President Donald Trump will discuss North Korea when they hold a telephone conversation on Tuesday, Interfax news agency cited Kremlin aide"
2058,7045,1.0,1.0,primary,ISOT,WELFake,True,It was just announced that there will be no autopsy of Justice Scalia after he was found dead in his room of  natural causes . Does anyone else out there think it should be mandatory for an autopsy to,It was just announced that there will be no autopsy of Justice Scalia after he was found dead in his room of  natural causes . Does anyone else out there think it should be mandatory for an autopsy to
1550,8133,1.0,0.0,primary,ISOT,WELFake,True,"MOSCOW (Reuters) - British foreign minister Boris Johnson said on Friday that London could not ignore Russia s meddling in elections around the world, its actions in Ukraine, or the persecution of gay","MOSCOW (Reuters) - British foreign minister Boris Johnson said on Friday that London could not ignore Russia s meddling in elections around the world, its actions in Ukraine, or the persecution of gay"
2407,6149,1.0,1.0,primary,ISOT,WELFake,True,MOSCOW/KIEV (Reuters) - Armed men in masks blocked off the center of Ukraine s rebel-controlled city of Luhansk on Tuesday in what the rebel leader said was a revolt by supporters of a sacked regional,MOSCOW/KIEV (Reuters) - Armed men in masks blocked off the center of Ukraine s rebel-controlled city of Luhansk on Tuesday in what the rebel leader said was a revolt by supporters of a sacked regional
1789,6493,1.0,1.0,primary,ISOT,WELFake,True,"When Donald Trump began his one-man quest to smear the judge presiding over his Trump University lawsuit using appalling racial rhetoric, it was offensive but not surprising. After all, this is a man ","When Donald Trump began his one-man quest to smear the judge presiding over his Trump University lawsuit using appalling racial rhetoric, it was offensive but not surprising. After all, this is a man "
2295,6115,1.0,1.0,primary,ISOT,WELFake,True,"Donald Trump is the first authoritarian president we have ever had. Of course, one of the hallmarks of autocrats is that they destabilize trust in the free press and eventually attempt to squash the F","Donald Trump is the first authoritarian president we have ever had. Of course, one of the hallmarks of autocrats is that they destabilize trust in the free press and eventually attempt to squash the F"
1488,6489,1.0,1.0,primary,ISOT,WELFake,True,"Stacey Dash is no stranger to controversy. She was recently suspended by FOX News when she said that [Barack]  Obama doesn t give a shit about terrorism. Today, on Fox and Friends, Stacey takes on Hol","Stacey Dash is no stranger to controversy. She was recently suspended by FOX News when she said that [Barack]  Obama doesn t give a shit about terrorism. Today, on Fox and Friends, Stacey takes on Hol"
1375,7817,1.0,1.0,primary,ISOT,WELFake,True,WASHINGTON (Reuters) - U.S. House Republicans on Tuesday shot down a legislative effort by Democrats to obtain Treasury Department documents that could show any ties between the finances of President ,WASHINGTON (Reuters) - U.S. House Republicans on Tuesday shot down a legislative effort by Democrats to obtain Treasury Department documents that could show any ties between the finances of President 
2425,5944,1.0,1.0,primary,ISOT,WELFake,True,"Gun nuts are a strange breed. They are paranoid, uneducated, and don t feel complete without a few penis extensions guns fully locked and loaded at all times. However, one ammosexual just took it a st","Gun nuts are a strange breed. They are paranoid, uneducated, and don t feel complete without a few penis extensions guns fully locked and loaded at all times. However, one ammosexual just took it a st"
76,6576,1.0,1.0,primary,ISOT,WELFake,True,BERLIN (Reuters) - German Chancellor Angela Merkel said on Tuesday that Turkey was fast abandoning the rule of law and vowed to push her EU partners to consider suspending or ending its accession talk,BERLIN (Reuters) - German Chancellor Angela Merkel said on Tuesday that Turkey was fast abandoning the rule of law and vowed to push her EU partners to consider suspending or ending its accession talk
69,5817,1.0,1.0,primary,ISOT,WELFake,True,(Reuters) - Donald Trump’s nominee to head the Department of Homeland Security told a U.S. Senate committee on Wednesday there was no need to build a wall on the Mexican border “from sea to shining se,(Reuters) - Donald Trump’s nominee to head the Department of Homeland Security told a U.S. Senate committee on Wednesday there was no need to build a wall on the Mexican border “from sea to shining se
2715,8364,1.0,1.0,primary,ISOT,WELFake,True," He threw the reputation of the FBI under the bus Former FBI agents don t seem as surprised as the rest of the world that James Comey was fired by President Trump today.In fact, some of them are quite"," He threw the reputation of the FBI under the bus Former FBI agents don t seem as surprised as the rest of the world that James Comey was fired by President Trump today.In fact, some of them are quite"
141,6498,1.0,1.0,primary,ISOT,WELFake,True,"Donald Trump s Muslim ban was one of the main focal points in his presidential campaign, but no one imagined that he d actually follow through with it so quickly after officially becoming President.Tr","Donald Trump s Muslim ban was one of the main focal points in his presidential campaign, but no one imagined that he d actually follow through with it so quickly after officially becoming President.Tr"
1477,7380,1.0,1.0,primary,ISOT,WELFake,True,"Donald Trump s presidential campaign appears to be very worried about the prospect that a third-party campaign could eat into his votes, delivering the election victory to Hillary Clinton.Conservative","Donald Trump s presidential campaign appears to be very worried about the prospect that a third-party campaign could eat into his votes, delivering the election victory to Hillary Clinton.Conservative"
963,7580,1.0,1.0,primary,ISOT,WELFake,True,A Harvard Women s Studies and Islamic Studies professor  was forcibly taken off of a Southwest flight today. She demanded that two dogs be taken off of the plane because she said she s allergic to dog,A Harvard Women s Studies and Islamic Studies professor  was forcibly taken off of a Southwest flight today. She demanded that two dogs be taken off of the plane because she said she s allergic to dog
261,8629,1.0,1.0,primary,ISOT,WELFake,True,"One month ago, CNN political analyst and American Urban Radio Networks White House correspondent April Ryan took to Twitter, and without any evidence, suggested that White House press secretary Sarah ","One month ago, CNN political analyst and American Urban Radio Networks White House correspondent April Ryan took to Twitter, and without any evidence, suggested that White House press secretary Sarah "
1613,7060,1.0,1.0,primary,ISOT,WELFake,True,"We love this guy! Factory worker Keith Ketzler: For eight horrible years I heard,  We don t have control of the House. We don t have control of the senate. We don t have the presidency and when we get","We love this guy! Factory worker Keith Ketzler: For eight horrible years I heard,  We don t have control of the House. We don t have control of the senate. We don t have the presidency and when we get"
2462,6368,1.0,1.0,primary,ISOT,WELFake,True,"On Friday, a federal judge in New York issued an emergency stay temporarily halting the removal of individuals detained after President Trump issued an order to ban immigrants from seven Muslim-majori","On Friday, a federal judge in New York issued an emergency stay temporarily halting the removal of individuals detained after President Trump issued an order to ban immigrants from seven Muslim-majori"
2101,6826,1.0,1.0,primary,ISOT,WELFake,True,UNITED NATIONS (Reuters) - Russia vetoed on Friday a Japanese-drafted U.N. Security Council resolution to extend by one month an international inquiry into who is to blame for chemical weapons attacks,UNITED NATIONS (Reuters) - Russia vetoed on Friday a Japanese-drafted U.N. Security Council resolution to extend by one month an international inquiry into who is to blame for chemical weapons attacks
1465,6380,1.0,1.0,primary,ISOT,WELFake,True,"WASHINGTON (Reuters) - U.S. Attorney General Jeff Sessions on Wednesday called on the nation’s immigration courts to decide cases more efficiently, amid a burgeoning backlog that is hampering the Trum","WASHINGTON (Reuters) - U.S. Attorney General Jeff Sessions on Wednesday called on the nation’s immigration courts to decide cases more efficiently, amid a burgeoning backlog that is hampering the Trum"
2571,8090,1.0,1.0,primary,ISOT,WELFake,True,Donald Trump is officially the Republican nominee for President of the United States. Mike Pence is officially the nominee for Vice President of the United States. According to a new report from the N,Donald Trump is officially the Republican nominee for President of the United States. Mike Pence is officially the nominee for Vice President of the United States. According to a new report from the N
1616,8099,1.0,1.0,primary,ISOT,WELFake,True,ANKARA (Reuters) - Iran s supreme leader Ayatollah Ali Khamenei told Russian President Vladimir Putin that Tehran and Moscow needed to step up cooperation to isolate the United States and restore peac,ANKARA (Reuters) - Iran s supreme leader Ayatollah Ali Khamenei told Russian President Vladimir Putin that Tehran and Moscow needed to step up cooperation to isolate the United States and restore peac
1839,7161,1.0,1.0,primary,ISOT,WELFake,True,Nice threat to POTUS:  The intelligence community will continue to convey truth to power even if power doesn t necessarily listen.  This entire video is disturbing but eye opening. THEY FEEL THREATENE,Nice threat to POTUS:  The intelligence community will continue to convey truth to power even if power doesn t necessarily listen.  This entire video is disturbing but eye opening. THEY FEEL THREATENE
733,5808,1.0,1.0,primary,ISOT,WELFake,True,"So, the working people of America are basically supposed to sit back and watch Bernie Sanders and Hillary compete to see who can pander to get more votes by promising Americans and illegal aliens more","So, the working people of America are basically supposed to sit back and watch Bernie Sanders and Hillary compete to see who can pander to get more votes by promising Americans and illegal aliens more"
2351,5796,1.0,1.0,primary,ISOT,WELFake,True, BERLIN (Reuters) - The image of the United States has deteriorated sharply across the globe under President Donald Trump and an overwhelming majority of people in other countries have no confidence i, BERLIN (Reuters) - The image of the United States has deteriorated sharply across the globe under President Donald Trump and an overwhelming majority of people in other countries have no confidence i
6518,7178,0.9801587301587301,0.9899799599198397,primary,WELFake,WELFake,False,"Pinterest  C.E. Dyer reports that the disaster that is Obamacare is about to get worse for many people enrolled in the health insurance marketplace. On Monday, the Obama administration confirmed that ","Pinterest  C.E. Dyer writes that the disaster that is Obamacare is about to get worse for many people enrolled in the health insurance marketplace. On Monday, the Obama administration confirmed that p"
1799,8300,1.0,1.0,primary,ISOT,WELFake,True,"CAIRO (Reuters) - Former Egyptian Prime Minister Ahmed Shafiq, an ex-air force pilot and former presidential candidate, said on Wednesday he intended to run in the presidential election early next yea","CAIRO (Reuters) - Former Egyptian Prime Minister Ahmed Shafiq, an ex-air force pilot and former presidential candidate, said on Wednesday he intended to run in the presidential election early next yea"
505,7671,1.0,1.0,primary,ISOT,WELFake,True,"While on the campaign trail, Donald Trump, a former reality show star, repeatedly promised to repeal Obamacare and his supporters cheered him on. Now that the GOP Senate has revealed what they came up","While on the campaign trail, Donald Trump, a former reality show star, repeatedly promised to repeal Obamacare and his supporters cheered him on. Now that the GOP Senate has revealed what they came up"
970,6367,1.0,1.0,primary,ISOT,WELFake,True,"Earlier today, White House Correspondent Mark Knoller was Tweeting out the info from Obama s announcement about goodies for criminals and I just couldn t believe it. I know, I know it s really not har","Earlier today, White House Correspondent Mark Knoller was Tweeting out the info from Obama s announcement about goodies for criminals and I just couldn t believe it. I know, I know it s really not har"
2002,6822,1.0,1.0,primary,ISOT,WELFake,True,SAN JUAN (Reuters) - - Creditors of Puerto Rico’s Government Development Bank on Wednesday withdrew a lawsuit that sought to prevent a run on the bank ahead of a $422 million debt payment due on May 1,SAN JUAN (Reuters) - - Creditors of Puerto Rico’s Government Development Bank on Wednesday withdrew a lawsuit that sought to prevent a run on the bank ahead of a $422 million debt payment due on May 1
2437,8318,1.0,1.0,primary,ISOT,WELFake,True,"ALBANY, N.Y. (Reuters) - New York’s state assembly on Tuesday overwhelmingly voted to legalize mixed martial arts fights, effectively ending the last remaining statewide ban on the combat sport in the","ALBANY, N.Y. (Reuters) - New York’s state assembly on Tuesday overwhelmingly voted to legalize mixed martial arts fights, effectively ending the last remaining statewide ban on the combat sport in the"
2831,6225,1.0,1.0,primary,ISOT,WELFake,True,"WASHINGTON (Reuters) - Trump administration officials will likely meet in May to reach a final decision on whether the United States should stay in the Paris climate deal, after holding an initial mee","WASHINGTON (Reuters) - Trump administration officials will likely meet in May to reach a final decision on whether the United States should stay in the Paris climate deal, after holding an initial mee"
2877,7943,1.0,1.0,primary,ISOT,WELFake,True,21st Century Wire says In a tweet by President Donald Trump on Tuesday he called the Democratic Party out for obstructing the formation of his cabinet. He noted it was a  disgrace  that his full cabin,21st Century Wire says In a tweet by President Donald Trump on Tuesday he called the Democratic Party out for obstructing the formation of his cabinet. He noted it was a  disgrace  that his full cabin
812,6375,1.0,1.0,primary,ISOT,WELFake,True,"NEW YORK (Reuters) - Donald Trump campaigned for president as a savvy billionaire who would apply his business acumen to improving the U.S. economy, cutting taxes for Americans and negotiating better ","NEW YORK (Reuters) - Donald Trump campaigned for president as a savvy billionaire who would apply his business acumen to improving the U.S. economy, cutting taxes for Americans and negotiating better "
783,6824,1.0,1.0,primary,ISOT,WELFake,True,"Steve Bannon, Trump s campaign CEO who was the editor-in-chief at right-wing rag Breitbart, apparently ordered his staff there to destroy Paul Ryan not too long after Ryan took over Boehner s mantle a","Steve Bannon, Trump s campaign CEO who was the editor-in-chief at right-wing rag Breitbart, apparently ordered his staff there to destroy Paul Ryan not too long after Ryan took over Boehner s mantle a"
1034,6058,1.0,1.0,primary,ISOT,WELFake,True,TALLINN (Reuters) - NATO head Jens Stoltenberg said on Thursday all countries must comply with sanctions on North Korea as the international community ratchets up pressure on the reclusive regime foll,TALLINN (Reuters) - NATO head Jens Stoltenberg said on Thursday all countries must comply with sanctions on North Korea as the international community ratchets up pressure on the reclusive regime foll
316,6583,1.0,1.0,primary,ISOT,WELFake,True,"NEW YORK (Reuters) - The U.S. House Committee on Natural Resources is to hold a hearing on Puerto Rico on Feb. 25, it said in a statement, as Congress tries to come up with a solution for the debt-rid","NEW YORK (Reuters) - The U.S. House Committee on Natural Resources is to hold a hearing on Puerto Rico on Feb. 25, it said in a statement, as Congress tries to come up with a solution for the debt-rid"
6032,6434,0.9357045143638851,0.9757489300998573,primary,WELFake,WELFake,False,Leave a reply  Paul Craig Roberts – The American electorate’s preference for Donald Trump and Bernie Sanders has established two facts. One is that the majority of the American people do not believe t,"By Paul Craig Roberts on November 9, 2016 If only Trump could exile the lot of them. They are anti-American to the core.  by Paul Craig Roberts  The American electorate’s preference for Donald Trump a"
1940,6257,1.0,1.0,primary,ISOT,WELFake,True,"NEW YORK (Reuters) - Donald Trump likes to boast to his supporters that he’s so rich he doesn’t need outside money to pay for his presidential campaign. His fans seem happy to oblige him, according to","NEW YORK (Reuters) - Donald Trump likes to boast to his supporters that he’s so rich he doesn’t need outside money to pay for his presidential campaign. His fans seem happy to oblige him, according to"
452,8228,1.0,1.0,primary,ISOT,WELFake,True,"SANTIAGO (Reuters) - Chilean conservative presidential candidate Sebastian Pinera maintained his lead in voter preference ahead of the Nov. 19 election, and was seen beating his two closest rivals in ","SANTIAGO (Reuters) - Chilean conservative presidential candidate Sebastian Pinera maintained his lead in voter preference ahead of the Nov. 19 election, and was seen beating his two closest rivals in "
1705,7693,1.0,1.0,primary,ISOT,WELFake,True,"The rainbows and unicorn crowd decided they just had to complain about a gun manufacturer s ad being in the Columbia, SC Airport. FN Manufacturing s ad made travelers  upset  so it was taken down. Tot","The rainbows and unicorn crowd decided they just had to complain about a gun manufacturer s ad being in the Columbia, SC Airport. FN Manufacturing s ad made travelers  upset  so it was taken down. Tot"
2099,7159,1.0,1.0,primary,ISOT,WELFake,True,"In response to Trump s outrageous remarks about abortion, Ann Coulter upped the ante by claiming that the border wall will cut the abortion rate by keeping  Latin American rape culture  out of the nat","In response to Trump s outrageous remarks about abortion, Ann Coulter upped the ante by claiming that the border wall will cut the abortion rate by keeping  Latin American rape culture  out of the nat"
2079,7538,1.0,1.0,primary,ISOT,WELFake,True,WASHINGTON (Reuters) - The United States will increase pressure on Islamic State and al Qaeda and work to set up “interim zones of stability” to help refugees return home in the next phase of the batt,WASHINGTON (Reuters) - The United States will increase pressure on Islamic State and al Qaeda and work to set up “interim zones of stability” to help refugees return home in the next phase of the batt
942,6487,1.0,1.0,primary,ISOT,WELFake,True,ROME (Reuters) - Russian Foreign Minister Sergei Lavrov said on Friday that a U.S. threat to destroy North Korea in the event of a war was  a bloodthirsty tirade  and military action against Pyongyang,ROME (Reuters) - Russian Foreign Minister Sergei Lavrov said on Friday that a U.S. threat to destroy North Korea in the event of a war was  a bloodthirsty tirade  and military action against Pyongyang
525,8206,1.0,1.0,primary,ISOT,WELFake,True,WASHINGTON (Reuters) - U.S. Secretary of State John Kerry said on Thursday he remained confident about the future of the U.S.-Philippines relationship despite “a difference here or there” and that he ,WASHINGTON (Reuters) - U.S. Secretary of State John Kerry said on Thursday he remained confident about the future of the U.S.-Philippines relationship despite “a difference here or there” and that he 
58,7782,1.0,1.0,primary,ISOT,WELFake,True,WASHINGTON (Reuters) - U.S. Secretary of State nominee Rex Tillerson said on Wednesday that he does not agree with President-elect Donald Trump’s comments that it would not be a bad thing if other cou,WASHINGTON (Reuters) - U.S. Secretary of State nominee Rex Tillerson said on Wednesday that he does not agree with President-elect Donald Trump’s comments that it would not be a bad thing if other cou
1722,7620,1.0,1.0,primary,ISOT,WELFake,True,"A longtime Republican financial backer who attended a New York fundraiser held by Chris Christie for Donald Trump Thursday tells The Daily Caller that most Republican donors are on board with Trump, y","A longtime Republican financial backer who attended a New York fundraiser held by Chris Christie for Donald Trump Thursday tells The Daily Caller that most Republican donors are on board with Trump, y"
1526,6116,0.92,0.9947183098591549,primary,ISOT,WELFake,True,"21st Century Wire says In a stunning turn of events 11 days before the 2016 presidential election, the FBI announced it is reopenning its investigation into Hillary Clinton s email server case, by pro"," In a stunning turn of events 11 days before the 2016 presidential election, the FBI announced it is reopenning its investigation into Hillary Clinton’s email server case, by probing newly emerging em"
160,8266,1.0,1.0,primary,ISOT,WELFake,True,"Emboldened by a radical leftist  President  who thumbs his nose at our Constitution and the core values our nation was founded on, our teachers and professors in colleges and universities across Ameri","Emboldened by a radical leftist  President  who thumbs his nose at our Constitution and the core values our nation was founded on, our teachers and professors in colleges and universities across Ameri"
245,7135,1.0,1.0,primary,ISOT,WELFake,True,21st Century Wire says Several people have been shot at the Bronx-Lebanon Hospital Center as an allegedly disgruntled ex-family medicine doctor opened fire with an  M16 type rifle  later reported to b,21st Century Wire says Several people have been shot at the Bronx-Lebanon Hospital Center as an allegedly disgruntled ex-family medicine doctor opened fire with an  M16 type rifle  later reported to b
625,6944,1.0,1.0,primary,ISOT,WELFake,True,"21st Century Wire says Here s a classic case of Problem, Reaction, Solution How far will the federal government go to dismantle the US Constitution? Back in 2000, the establishment rigged the US Presi","21st Century Wire says Here s a classic case of Problem, Reaction, Solution How far will the federal government go to dismantle the US Constitution? Back in 2000, the establishment rigged the US Presi"
1055,7681,1.0,1.0,primary,ISOT,WELFake,True,"WASHINGTON (Reuters) - President Donald Trump’s administration on Wednesday denied being misleading about a U.S. carrier strike group’s push toward the Korean peninsula, saying it never gave an arriva","WASHINGTON (Reuters) - President Donald Trump’s administration on Wednesday denied being misleading about a U.S. carrier strike group’s push toward the Korean peninsula, saying it never gave an arriva"
1732,7789,1.0,1.0,primary,ISOT,WELFake,True,"HARARE (Reuters) - Zimbabwean President Robert Mugabe s sacking of his deputy Emmerson Mnangagwa was part of a wider purge, state media said on Tuesday, in a clear out analysts say is meant to neutral","HARARE (Reuters) - Zimbabwean President Robert Mugabe s sacking of his deputy Emmerson Mnangagwa was part of a wider purge, state media said on Tuesday, in a clear out analysts say is meant to neutral"
1499,6782,1.0,1.0,primary,ISOT,WELFake,True,MOSCOW (Reuters) - A court on Wednesday ruled that Russian airline Aeroflot cannot tell staff what size clothing to wear after a stewardess complained she had been taken off international routes becau,MOSCOW (Reuters) - A court on Wednesday ruled that Russian airline Aeroflot cannot tell staff what size clothing to wear after a stewardess complained she had been taken off international routes becau
5948,8151,0.8090909090909091,0.9112627986348123,primary,WELFake,WELFake,False,"Chilling images capture destruction as two earthquakes hit Italy (PHOTOS, VIDEOS) Published time: 26 Oct, 2016 21:38 Edited time: 26 Oct, 2016 21:47 Get short URL Still image from video shows damaged ","Chilling images capture destruction as two earthquakes hit Italy (PHOTOS, VIDEOS)   People walk past a destroyed building in the village of Visso, central Italy, after earthquakes on October 26, 2016."
1312,6873,1.0,1.0,primary,ISOT,WELFake,True,"This was Rachel Maddow s Geraldo Rivera moment. On Tuesday night the shrill MSNBC host baited audiences with an extended monologue, where she could be seen wringing her hands in anticipation of  the b","This was Rachel Maddow s Geraldo Rivera moment. On Tuesday night the shrill MSNBC host baited audiences with an extended monologue, where she could be seen wringing her hands in anticipation of  the b"
2824,6781,1.0,1.0,primary,ISOT,WELFake,True,"BRUSSELS (Reuters) - NATO allies on Tuesday welcomed President Donald Trump s decision to commit more forces to Afghanistan, as part of a new U.S. strategy he said would require more troops and fundin","BRUSSELS (Reuters) - NATO allies on Tuesday welcomed President Donald Trump’s decision to commit more forces to Afghanistan, as part of a new U.S. strategy he said would require more troops and fundin"
1612,8599,1.0,1.0,primary,ISOT,WELFake,True,CNN is slowly slipping off the deep end into the pool of corporate-approved fake news with their latest attack on Larry Wilmore. The comedian gave a bit of a roasting to CNN during the recent White Ho,CNN is slowly slipping off the deep end into the pool of corporate-approved fake news with their latest attack on Larry Wilmore. The comedian gave a bit of a roasting to CNN during the recent White Ho
7003,7921,0.41739130434782606,0.9970326409495549,primary,WELFake,WELFake,False,Leave a Reply Click here to get more info on formatting (1) Leave the name field empty if you want to post as Anonymous. It's preferable that you choose a name so it becomes clear who said what. E-mai,"Saker Message: No current Saker messages. Russia celebrates a Unity Day of liberation of Moscow from the Polish Roman Papists army in 1612 273 Views November 05, 2016 No Comments Scotts Corner Scott  "
1632,6710,1.0,1.0,primary,ISOT,WELFake,True,"LUXEMBOURG (Reuters) - The European Union s top court dismissed complaints on Wednesday by Slovakia and Hungary about EU migration policy, upholding Brussels  right to force member states to take in a","LUXEMBOURG (Reuters) - The European Union s top court dismissed complaints on Wednesday by Slovakia and Hungary about EU migration policy, upholding Brussels  right to force member states to take in a"
755,7459,1.0,1.0,primary,ISOT,WELFake,True,"WASHINGTON (Reuters) - FBI Director James Comey was tight-lipped when asked about investigations into any Russian meddling in the U.S. election on Thursday during a closed-door meeting in Congress, th","WASHINGTON (Reuters) - FBI Director James Comey was tight-lipped when asked about investigations into any Russian meddling in the U.S. election on Thursday during a closed-door meeting in Congress, th"
1328,8532,1.0,1.0,primary,ISOT,WELFake,True,"Tune in to the Alternate Current Radio Network (ACR) for another LIVE broadcast of  The Boiler Room tonight 6:00 PM PST | 8:00 PM CST | 9:00 PM EST for this special broadcast. Join us for uncensored, ","Tune in to the Alternate Current Radio Network (ACR) for another LIVE broadcast of  The Boiler Room tonight 6:00 PM PST | 8:00 PM CST | 9:00 PM EST for this special broadcast. Join us for uncensored, "
2372,8625,1.0,0.0,primary,ISOT,WELFake,True,"MOSCOW (Reuters) - The Syrian army has cut Islamic State s main supply line in the city of Deir al-Zor after taking control of the al-Jafra district, Russia s RIA news agency cited an unnamed source a","MOSCOW (Reuters) - The Syrian army has cut Islamic State s main supply line in the city of Deir al-Zor after taking control of the al-Jafra district, Russia s RIA news agency cited an unnamed source a"
1345,7773,1.0,1.0,primary,ISOT,WELFake,True,"It s been really hard for the LGBT community to welcome Caitlyn Jenner with open arms and the reason played across television screens on Sunday evening. On the season two premiere of her show, I Am Ca","It s been really hard for the LGBT community to welcome Caitlyn Jenner with open arms and the reason played across television screens on Sunday evening. On the season two premiere of her show, I Am Ca"
1480,6112,1.0,1.0,primary,ISOT,WELFake,True,"Remember when candidate Donald Trump was condemned by the left for telling Americans that we have criminals coming across our borders? Well, it turns out that he was not only correct, it appears as th","Remember when candidate Donald Trump was condemned by the left for telling Americans that we have criminals coming across our borders? Well, it turns out that he was not only correct, it appears as th"
1403,8455,1.0,1.0,primary,ISOT,WELFake,True,WASHINGTON (Reuters) - The chairman of the U.S. Senate health committee on Tuesday urged U.S. President Donald Trump to drop his threat to cut government subsidy payments to insurers that make Obamaca,WASHINGTON (Reuters) - The chairman of the U.S. Senate health committee on Tuesday urged U.S. President Donald Trump to drop his threat to cut government subsidy payments to insurers that make Obamaca
1990,7156,1.0,1.0,primary,ISOT,WELFake,True,Google Maps was alerted to a  mysterious  change in name on Trump Tower and the Trump Hotel by users and immediately changed the names back. Some small-minded vindictive person changed the name to Dum,Google Maps was alerted to a  mysterious  change in name on Trump Tower and the Trump Hotel by users and immediately changed the names back. Some small-minded vindictive person changed the name to Dum
859,6384,1.0,1.0,primary,ISOT,WELFake,True,NEW YORK (Reuters) - Some rabbis and Jewish students are planning protests against Donald Trump’s speech on Monday at a conference of the pro-Israel lobby group AIPAC over what they say are his belitt,NEW YORK (Reuters) - Some rabbis and Jewish students are planning protests against Donald Trump’s speech on Monday at a conference of the pro-Israel lobby group AIPAC over what they say are his belitt
1023,6956,1.0,1.0,primary,ISOT,WELFake,True,"So the Conway marriage just took a turn   and Kellyanne, still doing the tv circuit to promote Trump s latest lies, may not even know it yet.While Kellyanne was busy going on cable to say Trump s inco","So the Conway marriage just took a turn   and Kellyanne, still doing the tv circuit to promote Trump s latest lies, may not even know it yet.While Kellyanne was busy going on cable to say Trump s inco"
854,7489,1.0,1.0,primary,ISOT,WELFake,True,"The Republican Party is fractured, and divisions are deeper than ever thanks to one Donald J. Trump. Some Republicans feel the party needs to unify behind Trump now, but others, particularly Senators ","The Republican Party is fractured, and divisions are deeper than ever thanks to one Donald J. Trump. Some Republicans feel the party needs to unify behind Trump now, but others, particularly Senators "
1059,5902,1.0,1.0,primary,ISOT,WELFake,True,"(Reuters) - Kansas is withdrawing from plans to resettle Syrian refugees in the state after the federal government failed to provide security information on them, Republican Governor Sam Brownback sai","(Reuters) - Kansas is withdrawing from plans to resettle Syrian refugees in the state after the federal government failed to provide security information on them, Republican Governor Sam Brownback sai"
2308,5763,1.0,1.0,primary,ISOT,WELFake,True,"Global Climate cooling warming change frauds around the world are celebrating Earth Day today. If they were just celebrating God s glorious gift to mankind that would be one thing, but they re not. Ja","Global Climate cooling warming change frauds around the world are celebrating Earth Day today. If they were just celebrating God s glorious gift to mankind that would be one thing, but they re not. Ja"
169,6333,1.0,1.0,primary,ISOT,WELFake,True,"Echoing statements made by Donald Trump about fences and unwanted Mexicans coming to America, Israeli prime minister Benjamin Netanyahu wants to build a fence around Israel and the Occupied Palestinia","Echoing statements made by Donald Trump about fences and unwanted Mexicans coming to America, Israeli prime minister Benjamin Netanyahu wants to build a fence around Israel and the Occupied Palestinia"
2836,8262,1.0,1.0,primary,ISOT,WELFake,True,"Donald Trump got hilariously owned on Twitter again.On Sunday morning, Trump took a break from playing golf to post a Twitter rant. First, he bragged about his presidency.The MAKE AMERICA GREAT AGAIN ","Donald Trump got hilariously owned on Twitter again.On Sunday morning, Trump took a break from playing golf to post a Twitter rant. First, he bragged about his presidency.The MAKE AMERICA GREAT AGAIN "
6313,7876,0.9285714285714286,1.0,primary,WELFake,WELFake,False,Notify me of follow-up comments by email. Notify me of new posts by email. PLEASE DONATE TO KEEP BARE NAKED ISLAM UP AND RUNNING. Choose DONATE for one-time donation or SUBSCRIBE for monthly donations,Notify me of follow-up comments by email. Notify me of new posts by email. PLEASE DONATE TO KEEP BARE NAKED ISLAM UP AND RUNNING. Choose DONATE for one-time donation or SUBSCRIBE for monthly donations
399,7634,1.0,1.0,primary,ISOT,WELFake,True,"LUXEMBOURG (Reuters) - Britain must commit to paying what it owes to the European Union before talks can begin about a future relationship with the bloc after Brexit, European Commission President Jea","LUXEMBOURG (Reuters) - Britain must commit to paying what it owes to the European Union before talks can begin about a future relationship with the bloc after Brexit, European Commission President Jea"
2477,6011,1.0,1.0,primary,ISOT,WELFake,True,"(Reuters) - U.S. President-elect Donald Trump spoke by telephone on Thursday with Norwegian Prime Minister Erna Solberg, who congratulated Trump on his election win, the Trump transition team said in ","(Reuters) - U.S. President-elect Donald Trump spoke by telephone on Thursday with Norwegian Prime Minister Erna Solberg, who congratulated Trump on his election win, the Trump transition team said in "
2261,8281,1.0,1.0,primary,ISOT,WELFake,True,Our good friends at Thomas More Law Center just won a great case for free speech and the unborn! The judge who rendered the decision is an Obama appointee which makes this victory all the sweeter!In a,Our good friends at Thomas More Law Center just won a great case for free speech and the unborn! The judge who rendered the decision is an Obama appointee which makes this victory all the sweeter!In a
1595,6620,1.0,1.0,primary,ISOT,WELFake,True,LONDON (Reuters) - British Foreign Secretary Boris Johnson has said a transition period from the European Union after Britain s exit from the bloc in March 2019 must not last more than two years. In a,LONDON (Reuters) - British Foreign Secretary Boris Johnson has said a transition period from the European Union after Britain s exit from the bloc in March 2019 must not last more than two years. In a
1782,8576,0.8113207547169812,0.8958333333333334,primary,ISOT,WELFake,True,"Tune in to the Alternate Current Radio Network (ACR) for another LIVE broadcast of  The Boiler Room tonight 6:00 PM PST | 8:00 PM CST | 9:00 PM EST for this special broadcast. Join us for uncensored, ","Tune in to the Alternate Current Radio Network (ACR) for another LIVE broadcast of  The Boiler Room tonight 6:00 PM PST | 8:00 PM CST | 9:00 PM EST for this special broadcast. Join us for uncensored, "
1782,7700,0.7043478260869566,0.826530612244898,sensitivity,ISOT,WELFake,True,"Tune in to the Alternate Current Radio Network (ACR) for another LIVE broadcast of  The Boiler Room tonight 6:00 PM PST | 8:00 PM CST | 9:00 PM EST for this special broadcast. Join us for uncensored, ","Tune in to the Alternate Current Radio Network (ACR) for another LIVE broadcast of  The Boiler Room tonight 6:00 PM PST | 8:00 PM CST | 9:00 PM EST for this special broadcast. Join us for uncensored, "
653,1782,0.5555555555555556,0.7142857142857143,sensitivity,ISOT,ISOT,False,"Tune in to the Alternate Current Radio Network (ACR) for another LIVE broadcast of  The Boiler Room  tonight 6:00 PM PST | 8:00 PM CST | 9:00 PM EST for this special broadcast. Join us for uncensored,","Tune in to the Alternate Current Radio Network (ACR) for another LIVE broadcast of  The Boiler Room tonight 6:00 PM PST | 8:00 PM CST | 9:00 PM EST for this special broadcast. Join us for uncensored, "
2385,6339,0.6365384615384615,0.7852906287069988,sensitivity,ISOT,WELFake,True,BRUSSELS (Reuters) - Here is a timeline of the coming few days that will determine whether Britain avoids further costly delays in giving business assurances of a smooth exit from the European Union a,BRUSSELS (Reuters) - British Prime Minister Theresa May failed to secure a breakthrough in Brexit talks on Monday with European Commission President Jean-Claude Juncker.  Here is a timeline of the com
2758,7960,0.7228464419475655,0.8853211009174312,sensitivity,ISOT,WELFake,True,"WASHINGTON, D.C.   May Day is the day for commies to come out in force The Antifa thugs are proudly marching for communism but when a journalist asked why they were carrying a North Korean flag, this ",Typical! The New York Times tries to blame conservatives for the violence TOTALLY caused by the Antifa thugs. Why does this not surprise us? Leave it to the left to twist and turn the truth to fit the
6490,8627,0.8,0.0,sensitivity,WELFake,WELFake,False,"Post was not sent - check your email addresses! Email check failed, please try again Sorry, your blog cannot share posts by email. MENU","Post was not sent - check your email addresses! Email check failed, please try again Sorry, your blog cannot share posts by email. %d bloggers like this:"
635,7265,0.53125,0.6938775510204082,sensitivity,ISOT,WELFake,True,Tune in to the Alternate Current Radio Network (ACR) for another LIVE broadcast of  The Boiler Room  starting at 6:00 PM PST | 8:00 PM CST | 9:00 PM EST for this special broadcast. Join us for uncenso,Tune in to the Alternate Current Radio Network (ACR) for another LIVE broadcast of  The Boiler Room  starting at 6:00 PM PST | 8:00 PM CST | 9:00 PM EST for this special broadcast. Join us for uncenso
1782,6968,0.5983606557377049,0.7525773195876289,sensitivity,ISOT,WELFake,True,"Tune in to the Alternate Current Radio Network (ACR) for another LIVE broadcast of  The Boiler Room tonight 6:00 PM PST | 8:00 PM CST | 9:00 PM EST for this special broadcast. Join us for uncensored, ","Tune in to the Alternate Current Radio Network (ACR) for another LIVE broadcast of  The Boiler Room  tonight 6:00 PM PST | 8:00 PM CST | 9:00 PM EST for this special broadcast. Join us for uncensored,"
653,6968,0.5853658536585366,0.7422680412371134,sensitivity,ISOT,WELFake,True,"Tune in to the Alternate Current Radio Network (ACR) for another LIVE broadcast of  The Boiler Room  tonight 6:00 PM PST | 8:00 PM CST | 9:00 PM EST for this special broadcast. Join us for uncensored,","Tune in to the Alternate Current Radio Network (ACR) for another LIVE broadcast of  The Boiler Room  tonight 6:00 PM PST | 8:00 PM CST | 9:00 PM EST for this special broadcast. Join us for uncensored,"
6968,7310,0.625,0.7731958762886598,sensitivity,WELFake,WELFake,False,"Tune in to the Alternate Current Radio Network (ACR) for another LIVE broadcast of  The Boiler Room  tonight 6:00 PM PST | 8:00 PM CST | 9:00 PM EST for this special broadcast. Join us for uncensored,","Tune in to the Alternate Current Radio Network (ACR) for another LIVE broadcast of  The Boiler Room tonight 6:00 PM PST | 8:00 PM CST | 9:00 PM EST for this special broadcast. Join us for uncensored, "
1344,1782,0.7043478260869566,0.826530612244898,sensitivity,ISOT,ISOT,False,"Tune in to the Alternate Current Radio Network (ACR) for another LIVE broadcast of  The Boiler Room tonight 6:00 PM PST | 8:00 PM CST | 9:00 PM EST for this special broadcast. Join us for uncensored, ","Tune in to the Alternate Current Radio Network (ACR) for another LIVE broadcast of  The Boiler Room tonight 6:00 PM PST | 8:00 PM CST | 9:00 PM EST for this special broadcast. Join us for uncensored, "
653,7310,0.7657657657657657,0.8673469387755102,sensitivity,ISOT,WELFake,True,"Tune in to the Alternate Current Radio Network (ACR) for another LIVE broadcast of  The Boiler Room  tonight 6:00 PM PST | 8:00 PM CST | 9:00 PM EST for this special broadcast. Join us for uncensored,","Tune in to the Alternate Current Radio Network (ACR) for another LIVE broadcast of  The Boiler Room tonight 6:00 PM PST | 8:00 PM CST | 9:00 PM EST for this special broadcast. Join us for uncensored, "
1782,7310,0.5934959349593496,0.7448979591836735,sensitivity,ISOT,WELFake,True,"Tune in to the Alternate Current Radio Network (ACR) for another LIVE broadcast of  The Boiler Room tonight 6:00 PM PST | 8:00 PM CST | 9:00 PM EST for this special broadcast. Join us for uncensored, ","Tune in to the Alternate Current Radio Network (ACR) for another LIVE broadcast of  The Boiler Room tonight 6:00 PM PST | 8:00 PM CST | 9:00 PM EST for this special broadcast. Join us for uncensored, "
6717,7471,0.6228070175438597,0.7717391304347826,sensitivity,WELFake,WELFake,False,"Trump: Hillary would lead to World War 3 Due to potential for conflict with nuclear-armed Russia Published: 28 mins ago  (REUTERS) — DORAL, Florida — U.S. Republican presidential nominee Donald Trump ","Donald Trump: Hillary’s Syria Policy Would Lead to ‘World War Three’ Joe Raedle/Getty Images by Breitbart News 26 Oct 2016 0  26 Oct, 2016 26   (REUTERS) U.S. Republican presidential nominee Donald Tr"
222,6968,0.5354330708661418,0.7010309278350515,sensitivity,ISOT,WELFake,True,Tune in to the Alternate Current Radio Network (ACR) for another LIVE broadcast of  The Boiler Room tonight at 6:00 PM PST | 8:00 PM CST | 9:00 PM EST for this special broadcast. Join us for uncensore,"Tune in to the Alternate Current Radio Network (ACR) for another LIVE broadcast of  The Boiler Room  tonight 6:00 PM PST | 8:00 PM CST | 9:00 PM EST for this special broadcast. Join us for uncensored,"
1328,6968,0.5853658536585366,0.7422680412371134,sensitivity,ISOT,WELFake,True,"Tune in to the Alternate Current Radio Network (ACR) for another LIVE broadcast of  The Boiler Room tonight 6:00 PM PST | 8:00 PM CST | 9:00 PM EST for this special broadcast. Join us for uncensored, ","Tune in to the Alternate Current Radio Network (ACR) for another LIVE broadcast of  The Boiler Room  tonight 6:00 PM PST | 8:00 PM CST | 9:00 PM EST for this special broadcast. Join us for uncensored,"
222,7310,0.5193798449612403,0.6836734693877551,sensitivity,ISOT,WELFake,True,Tune in to the Alternate Current Radio Network (ACR) for another LIVE broadcast of  The Boiler Room tonight at 6:00 PM PST | 8:00 PM CST | 9:00 PM EST for this special broadcast. Join us for uncensore,"Tune in to the Alternate Current Radio Network (ACR) for another LIVE broadcast of  The Boiler Room tonight 6:00 PM PST | 8:00 PM CST | 9:00 PM EST for this special broadcast. Join us for uncensored, "
1344,8576,0.7043478260869566,0.826530612244898,sensitivity,ISOT,WELFake,True,"Tune in to the Alternate Current Radio Network (ACR) for another LIVE broadcast of  The Boiler Room tonight 6:00 PM PST | 8:00 PM CST | 9:00 PM EST for this special broadcast. Join us for uncensored, ","Tune in to the Alternate Current Radio Network (ACR) for another LIVE broadcast of  The Boiler Room tonight 6:00 PM PST | 8:00 PM CST | 9:00 PM EST for this special broadcast. Join us for uncensored, "
653,7700,0.6333333333333333,0.7755102040816326,sensitivity,ISOT,WELFake,True,"Tune in to the Alternate Current Radio Network (ACR) for another LIVE broadcast of  The Boiler Room  tonight 6:00 PM PST | 8:00 PM CST | 9:00 PM EST for this special broadcast. Join us for uncensored,","Tune in to the Alternate Current Radio Network (ACR) for another LIVE broadcast of  The Boiler Room tonight 6:00 PM PST | 8:00 PM CST | 9:00 PM EST for this special broadcast. Join us for uncensored, "
7700,8532,0.6333333333333333,0.7755102040816326,sensitivity,WELFake,WELFake,False,"Tune in to the Alternate Current Radio Network (ACR) for another LIVE broadcast of  The Boiler Room tonight 6:00 PM PST | 8:00 PM CST | 9:00 PM EST for this special broadcast. Join us for uncensored, ","Tune in to the Alternate Current Radio Network (ACR) for another LIVE broadcast of  The Boiler Room tonight 6:00 PM PST | 8:00 PM CST | 9:00 PM EST for this special broadcast. Join us for uncensored, "
1344,8532,0.6333333333333333,0.7755102040816326,sensitivity,ISOT,WELFake,True,"Tune in to the Alternate Current Radio Network (ACR) for another LIVE broadcast of  The Boiler Room tonight 6:00 PM PST | 8:00 PM CST | 9:00 PM EST for this special broadcast. Join us for uncensored, ","Tune in to the Alternate Current Radio Network (ACR) for another LIVE broadcast of  The Boiler Room tonight 6:00 PM PST | 8:00 PM CST | 9:00 PM EST for this special broadcast. Join us for uncensored, "
653,8532,0.6896551724137931,0.8163265306122449,sensitivity,ISOT,WELFake,True,"Tune in to the Alternate Current Radio Network (ACR) for another LIVE broadcast of  The Boiler Room  tonight 6:00 PM PST | 8:00 PM CST | 9:00 PM EST for this special broadcast. Join us for uncensored,","Tune in to the Alternate Current Radio Network (ACR) for another LIVE broadcast of  The Boiler Room tonight 6:00 PM PST | 8:00 PM CST | 9:00 PM EST for this special broadcast. Join us for uncensored, "
1782,8532,0.5555555555555556,0.7142857142857143,sensitivity,ISOT,WELFake,True,"Tune in to the Alternate Current Radio Network (ACR) for another LIVE broadcast of  The Boiler Room tonight 6:00 PM PST | 8:00 PM CST | 9:00 PM EST for this special broadcast. Join us for uncensored, ","Tune in to the Alternate Current Radio Network (ACR) for another LIVE broadcast of  The Boiler Room tonight 6:00 PM PST | 8:00 PM CST | 9:00 PM EST for this special broadcast. Join us for uncensored, "
222,8345,0.53125,0.6938775510204082,sensitivity,ISOT,WELFake,True,Tune in to the Alternate Current Radio Network (ACR) for another LIVE broadcast of  The Boiler Room tonight at 6:00 PM PST | 8:00 PM CST | 9:00 PM EST for this special broadcast. Join us for uncensore,Tune in to the Alternate Current Radio Network (ACR) for another LIVE broadcast of  The Boiler Room  starting at 6:00 PM PST | 8:00 PM CST | 9:00 PM EST for this special broadcast. Join us for uncenso
222,1344,0.53125,0.6938775510204082,sensitivity,ISOT,ISOT,False,Tune in to the Alternate Current Radio Network (ACR) for another LIVE broadcast of  The Boiler Room tonight at 6:00 PM PST | 8:00 PM CST | 9:00 PM EST for this special broadcast. Join us for uncensore,"Tune in to the Alternate Current Radio Network (ACR) for another LIVE broadcast of  The Boiler Room tonight 6:00 PM PST | 8:00 PM CST | 9:00 PM EST for this special broadcast. Join us for uncensored, "
7310,8576,0.5806451612903226,0.7346938775510204,sensitivity,WELFake,WELFake,False,"Tune in to the Alternate Current Radio Network (ACR) for another LIVE broadcast of  The Boiler Room tonight 6:00 PM PST | 8:00 PM CST | 9:00 PM EST for this special broadcast. Join us for uncensored, ","Tune in to the Alternate Current Radio Network (ACR) for another LIVE broadcast of  The Boiler Room tonight 6:00 PM PST | 8:00 PM CST | 9:00 PM EST for this special broadcast. Join us for uncensored, "
213,8345,0.5555555555555556,0.7142857142857143,sensitivity,ISOT,WELFake,True,Tune in to the Alternate Current Radio Network (ACR) for another LIVE broadcast of  The Boiler Room  starting at 6:00 PM PST | 8:00 PM CST | 9:00 PM EST for this special broadcast. Join us for uncenso,Tune in to the Alternate Current Radio Network (ACR) for another LIVE broadcast of  The Boiler Room  starting at 6:00 PM PST | 8:00 PM CST | 9:00 PM EST for this special broadcast. Join us for uncenso
222,1328,0.5193798449612403,0.6836734693877551,sensitivity,ISOT,ISOT,False,Tune in to the Alternate Current Radio Network (ACR) for another LIVE broadcast of  The Boiler Room tonight at 6:00 PM PST | 8:00 PM CST | 9:00 PM EST for this special broadcast. Join us for uncensore,"Tune in to the Alternate Current Radio Network (ACR) for another LIVE broadcast of  The Boiler Room tonight 6:00 PM PST | 8:00 PM CST | 9:00 PM EST for this special broadcast. Join us for uncensored, "
222,8576,0.5433070866141733,0.7040816326530612,sensitivity,ISOT,WELFake,True,Tune in to the Alternate Current Radio Network (ACR) for another LIVE broadcast of  The Boiler Room tonight at 6:00 PM PST | 8:00 PM CST | 9:00 PM EST for this special broadcast. Join us for uncensore,"Tune in to the Alternate Current Radio Network (ACR) for another LIVE broadcast of  The Boiler Room tonight 6:00 PM PST | 8:00 PM CST | 9:00 PM EST for this special broadcast. Join us for uncensored, "
7265,8345,0.5934959349593496,0.7448979591836735,sensitivity,WELFake,WELFake,False,Tune in to the Alternate Current Radio Network (ACR) for another LIVE broadcast of  The Boiler Room  starting at 6:00 PM PST | 8:00 PM CST | 9:00 PM EST for this special broadcast. Join us for uncenso,Tune in to the Alternate Current Radio Network (ACR) for another LIVE broadcast of  The Boiler Room  starting at 6:00 PM PST | 8:00 PM CST | 9:00 PM EST for this special broadcast. Join us for uncenso
222,7700,0.53125,0.6938775510204082,sensitivity,ISOT,WELFake,True,Tune in to the Alternate Current Radio Network (ACR) for another LIVE broadcast of  The Boiler Room tonight at 6:00 PM PST | 8:00 PM CST | 9:00 PM EST for this special broadcast. Join us for uncensore,"Tune in to the Alternate Current Radio Network (ACR) for another LIVE broadcast of  The Boiler Room tonight 6:00 PM PST | 8:00 PM CST | 9:00 PM EST for this special broadcast. Join us for uncensored, "
7310,8532,0.6896551724137931,0.8163265306122449,sensitivity,WELFake,WELFake,False,"Tune in to the Alternate Current Radio Network (ACR) for another LIVE broadcast of  The Boiler Room tonight 6:00 PM PST | 8:00 PM CST | 9:00 PM EST for this special broadcast. Join us for uncensored, ","Tune in to the Alternate Current Radio Network (ACR) for another LIVE broadcast of  The Boiler Room tonight 6:00 PM PST | 8:00 PM CST | 9:00 PM EST for this special broadcast. Join us for uncensored, "
213,635,0.5555555555555556,0.7142857142857143,sensitivity,ISOT,ISOT,False,Tune in to the Alternate Current Radio Network (ACR) for another LIVE broadcast of  The Boiler Room  starting at 6:00 PM PST | 8:00 PM CST | 9:00 PM EST for this special broadcast. Join us for uncenso,Tune in to the Alternate Current Radio Network (ACR) for another LIVE broadcast of  The Boiler Room  starting at 6:00 PM PST | 8:00 PM CST | 9:00 PM EST for this special broadcast. Join us for uncenso
6968,8576,0.6115702479338843,0.7628865979381443,sensitivity,WELFake,WELFake,False,"Tune in to the Alternate Current Radio Network (ACR) for another LIVE broadcast of  The Boiler Room  tonight 6:00 PM PST | 8:00 PM CST | 9:00 PM EST for this special broadcast. Join us for uncensored,","Tune in to the Alternate Current Radio Network (ACR) for another LIVE broadcast of  The Boiler Room tonight 6:00 PM PST | 8:00 PM CST | 9:00 PM EST for this special broadcast. Join us for uncensored, "
1328,1344,0.6333333333333333,0.7755102040816326,sensitivity,ISOT,ISOT,False,"Tune in to the Alternate Current Radio Network (ACR) for another LIVE broadcast of  The Boiler Room tonight 6:00 PM PST | 8:00 PM CST | 9:00 PM EST for this special broadcast. Join us for uncensored, ","Tune in to the Alternate Current Radio Network (ACR) for another LIVE broadcast of  The Boiler Room tonight 6:00 PM PST | 8:00 PM CST | 9:00 PM EST for this special broadcast. Join us for uncensored, "
222,8532,0.5193798449612403,0.6836734693877551,sensitivity,ISOT,WELFake,True,Tune in to the Alternate Current Radio Network (ACR) for another LIVE broadcast of  The Boiler Room tonight at 6:00 PM PST | 8:00 PM CST | 9:00 PM EST for this special broadcast. Join us for uncensore,"Tune in to the Alternate Current Radio Network (ACR) for another LIVE broadcast of  The Boiler Room tonight 6:00 PM PST | 8:00 PM CST | 9:00 PM EST for this special broadcast. Join us for uncensored, "
1328,7310,0.6896551724137931,0.8163265306122449,sensitivity,ISOT,WELFake,True,"Tune in to the Alternate Current Radio Network (ACR) for another LIVE broadcast of  The Boiler Room tonight 6:00 PM PST | 8:00 PM CST | 9:00 PM EST for this special broadcast. Join us for uncensored, ","Tune in to the Alternate Current Radio Network (ACR) for another LIVE broadcast of  The Boiler Room tonight 6:00 PM PST | 8:00 PM CST | 9:00 PM EST for this special broadcast. Join us for uncensored, "
1328,8576,0.5555555555555556,0.7142857142857143,sensitivity,ISOT,WELFake,True,"Tune in to the Alternate Current Radio Network (ACR) for another LIVE broadcast of  The Boiler Room tonight 6:00 PM PST | 8:00 PM CST | 9:00 PM EST for this special broadcast. Join us for uncensored, ","Tune in to the Alternate Current Radio Network (ACR) for another LIVE broadcast of  The Boiler Room tonight 6:00 PM PST | 8:00 PM CST | 9:00 PM EST for this special broadcast. Join us for uncensored, "
1422,1493,0.6302521008403361,0.7731958762886598,sensitivity,ISOT,ISOT,False,"Tune in to the Alternate Current Radio Network (ACR) for another LIVE broadcast of  The Boiler Room  starting at 6 PM PST | 9 PM EST every Wednesday. Join us for uncensored, uninterruptible talk radio","Tune in to the Alternate Current Radio Network (ACR) for another LIVE broadcast of  The Boiler Room  starting at 6 PM PST | 9 PM EST every Wednesday. Join us for uncensored, uninterruptible talk radio"
7310,7700,0.6470588235294118,0.7857142857142857,sensitivity,WELFake,WELFake,False,"Tune in to the Alternate Current Radio Network (ACR) for another LIVE broadcast of  The Boiler Room tonight 6:00 PM PST | 8:00 PM CST | 9:00 PM EST for this special broadcast. Join us for uncensored, ","Tune in to the Alternate Current Radio Network (ACR) for another LIVE broadcast of  The Boiler Room tonight 6:00 PM PST | 8:00 PM CST | 9:00 PM EST for this special broadcast. Join us for uncensored, "
222,1782,0.5433070866141733,0.7040816326530612,sensitivity,ISOT,ISOT,False,Tune in to the Alternate Current Radio Network (ACR) for another LIVE broadcast of  The Boiler Room tonight at 6:00 PM PST | 8:00 PM CST | 9:00 PM EST for this special broadcast. Join us for uncensore,"Tune in to the Alternate Current Radio Network (ACR) for another LIVE broadcast of  The Boiler Room tonight 6:00 PM PST | 8:00 PM CST | 9:00 PM EST for this special broadcast. Join us for uncensored, "
1493,1936,0.5354330708661418,0.7010309278350515,sensitivity,ISOT,ISOT,False,"Tune in to the Alternate Current Radio Network (ACR) for another LIVE broadcast of  The Boiler Room  starting at 6 PM PST | 9 PM EST every Wednesday. Join us for uncensored, uninterruptible talk radio","Tune in to the Alternate Current Radio Network (ACR) for another LIVE broadcast of  The Boiler Room  starting at 6 PM PST | 9 PM EST every Wednesday. Join us for uncensored, uninterruptible talk radio"
222,653,0.5193798449612403,0.6836734693877551,sensitivity,ISOT,ISOT,False,Tune in to the Alternate Current Radio Network (ACR) for another LIVE broadcast of  The Boiler Room tonight at 6:00 PM PST | 8:00 PM CST | 9:00 PM EST for this special broadcast. Join us for uncensore,"Tune in to the Alternate Current Radio Network (ACR) for another LIVE broadcast of  The Boiler Room  tonight 6:00 PM PST | 8:00 PM CST | 9:00 PM EST for this special broadcast. Join us for uncensored,"
1344,6968,0.5725806451612904,0.7319587628865979,sensitivity,ISOT,WELFake,True,"Tune in to the Alternate Current Radio Network (ACR) for another LIVE broadcast of  The Boiler Room tonight 6:00 PM PST | 8:00 PM CST | 9:00 PM EST for this special broadcast. Join us for uncensored, ","Tune in to the Alternate Current Radio Network (ACR) for another LIVE broadcast of  The Boiler Room  tonight 6:00 PM PST | 8:00 PM CST | 9:00 PM EST for this special broadcast. Join us for uncensored,"
1853,6607,0.52,0.6989247311827957,sensitivity,ISOT,WELFake,True,Episode #208 of SUNDAY WIRE SHOW resumes on Oct 29th 2017 as host Patrick Henningsen brings you this week s LIVE broadcast on the Alternate Current Radio Network (ACR)   covering all the top news stor," Episode #203 of SUNDAY WIRE SHOW resumes on Sept 24th, 2017 as host Patrick Henningsen brings you this week s LIVE broadcast on the Alternate Current Radio Network (ACR)   covering all the top news s"
6968,7700,0.5725806451612904,0.7319587628865979,sensitivity,WELFake,WELFake,False,"Tune in to the Alternate Current Radio Network (ACR) for another LIVE broadcast of  The Boiler Room  tonight 6:00 PM PST | 8:00 PM CST | 9:00 PM EST for this special broadcast. Join us for uncensored,","Tune in to the Alternate Current Radio Network (ACR) for another LIVE broadcast of  The Boiler Room tonight 6:00 PM PST | 8:00 PM CST | 9:00 PM EST for this special broadcast. Join us for uncensored, "
1422,1936,0.5354330708661418,0.7010309278350515,sensitivity,ISOT,ISOT,False,"Tune in to the Alternate Current Radio Network (ACR) for another LIVE broadcast of  The Boiler Room  starting at 6 PM PST | 9 PM EST every Wednesday. Join us for uncensored, uninterruptible talk radio","Tune in to the Alternate Current Radio Network (ACR) for another LIVE broadcast of  The Boiler Room  starting at 6 PM PST | 9 PM EST every Wednesday. Join us for uncensored, uninterruptible talk radio"
2097,8584,0.5555555555555556,0.7142857142857143,sensitivity,ISOT,WELFake,True,"Tune in to the Alternate Current Radio Network (ACR) for another LIVE broadcast of  The Boiler Room  starting at 6 PM PST | 9 PM EST for this special broadcast. Join us for uncensored, uninterruptible","Tune in to the Alternate Current Radio Network (ACR) for another LIVE broadcast of  The Boiler Room  starting at 6 PM PST | 9 PM EST for this special broadcast. Join us for uncensored, uninterruptible"
539,1049,0.6695652173913044,0.8020833333333334,sensitivity,ISOT,ISOT,False," Episode #153 of SUNDAY WIRE SHOW resumes this Sunday September 18, 2016 as host Patrick Henningsen broadcasts a 3 HOUR SPECIAL of LIVE power-packed talk radio on ACR LISTEN LIVE ON THIS PAGE AT THE F"," Episode #154 of SUNDAY WIRE SHOW resumes this Sunday September 25, 2016 as host Patrick Henningsen broadcasts a 3 HOUR SPECIAL of LIVE power-packed talk radio on ACR LISTEN LIVE ON THIS PAGE AT THE F"
8532,8576,0.5555555555555556,0.7142857142857143,sensitivity,WELFake,WELFake,False,"Tune in to the Alternate Current Radio Network (ACR) for another LIVE broadcast of  The Boiler Room tonight 6:00 PM PST | 8:00 PM CST | 9:00 PM EST for this special broadcast. Join us for uncensored, ","Tune in to the Alternate Current Radio Network (ACR) for another LIVE broadcast of  The Boiler Room tonight 6:00 PM PST | 8:00 PM CST | 9:00 PM EST for this special broadcast. Join us for uncensored, "
222,7265,0.5193798449612403,0.6836734693877551,sensitivity,ISOT,WELFake,True,Tune in to the Alternate Current Radio Network (ACR) for another LIVE broadcast of  The Boiler Room tonight at 6:00 PM PST | 8:00 PM CST | 9:00 PM EST for this special broadcast. Join us for uncensore,Tune in to the Alternate Current Radio Network (ACR) for another LIVE broadcast of  The Boiler Room  starting at 6:00 PM PST | 8:00 PM CST | 9:00 PM EST for this special broadcast. Join us for uncenso
6968,8532,0.5853658536585366,0.7422680412371134,sensitivity,WELFake,WELFake,False,"Tune in to the Alternate Current Radio Network (ACR) for another LIVE broadcast of  The Boiler Room  tonight 6:00 PM PST | 8:00 PM CST | 9:00 PM EST for this special broadcast. Join us for uncensored,","Tune in to the Alternate Current Radio Network (ACR) for another LIVE broadcast of  The Boiler Room tonight 6:00 PM PST | 8:00 PM CST | 9:00 PM EST for this special broadcast. Join us for uncensored, "
7700,8576,0.7043478260869566,0.826530612244898,sensitivity,WELFake,WELFake,False,"Tune in to the Alternate Current Radio Network (ACR) for another LIVE broadcast of  The Boiler Room tonight 6:00 PM PST | 8:00 PM CST | 9:00 PM EST for this special broadcast. Join us for uncensored, ","Tune in to the Alternate Current Radio Network (ACR) for another LIVE broadcast of  The Boiler Room tonight 6:00 PM PST | 8:00 PM CST | 9:00 PM EST for this special broadcast. Join us for uncensored, "
1328,7700,0.6333333333333333,0.7755102040816326,sensitivity,ISOT,WELFake,True,"Tune in to the Alternate Current Radio Network (ACR) for another LIVE broadcast of  The Boiler Room tonight 6:00 PM PST | 8:00 PM CST | 9:00 PM EST for this special broadcast. Join us for uncensored, ","Tune in to the Alternate Current Radio Network (ACR) for another LIVE broadcast of  The Boiler Room tonight 6:00 PM PST | 8:00 PM CST | 9:00 PM EST for this special broadcast. Join us for uncensored, "
1328,1782,0.5555555555555556,0.7142857142857143,sensitivity,ISOT,ISOT,False,"Tune in to the Alternate Current Radio Network (ACR) for another LIVE broadcast of  The Boiler Room tonight 6:00 PM PST | 8:00 PM CST | 9:00 PM EST for this special broadcast. Join us for uncensored, ","Tune in to the Alternate Current Radio Network (ACR) for another LIVE broadcast of  The Boiler Room tonight 6:00 PM PST | 8:00 PM CST | 9:00 PM EST for this special broadcast. Join us for uncensored, "
213,7265,0.53125,0.6938775510204082,sensitivity,ISOT,WELFake,True,Tune in to the Alternate Current Radio Network (ACR) for another LIVE broadcast of  The Boiler Room  starting at 6:00 PM PST | 8:00 PM CST | 9:00 PM EST for this special broadcast. Join us for uncenso,Tune in to the Alternate Current Radio Network (ACR) for another LIVE broadcast of  The Boiler Room  starting at 6:00 PM PST | 8:00 PM CST | 9:00 PM EST for this special broadcast. Join us for uncenso
653,1344,0.6333333333333333,0.7755102040816326,sensitivity,ISOT,ISOT,False,"Tune in to the Alternate Current Radio Network (ACR) for another LIVE broadcast of  The Boiler Room  tonight 6:00 PM PST | 8:00 PM CST | 9:00 PM EST for this special broadcast. Join us for uncensored,","Tune in to the Alternate Current Radio Network (ACR) for another LIVE broadcast of  The Boiler Room tonight 6:00 PM PST | 8:00 PM CST | 9:00 PM EST for this special broadcast. Join us for uncensored, "
1344,7310,0.6470588235294118,0.7857142857142857,sensitivity,ISOT,WELFake,True,"Tune in to the Alternate Current Radio Network (ACR) for another LIVE broadcast of  The Boiler Room tonight 6:00 PM PST | 8:00 PM CST | 9:00 PM EST for this special broadcast. Join us for uncensored, ","Tune in to the Alternate Current Radio Network (ACR) for another LIVE broadcast of  The Boiler Room tonight 6:00 PM PST | 8:00 PM CST | 9:00 PM EST for this special broadcast. Join us for uncensored, "
653,1328,0.6896551724137931,0.8163265306122449,sensitivity,ISOT,ISOT,False,"Tune in to the Alternate Current Radio Network (ACR) for another LIVE broadcast of  The Boiler Room  tonight 6:00 PM PST | 8:00 PM CST | 9:00 PM EST for this special broadcast. Join us for uncensored,","Tune in to the Alternate Current Radio Network (ACR) for another LIVE broadcast of  The Boiler Room tonight 6:00 PM PST | 8:00 PM CST | 9:00 PM EST for this special broadcast. Join us for uncensored, "
653,8576,0.5555555555555556,0.7142857142857143,sensitivity,ISOT,WELFake,True,"Tune in to the Alternate Current Radio Network (ACR) for another LIVE broadcast of  The Boiler Room  tonight 6:00 PM PST | 8:00 PM CST | 9:00 PM EST for this special broadcast. Join us for uncensored,","Tune in to the Alternate Current Radio Network (ACR) for another LIVE broadcast of  The Boiler Room tonight 6:00 PM PST | 8:00 PM CST | 9:00 PM EST for this special broadcast. Join us for uncensored, "
635,8345,0.7043478260869566,0.826530612244898,sensitivity,ISOT,WELFake,True,Tune in to the Alternate Current Radio Network (ACR) for another LIVE broadcast of  The Boiler Room  starting at 6:00 PM PST | 8:00 PM CST | 9:00 PM EST for this special broadcast. Join us for uncenso,Tune in to the Alternate Current Radio Network (ACR) for another LIVE broadcast of  The Boiler Room  starting at 6:00 PM PST | 8:00 PM CST | 9:00 PM EST for this special broadcast. Join us for uncenso
4832,6081,1.0,1.0,primary,McIntire,WELFake,True,"Bill Clinton Inc: Billions for the Foundation, $116 Million for the Clintons October 27, 2016  Call it the unintended revenge of Doug Band.  Band used to be Bill's Huma, the guy that the big guy could","Bill Clinton Inc: Billions for the Foundation, $116 Million for the Clintons October 27, 2016  Call it the unintended revenge of Doug Band.  Band used to be Bill's Huma, the guy that the big guy could"
5593,6588,1.0,1.0,primary,McIntire,WELFake,True,"It was not supposed to end like this for Marco Rubio.  Eleven months ago, he launched his presidential campaign in front of Miami’s Freedom Tower, the Ellis Island for his and other Cuban families. In","It was not supposed to end like this for Marco Rubio.  Eleven months ago, he launched his presidential campaign in front of Miami’s Freedom Tower, the Ellis Island for his and other Cuban families. In"
3149,8453,0.9767441860465116,0.9970326409495549,primary,McIntire,WELFake,True,Leave a Reply Click here to get more info on formatting (1) Leave the name field empty if you want to post as Anonymous. It's preferable that you choose a name so it becomes clear who said what. E-mai,Be the First to Comment! Leave a Reply Click here to get more info on formatting (1) Leave the name field empty if you want to post as Anonymous. It's preferable that you choose a name so it becomes c
3407,7427,1.0,1.0,primary,McIntire,WELFake,True,"  Sean Adl-Tabatabai in News , US // 0 Comments  The FBI has announced it will reopen it’s investigation into Hillary Clinton’s use of a private email server whilst serving as Secretary of State.  The","  Sean Adl-Tabatabai in News , US // 0 Comments  The FBI has announced it will reopen it’s investigation into Hillary Clinton’s use of a private email server whilst serving as Secretary of State.  The"
5193,6236,1.0,1.0,primary,McIntire,WELFake,True,   The decision of FBI Director Comey to go public with a supposed ‘bombshell’ investigation into new Hillary emails was welcomed by Trump as the mainstream media recklessly reported on this total dud,   The decision of FBI Director Comey to go public with a supposed ‘bombshell’ investigation into new Hillary emails was welcomed by Trump as the mainstream media recklessly reported on this total dud
4146,6009,0.9748653500897666,0.9890710382513661,primary,McIntire,WELFake,True,"97925 Views October 29, 2016 BROADCAST King World News FOR DIRECTIONS ON HOW TO PLAY OR DOWNLOAD AUDIOS: CLICK HERE Rick Rule: Chairman / Founder of Sprott US Holdings & President of   USA; Portfolio ","97924 Views October 29, 2016 KWN PLUS , TRENDING King World News FOR DIRECTIONS ON HOW TO PLAY OR DOWNLOAD AUDIOS: CLICK HERE Rick Rule: Chairman / Founder of Sprott US Holdings & President of   USA; "
3755,7454,0.9774590163934426,0.9973863042341872,primary,McIntire,WELFake,True,"Daisy Luther  Let’s talk about Wikileaks.  First of all, the organization was founded by Julian Assange back in 2006. Their website explains what they are all about:  “WikiLeaks specializes in the ana","Posted on October 28, 2016 by Daisy Luther  Let’s talk about Wikileaks .  First of all, the organization was founded by Julian Assange back in 2006. Their website explains what they are all about:  “W"
4277,6218,1.0,1.0,primary,McIntire,WELFake,True,"Freddie Gray, whose death triggered Monday’s rioting in Baltimore, may have intentionally tried to injure himself in a police van, according to another prisoner in the vehicle, the Washington Post rep","Freddie Gray, whose death triggered Monday’s rioting in Baltimore, may have intentionally tried to injure himself in a police van, according to another prisoner in the vehicle, the Washington Post rep"
3391,7266,1.0,1.0,primary,McIntire,WELFake,True,"‘Conspiracy Theorists’ Believe They’ve Found Justice Scalia’s MURDER Plot Posted on October 27, 2016 by Dawn Parabellum in Politics Share This  It’s troubling to uncover the dirty secrets in the email","‘Conspiracy Theorists’ Believe They’ve Found Justice Scalia’s MURDER Plot Posted on October 27, 2016 by Dawn Parabellum in Politics Share This  It’s troubling to uncover the dirty secrets in the email"
4217,8549,1.0,1.0,primary,McIntire,WELFake,True,"It was once a sleepy Capitol Hill backwater with a reputation for bipartisanship, where freshman lawmakers would learn the ropes of lawmaking and budgets.  Now the recent blow-up over climate research","It was once a sleepy Capitol Hill backwater with a reputation for bipartisanship, where freshman lawmakers would learn the ropes of lawmaking and budgets.  Now the recent blow-up over climate research"
4306,6937,0.979381443298969,0.9895833333333334,primary,McIntire,WELFake,True,"Print  Could we see violence no matter who wins on November 8th? Let’s hope that it doesn’t happen, but as you will see below, anti-Trump violence is already sweeping the nation. If Trump were to actu"," Could we see violence no matter who wins on November 8th? Let’s hope that it doesn’t happen, but as you will see below, anti-Trump violence is already sweeping the nation. If Trump were to actually w"
4567,8555,1.0,1.0,primary,McIntire,WELFake,True,"Taki's Magazine October 29, 2016  PALM BEACH, Fla.—Maybe you missed this little item, but last month Obama shut down 130 colleges in a single day.  That’s one-three-oh campuses in 38 states that faile","Taki's Magazine October 29, 2016  PALM BEACH, Fla.—Maybe you missed this little item, but last month Obama shut down 130 colleges in a single day.  That’s one-three-oh campuses in 38 states that faile"
3666,5920,1.0,0.0,primary,McIntire,WELFake,True,By Vin Armani You know the state is in trouble when they’re afraid of one man with an Internet connection. The case of Julian Assange... ,By Vin Armani You know the state is in trouble when they’re afraid of one man with an Internet connection. The case of Julian Assange... 
3167,8317,1.0,1.0,primary,McIntire,WELFake,True,"The White House acknowledged Monday that it erred in not sending a higher-level representative to the massive rally in Paris against Islamic terrorism, after facing bipartisan criticism over the meage","The White House acknowledged Monday that it erred in not sending a higher-level representative to the massive rally in Paris against Islamic terrorism, after facing bipartisan criticism over the meage"
4281,8453,0.9518413597733711,0.9795918367346939,primary,McIntire,WELFake,True,"1 Comment on ""How the election battle shapes up"" Leave a Reply Click here to get more info on formatting (1) Leave the name field empty if you want to post as Anonymous. It's preferable that you choos",Be the First to Comment! Leave a Reply Click here to get more info on formatting (1) Leave the name field empty if you want to post as Anonymous. It's preferable that you choose a name so it becomes c
3179,5438,0.936080740117746,0.9849557522123894,primary,McIntire,McIntire,False,"  28, 2016 | Reviews   Michael Moore in New York City's Union Square Barnes & Noble to discuss his book Here Comes Trouble , September 13, 2011 ( David Shankbone / CC BY 3.0 ) Michael Moore’s “Trumpla","Posted on October 27, 2016 by DavidSwanson  Michael Moore has made some terrific movies in the past, and Where to Invade Next may be the best of them, but I expected Trumpland to be (1) about Trump, ("
4148,5803,1.0,1.0,primary,McIntire,WELFake,True,"On Friday morning, the third day in his four-day New England campaign swing, Libertarian presidential nominee Gary Johnson told a joke. He was the punch line.  “This is a crazy election,” Johnson said","On Friday morning, the third day in his four-day New England campaign swing, Libertarian presidential nominee Gary Johnson told a joke. He was the punch line.  “This is a crazy election,” Johnson said"
4870,8039,1.0,1.0,primary,McIntire,WELFake,True,"Posted on October 26, 2016 by Barry Soetoro, Esq Published on Oct 26, 2016 by Barry Soetoro HILLARY SUPPORTER (PAID OR UNPAID?) SLEEPS THRU HILLARY’S RALLY IN COCONUT CREEK, FLA. UNFORTUNATELY, THIS S","Posted on October 26, 2016 by Barry Soetoro, Esq Published on Oct 26, 2016 by Barry Soetoro HILLARY SUPPORTER (PAID OR UNPAID?) SLEEPS THRU HILLARY’S RALLY IN COCONUT CREEK, FLA. UNFORTUNATELY, THIS S"
5574,7737,1.0,1.0,primary,McIntire,WELFake,True,"Lawyer Who Kept Hillary Campaign Chief Out of Jail in DOJ Hillary Probe November 1, 2016 Daniel Greenfield  Peter Kadzik kept Hillary's campaign chief out of jail. And he hopes to do the same for her.","Lawyer Who Kept Hillary Campaign Chief Out of Jail in DOJ Hillary Probe November 1, 2016 Daniel Greenfield  Peter Kadzik kept Hillary's campaign chief out of jail. And he hopes to do the same for her."
5683,7235,1.0,1.0,primary,McIntire,WELFake,True,"Written by Daniel McAdams Monday October 31, 2016 Most of the country is on the edge of its seat over next week's presidential election. Will it be Hillary? Trump? We don't know. One thing we do know ","Written by Daniel McAdams Monday October 31, 2016 Most of the country is on the edge of its seat over next week's presidential election. Will it be Hillary? Trump? We don't know. One thing we do know "
3389,6937,1.0,1.0,primary,McIntire,WELFake,True," Could we see violence no matter who wins on November 8th? Let’s hope that it doesn’t happen, but as you will see below, anti-Trump violence is already sweeping the nation. If Trump were to actually w"," Could we see violence no matter who wins on November 8th? Let’s hope that it doesn’t happen, but as you will see below, anti-Trump violence is already sweeping the nation. If Trump were to actually w"
4820,8312,1.0,1.0,primary,McIntire,WELFake,True,"President Elect Trump – A New Era of Unpredictability Awaits President Elect Trump is new title for New York businessman, millionaire and Republican candidate Do... Print Email http://humansarefree.co","President Elect Trump – A New Era of Unpredictability Awaits President Elect Trump is new title for New York businessman, millionaire and Republican candidate Do... Print Email http://humansarefree.co"
4624,8019,0.9752144899904671,0.9941690962099126,primary,McIntire,WELFake,True,(Before It's News) What is Vitamin E? Vitamin E is an important fat-soluble antioxidant compound that aids the body in neutralizing the harmful after-effects of oxidation of fats. Current research is ,in: General Health What is Vitamin E? Vitamin E is an important fat-soluble antioxidant compound that aids the body in neutralizing the harmful after-effects of oxidation of fats. Current research is 
4262,7505,1.0,1.0,primary,McIntire,WELFake,True,"So, if you don’t trust voting machines, and you have good reason not to, you must demand a paper ballot.  As it turns out, there may be some problems with paper ballots as well.  One Conservative moth","So, if you don’t trust voting machines, and you have good reason not to, you must demand a paper ballot.  As it turns out, there may be some problems with paper ballots as well.  One Conservative moth"
4581,5168,0.8715538847117794,0.9392302498311952,primary,McIntire,McIntire,False,Does someone behind the scenes want to see civil war in the United States?  The answer is almost certainly yes.  And it isn’t likely to settle down anytime in the next few days. (If you aren’t prepped,"Paid instigators are making an already bad situation much much worse. As riots and protests rage through the streets of America, the question has to be asked.  Via ActivistPost   Does someone behind t"
5509,8641,1.0,0.0,primary,McIntire,WELFake,True,"By Melissa Dykes This has already been the craziest election in the history of the country, with the most overt corruption and fraud the American... ","By Melissa Dykes This has already been the craziest election in the history of the country, with the most overt corruption and fraud the American... "
4852,6808,1.0,1.0,primary,McIntire,WELFake,True,"Donald Trump endorsed an unabashedly noninterventionist approach to world affairs Monday during a day-long tour of Washington, casting doubt on the need for the North Atlantic Treaty Organization and ","Donald Trump endorsed an unabashedly noninterventionist approach to world affairs Monday during a day-long tour of Washington, casting doubt on the need for the North Atlantic Treaty Organization and "
4247,6585,1.0,1.0,primary,McIntire,WELFake,True,"Yemen’s Hudaydah suffering from dire humanitarian situation Sat Nov 5, 2016 2:28AM Critical humanitarian situation continues in Yemen's southern city of al-Hudaydah.  Mohammed al-AttabPress TV, Hudayd","Yemen’s Hudaydah suffering from dire humanitarian situation Sat Nov 5, 2016 2:28AM Critical humanitarian situation continues in Yemen's southern city of al-Hudaydah.  Mohammed al-AttabPress TV, Hudayd"
7378,8642,0.7861409796893668,0.9777117384843982,primary,WELFake,WELFake,False,"The media CHEERED when Democrat Senator Chuck Schumer (D-NY) helped a 24-yr old Muslim man enter the U.S. after he was denied entry The media was strangely SILENT, however, after he molested a 12-yr-o",An Indian athlete who overcame a visa denial with the help of U.S. lawmakers and a local mayor to attend the World Snowshoe Championship in New York has been arrested on charges of the abuse of a mino
4450,6648,1.0,1.0,primary,McIntire,WELFake,True,"By Lilian Na’ia Alessa / culturalsurvival.org  Western science and Indigenous worldviews are often seen as incompatible, with the Indigenous view usually being far less valued by society at large. But","By Lilian Na’ia Alessa / culturalsurvival.org  Western science and Indigenous worldviews are often seen as incompatible, with the Indigenous view usually being far less valued by society at large. But"
3762,4306,0.9688473520249221,0.9857369255150554,primary,McIntire,McIntire,False,"Get Ready For Civil Unrest: Survey Finds That Most Americans Are Concerned About Election Violence By Michael Snyder, on October 26th, 2016  Could we see violence no matter who wins on November 8th? L","Print  Could we see violence no matter who wins on November 8th? Let’s hope that it doesn’t happen, but as you will see below, anti-Trump violence is already sweeping the nation. If Trump were to actu"
5152,7059,1.0,1.0,primary,McIntire,WELFake,True,"Watch ""The Situation Room with Wolf Blitzer"" Wednesday at 5 p.m. ET for an interview with Rand Paul.  Louisville, Kentucky (CNN) For Rand Paul, it's all led to this moment.  Since riding the tea party","Watch ""The Situation Room with Wolf Blitzer"" Wednesday at 5 p.m. ET for an interview with Rand Paul.  Louisville, Kentucky (CNN) For Rand Paul, it's all led to this moment.  Since riding the tea party"
3497,6888,1.0,1.0,primary,McIntire,WELFake,True,"Email  ISIS has declared war on Palestine, threatening genocide against the Palestinian people, following the murder of Hamas’ senior commander Saber Siam on Sunday. ISIS militants said that Siam was ","Email  ISIS has declared war on Palestine, threatening genocide against the Palestinian people, following the murder of Hamas’ senior commander Saber Siam on Sunday. ISIS militants said that Siam was "
3631,7642,1.0,1.0,primary,McIntire,WELFake,True,"Michelle Obama Deletes Hillary Clinton From Twitter When Hillary goes low, Michelle goes BYE! Posted on November 1, 2016 by Baxter Dmitry in News , US // 1 Comment  Michelle Obama has scrubbed all ref","Michelle Obama Deletes Hillary Clinton From Twitter When Hillary goes low, Michelle goes BYE! Posted on November 1, 2016 by Baxter Dmitry in News , US // 1 Comment  Michelle Obama has scrubbed all ref"
5372,7364,0.8941548183254344,0.9496644295302014,primary,McIntire,WELFake,True,Al-Qaeda's Assault on Aleppo Continues Despite Lack of Progress  Rebels are doing a lot of dying but not taking much ground so far Print Originally appeared at The Moon of Alabama  For four days now a,"October 31, 2016 Al-Qaeda's Attack On West-Aleppo Continues Despite Lack Of Progress  For four days now al-Qaeda in Syria (aka Jabhat al Nusra aka Fatah al-Sham) and assorted other ""rebel"" groups have"
4156,6313,1.0,1.0,primary,McIntire,WELFake,True,Notify me of follow-up comments by email. Notify me of new posts by email. PLEASE DONATE TO KEEP BARE NAKED ISLAM UP AND RUNNING. Choose DONATE for one-time donation or SUBSCRIBE for monthly donations,Notify me of follow-up comments by email. Notify me of new posts by email. PLEASE DONATE TO KEEP BARE NAKED ISLAM UP AND RUNNING. Choose DONATE for one-time donation or SUBSCRIBE for monthly donations
4446,5734,0.9959514170040485,0.9986468200270636,primary,McIntire,McIntire,False,"Go to Article  “The people have the power, all we have to do is awaken that power in the people. The people are unaware. They’re not educated to realize that they have power. The system is so geared t","By John Whitehead, the Rutherford Institute .  “The people have the power, all we have to do is awaken that power in the people. The people are unaware. They’re not educated to realize that they have "
4129,7509,1.0,1.0,primary,McIntire,WELFake,True,"Email   Former President Bill Clinton can be heard telling his former mistress, Gennifer Flowers, to deny that he helped her get a state job in a series of recorded phone conversation from 1991.  “If ","Email   Former President Bill Clinton can be heard telling his former mistress, Gennifer Flowers, to deny that he helped her get a state job in a series of recorded phone conversation from 1991.  “If "
5345,6443,0.9669309173272933,0.9995317255911964,primary,McIntire,WELFake,True,"Channel list  Following hurricane Matthew's failure to devastate Florida, activists flock to the Sunshine State and destroy Trump signs manually  Tim Kaine takes credit for interrupting hurricane Matt","In Hillary's America, email server scrubs you  Obama transfers his Nobel Peace Prize to anti-Trump rioters  Democrats blame Hillary's criminal e-mail server for her loss, demand it face prison  Afraid"
5521,6260,1.0,1.0,primary,McIntire,WELFake,True,Comments  A man who was believed to be on ecstasy has reportedly had a five hour chat with a hand after a girl he was trying to chat up told him to “talk to the hand ‘cause the face ain’t listening”. ,Comments  A man who was believed to be on ecstasy has reportedly had a five hour chat with a hand after a girl he was trying to chat up told him to “talk to the hand ‘cause the face ain’t listening”. 
3351,7471,1.0,1.0,primary,McIntire,WELFake,True,"Donald Trump: Hillary’s Syria Policy Would Lead to ‘World War Three’ Joe Raedle/Getty Images by Breitbart News 26 Oct 2016 0  26 Oct, 2016 26   (REUTERS) U.S. Republican presidential nominee Donald Tr","Donald Trump: Hillary’s Syria Policy Would Lead to ‘World War Three’ Joe Raedle/Getty Images by Breitbart News 26 Oct 2016 0  26 Oct, 2016 26   (REUTERS) U.S. Republican presidential nominee Donald Tr"
4395,6033,1.0,1.0,primary,McIntire,WELFake,True,"Hillary Clinton and Donald Trump are all but tied in the latest Washington Post-ABC News Tracking Poll, which finds Clinton backers slipping behind in enthusiasm even as the Democrat has an edge in ea","Hillary Clinton and Donald Trump are all but tied in the latest Washington Post-ABC News Tracking Poll, which finds Clinton backers slipping behind in enthusiasm even as the Democrat has an edge in ea"
3156,5785,1.0,1.0,primary,McIntire,WELFake,True," As if Hillary Clinton was not already facing enough legal trouble, new information has surfaced that the former Secretary of State could actually be legally ineligible to run for President of the Uni"," As if Hillary Clinton was not already facing enough legal trouble, new information has surfaced that the former Secretary of State could actually be legally ineligible to run for President of the Uni"
4587,5071,0.4821246169560776,0.9535353535353536,primary,McIntire,McIntire,False,Home › POLITICS | US NEWS › TRIGGERED: JOURNALIST SNOWFLAKES SCARED TRUMP SUPPORTERS ARE ‘TURNING ON THE MEDIA’ TRIGGERED: JOURNALIST SNOWFLAKES SCARED TRUMP SUPPORTERS ARE ‘TURNING ON THE MEDIA’ 0 SH,"Wed, 26 Oct 2016 00:00 UTC Triggered journalists from across the nation are bemoaning the treatment members of the press are receiving at Trump campaign rallies from the Trump supporters the media rou"
5255,7327,1.0,1.0,primary,McIntire,WELFake,True,"Print  According to CBS News , a Des Moines woman has been charged a woman with election misconduct, a Class D felony, after officials said she voted twice.  Des Moines police Sgt. Paul Parizek says o","Print  According to CBS News , a Des Moines woman has been charged a woman with election misconduct, a Class D felony, after officials said she voted twice.  Des Moines police Sgt. Paul Parizek says o"
5503,7132,1.0,0.0,primary,McIntire,WELFake,True,"By Ryan Banister Preparedness is more than a method of planning, it is a lifestyle. Long-term survival strategies are most effective when they are incorporated into one’s daily life. Anybody who... ","By Ryan Banister Preparedness is more than a method of planning, it is a lifestyle. Long-term survival strategies are most effective when they are incorporated into one’s daily life. Anybody who... "
5702,8043,0.9208185053380783,0.97918637653737,primary,McIntire,WELFake,True,"Posted on October 29, 2016 by Isaac Davis  “How is the government going to get people to pay their taxes if the government is not viewed as legitimate?” ~ Catherine Austin Fitts  The world economy is ","Financial Whistleblower Explains What’s About to Happen to the Economy Nov 21, 2016 3 0  “How is the government going to get people to pay their taxes if the government is not viewed as legitimate?” ~"
5290,7024,1.0,1.0,primary,McIntire,WELFake,True,"0 Add Comment  A CHANCE encounter between two of Ireland’s leading provocateurs and opinion-havers, Eamon Dunphy and George Hook, has resulted in a stand off which now enters its 12th hour.  Bumping i","0 Add Comment  A CHANCE encounter between two of Ireland’s leading provocateurs and opinion-havers, Eamon Dunphy and George Hook, has resulted in a stand off which now enters its 12th hour.  Bumping i"
5306,6322,1.0,0.0,primary,McIntire,WELFake,True,"Malala Yousufzai is a remarkable young woman who has made headlines and is known globally for the brave work she does in Pakistan, her home country. Her fight for the right for everyone to have a... ","Malala Yousufzai is a remarkable young woman who has made headlines and is known globally for the brave work she does in Pakistan, her home country. Her fight for the right for everyone to have a... "
4534,7535,1.0,1.0,primary,McIntire,WELFake,True,Donald Trump on Monday spent part of his July 4th with Sen. Joni Ernst -- fueling speculation that the Iowa freshman senator could be on the short list of his vice presidential picks.  Ernst told Fox ,Donald Trump on Monday spent part of his July 4th with Sen. Joni Ernst -- fueling speculation that the Iowa freshman senator could be on the short list of his vice presidential picks.  Ernst told Fox 
4483,6276,0.9391660970608339,0.9884892086330935,primary,McIntire,WELFake,True,"Email  In classical mythology, the Acheron is one of the rivers of the Underworld. It marks the boundary between the living and the dead. The ferryman Charon ferries the dead across the Acheron to a p","Crossing the Acheron: Back to Vietnam By Luciana Bohne Posted on October 31, 2016 by Luciana Bohne  In classical mythology, the Acheron is one of the rivers of the Underworld. It marks the boundary be"
3149,5247,0.41739130434782606,0.9970326409495549,primary,McIntire,McIntire,False,Leave a Reply Click here to get more info on formatting (1) Leave the name field empty if you want to post as Anonymous. It's preferable that you choose a name so it becomes clear who said what. E-mai,"Saker Message: No current Saker messages. Russia celebrates a Unity Day of liberation of Moscow from the Polish Roman Papists army in 1612 273 Views November 05, 2016 No Comments Scotts Corner Scott  "
5112,5845,1.0,0.0,primary,McIntire,WELFake,True,By Common Dreams After a national election season that many called “interminable” and where the trending phrase to describe the contest between Hillary Clinton and Donald Trump became... ,By Common Dreams After a national election season that many called “interminable” and where the trending phrase to describe the contest between Hillary Clinton and Donald Trump became... 
7003,8453,0.9767441860465116,0.9970326409495549,primary,WELFake,WELFake,False,Leave a Reply Click here to get more info on formatting (1) Leave the name field empty if you want to post as Anonymous. It's preferable that you choose a name so it becomes clear who said what. E-mai,Be the First to Comment! Leave a Reply Click here to get more info on formatting (1) Leave the name field empty if you want to post as Anonymous. It's preferable that you choose a name so it becomes c
6032,6434,0.9357045143638851,0.9757489300998573,primary,WELFake,WELFake,False,Leave a reply  Paul Craig Roberts – The American electorate’s preference for Donald Trump and Bernie Sanders has established two facts. One is that the majority of the American people do not believe t,"By Paul Craig Roberts on November 9, 2016 If only Trump could exile the lot of them. They are anti-American to the core.  by Paul Craig Roberts  The American electorate’s preference for Donald Trump a"
4037,4491,0.9948642699926632,0.9985272459499264,primary,McIntire,McIntire,False,"DaisyLuther.com October 31, 2016  According to a report in the New Yorker, James Comey, Big Kahuna of the FBI, went full-on cowboy in releasing details of the new Clinton email inquiry. Apparently, th","  Daisy Luther  According to a report in the New Yorker, James Comey , Big Kahuna of the FBI, went full-on cowboy in releasing details of the new Clinton email inquiry. Apparently, the Department of J"
4782,7623,1.0,1.0,primary,McIntire,WELFake,True,"Hillary Melts Down Over Weiner In Public, PICS Prove Campaign Is Imploding Posted on October 30, 2016 by Rebecca Diserio in Politics Share This  Hillary Clinton’s campaign is imploding, and it’s so ba","Hillary Melts Down Over Weiner In Public, PICS Prove Campaign Is Imploding Posted on October 30, 2016 by Rebecca Diserio in Politics Share This  Hillary Clinton’s campaign is imploding, and it’s so ba"
4630,4856,0.9228723404255319,0.9638888888888889,primary,McIntire,McIntire,False,"Posted on October 28, 2016 by Paul Joseph Watson Another reason as to why Ryan tried to sabotage Trump’s campaign? Hillary Clinton’s campaign circulated the name of one of Paul Ryan’s relatives as a p","Another reason as to why Ryan tried to sabotage Trump’s campaign?  Paul Joseph Watson Prison Planet.com October 27, 2016 Hillary Clinton’s campaign circulated the name of one of Paul Ryan’s relatives "
4036,7946,1.0,1.0,primary,McIntire,WELFake,True,"MecklenburgCatawba  The complaints noted that the machines wrongly identified a voter’s choice, but in all reported cases, the voters were able to correct their ballots before casting them.  “To my kn","MecklenburgCatawba  The complaints noted that the machines wrongly identified a voter’s choice, but in all reported cases, the voters were able to correct their ballots before casting them.  “To my kn"
4178,6812,0.8470588235294118,0.9515418502202643,primary,McIntire,WELFake,True,"Pin  ( ZHE ) Before the recent torrent of daily Podesta email dumps brought renewed attention to Wikileaks (and accusations Julian Assange was working with the Kremlin despite his recent denial, which","Videos Hacker Guccifer 2.0 Says Election Could Be Rigged, Promises To Monitor ‘From Inside’ “I’d like to warn you that the Democrats may rig the elections on November 8. This may be possible because o"
6313,7876,0.9285714285714286,1.0,primary,WELFake,WELFake,False,Notify me of follow-up comments by email. Notify me of new posts by email. PLEASE DONATE TO KEEP BARE NAKED ISLAM UP AND RUNNING. Choose DONATE for one-time donation or SUBSCRIBE for monthly donations,Notify me of follow-up comments by email. Notify me of new posts by email. PLEASE DONATE TO KEEP BARE NAKED ISLAM UP AND RUNNING. Choose DONATE for one-time donation or SUBSCRIBE for monthly donations
4281,5247,0.41277641277641275,0.9710982658959537,primary,McIntire,McIntire,False,"1 Comment on ""How the election battle shapes up"" Leave a Reply Click here to get more info on formatting (1) Leave the name field empty if you want to post as Anonymous. It's preferable that you choos","Saker Message: No current Saker messages. Russia celebrates a Unity Day of liberation of Moscow from the Polish Roman Papists army in 1612 273 Views November 05, 2016 No Comments Scotts Corner Scott  "
5199,6464,1.0,1.0,primary,McIntire,WELFake,True,"Russia This photo taken from a Norwegian surveillance aircraft shows Russian aircraft carrier Admiral Kuznetsov in international waters off the coast of Northern Norway on October 17, 2016. (Via Reute","Russia This photo taken from a Norwegian surveillance aircraft shows Russian aircraft carrier Admiral Kuznetsov in international waters off the coast of Northern Norway on October 17, 2016. (Via Reute"
3765,8592,1.0,1.0,primary,McIntire,WELFake,True,By Jason Easley   5:03 pm 370 of nation's top economists have come together to urge the American people not to elect Donald Trump to be the next President Of The United States.    370 of nation’s top ,By Jason Easley   5:03 pm 370 of nation's top economists have come together to urge the American people not to elect Donald Trump to be the next President Of The United States.    370 of nation’s top 
4448,6281,1.0,1.0,primary,McIntire,WELFake,True,"Tunisia suffered its worst terrorist attack in recent memory Friday as a gunman fatally shot 39 people at a beach resort, an assault that rattled the fragile democracy and threatened to devastate its ","Tunisia suffered its worst terrorist attack in recent memory Friday as a gunman fatally shot 39 people at a beach resort, an assault that rattled the fragile democracy and threatened to devastate its "
3755,5676,0.9774590163934426,0.9973863042341872,primary,McIntire,McIntire,False,"Daisy Luther  Let’s talk about Wikileaks.  First of all, the organization was founded by Julian Assange back in 2006. Their website explains what they are all about:  “WikiLeaks specializes in the ana","Posted on October 28, 2016 by Daisy Luther  Let’s talk about Wikileaks .  First of all, the organization was founded by Julian Assange back in 2006. Their website explains what they are all about:  “W"
4661,6690,1.0,1.0,primary,McIntire,WELFake,True,Bill O’Reilly responded to a Mother Jones story accusing him of making false claims about his reporting on the Falklands War by calling its author a liar.  The Fox News host told me in an interview th,Bill O’Reilly responded to a Mother Jones story accusing him of making false claims about his reporting on the Falklands War by calling its author a liar.  The Fox News host told me in an interview th
4074,7900,1.0,1.0,primary,McIntire,WELFake,True,"Senate Majority Leader Mitch McConnell announced a ""Plan B"" to halt a nuclear deal that would lift sanctions against Iran.  The measure, which Republican aides said likely would be voted on Thursday, ","Senate Majority Leader Mitch McConnell announced a ""Plan B"" to halt a nuclear deal that would lift sanctions against Iran.  The measure, which Republican aides said likely would be voted on Thursday, "
5295,6009,1.0,1.0,primary,McIntire,WELFake,True,"97924 Views October 29, 2016 KWN PLUS , TRENDING King World News FOR DIRECTIONS ON HOW TO PLAY OR DOWNLOAD AUDIOS: CLICK HERE Rick Rule: Chairman / Founder of Sprott US Holdings & President of   USA; ","97924 Views October 29, 2016 KWN PLUS , TRENDING King World News FOR DIRECTIONS ON HOW TO PLAY OR DOWNLOAD AUDIOS: CLICK HERE Rick Rule: Chairman / Founder of Sprott US Holdings & President of   USA; "
5576,7340,1.0,1.0,primary,McIntire,WELFake,True,Washington (CNN) Mitt Romney's decision to pass on 2016 anoints Jeb Bush as the clear establishment favorite in the Republican presidential race and lays down a challenge to the party's divided conser,Washington (CNN) Mitt Romney's decision to pass on 2016 anoints Jeb Bush as the clear establishment favorite in the Republican presidential race and lays down a challenge to the party's divided conser
4713,5272,0.5695652173913044,0.916083916083916,primary,McIntire,McIntire,False,"November 11: Daily Contrarian Reads   My daily contrarian reads for Friday, November 11th, 2016. You need to login to view this content.  David Stockman’s Contra Corner isn’t your typical financial ti","October 28: Daily Contrarian Reads By David Stockman. Posted On Friday, October 28th, 2016 My daily contrarian reads for Friday, October 28th. You need to login to view this content.  David Stockman’s"
4397,7003,0.711864406779661,0.9970326409495549,primary,McIntire,WELFake,True,"SouthFront Syrian War Report Leave a Reply 1 Comment on ""Syrian War Report – November 2, 2016: ISIS and Al-Nusra Attempt to Cut Off Govt Supply Line to Aleppo"" Leave a Reply Click here to get more inf",Leave a Reply Click here to get more info on formatting (1) Leave the name field empty if you want to post as Anonymous. It's preferable that you choose a name so it becomes clear who said what. E-mai
5676,7454,1.0,1.0,primary,McIntire,WELFake,True,"Posted on October 28, 2016 by Daisy Luther  Let’s talk about Wikileaks .  First of all, the organization was founded by Julian Assange back in 2006. Their website explains what they are all about:  “W","Posted on October 28, 2016 by Daisy Luther  Let’s talk about Wikileaks .  First of all, the organization was founded by Julian Assange back in 2006. Their website explains what they are all about:  “W"
5948,8151,0.8090909090909091,0.9112627986348123,primary,WELFake,WELFake,False,"Chilling images capture destruction as two earthquakes hit Italy (PHOTOS, VIDEOS) Published time: 26 Oct, 2016 21:38 Edited time: 26 Oct, 2016 21:47 Get short URL Still image from video shows damaged ","Chilling images capture destruction as two earthquakes hit Italy (PHOTOS, VIDEOS)   People walk past a destroyed building in the village of Visso, central Italy, after earthquakes on October 26, 2016."
4190,6673,0.8943577430972389,0.9650259067357513,primary,McIntire,WELFake,True,"Written by Eric Margolis   As a former soldier and war correspondent who has covered 14 conflicts, I look at all the media hoopla over tightening siege of Mosul, Iraq and shake my head. This western-o","Chaosistan , Iraq , Phenomenon of Terrorism By Eric MARGOLIS (USA)  As a former soldier and war correspondent who has covered 14 conflicts, I look at all the media hoopla over tightening siege of Mosu"
4925,6853,1.0,1.0,primary,McIntire,WELFake,True,"We Use Cookies: Our policy [X] Young Fellas Made Of Nothing These Days, Finds Scientific Study November 10, 2016 - BREAKING NEWS , HEALTH Share 0 Add Comment  DOCTORS studying the make-up of young fel","We Use Cookies: Our policy [X] Young Fellas Made Of Nothing These Days, Finds Scientific Study November 10, 2016 - BREAKING NEWS , HEALTH Share 0 Add Comment  DOCTORS studying the make-up of young fel"
4088,5731,0.9409391049156273,0.978634109118657,primary,McIntire,McIntire,False,". Tired of Western Propaganda Against Russia? Here's Vladimir Putin’s Perspective Vladimir Putin in particular, and Russia in general, have been the focus of an intensive high-drama ... Print Email ht","in: War Propaganda , World News If it’s not Islamophobia, it’s Russophobia. Tired of Western propaganda? Get Vladimir Putin’s perspective with words straight from the horse’s mouth. Vladimir Putin in "
3389,3762,0.9424242424242424,0.9826224328593997,primary,McIntire,McIntire,False," Could we see violence no matter who wins on November 8th? Let’s hope that it doesn’t happen, but as you will see below, anti-Trump violence is already sweeping the nation. If Trump were to actually w","Get Ready For Civil Unrest: Survey Finds That Most Americans Are Concerned About Election Violence By Michael Snyder, on October 26th, 2016  Could we see violence no matter who wins on November 8th? L"
3286,6540,1.0,1.0,primary,McIntire,WELFake,True,"More Iranian troops have arrived in Syria for an upcoming ground operation to accompany Russian airstrikes, defense officials confirm to Fox News.  “It has always been understood in this building that","More Iranian troops have arrived in Syria for an upcoming ground operation to accompany Russian airstrikes, defense officials confirm to Fox News.  “It has always been understood in this building that"
3866,6032,0.9357045143638851,0.9757489300998573,primary,McIntire,WELFake,True,"By Paul Craig Roberts on November 9, 2016 If only Trump could exile the lot of them. They are anti-American to the core.  by Paul Craig Roberts  The American electorate’s preference for Donald Trump a",Leave a reply  Paul Craig Roberts – The American electorate’s preference for Donald Trump and Bernie Sanders has established two facts. One is that the majority of the American people do not believe t
4037,4849,0.9934065934065934,0.9970588235294118,primary,McIntire,McIntire,False,"DaisyLuther.com October 31, 2016  According to a report in the New Yorker, James Comey, Big Kahuna of the FBI, went full-on cowboy in releasing details of the new Clinton email inquiry. Apparently, th","Posted by Daisy Luther  According to a report in the New Yorker, James Comey , Big Kahuna of the FBI, went full-on cowboy in releasing details of the new Clinton email inquiry. Apparently, the Departm"
3983,7218,1.0,1.0,primary,McIntire,WELFake,True,"OUT OF LEFT FIELD Gingrich slut-shames Megyn Kelly Adele M. Stan: Misogyny isn't just baked into the Trump brand, it is the Trump brand Published: 26 mins ago  (American Prospect) — When, as a campaig","OUT OF LEFT FIELD Gingrich slut-shames Megyn Kelly Adele M. Stan: Misogyny isn't just baked into the Trump brand, it is the Trump brand Published: 26 mins ago  (American Prospect) — When, as a campaig"
4146,5295,0.9748653500897666,0.9890710382513661,primary,McIntire,McIntire,False,"97925 Views October 29, 2016 BROADCAST King World News FOR DIRECTIONS ON HOW TO PLAY OR DOWNLOAD AUDIOS: CLICK HERE Rick Rule: Chairman / Founder of Sprott US Holdings & President of   USA; Portfolio ","97924 Views October 29, 2016 KWN PLUS , TRENDING King World News FOR DIRECTIONS ON HOW TO PLAY OR DOWNLOAD AUDIOS: CLICK HERE Rick Rule: Chairman / Founder of Sprott US Holdings & President of   USA; "
5081,6345,1.0,1.0,primary,McIntire,WELFake,True,"Drone footage shows the devastation caused by twin earthquakes that rocked Borgo Sant’Antonio, near Visso, which left buildings reduced to rubble or partially collapsed.  Central Italy was struck twic","Drone footage shows the devastation caused by twin earthquakes that rocked Borgo Sant’Antonio, near Visso, which left buildings reduced to rubble or partially collapsed.  Central Italy was struck twic"
3884,6705,1.0,1.0,primary,McIntire,WELFake,True," Anti-Trump Protesters Are Tools of the Oligarchy Reform always provokes rage on the part of those who profit by the old order. Arthur M. Schlesinger, Jr., The Crisis of the Old Order By Paul Craig "," Anti-Trump Protesters Are Tools of the Oligarchy Reform always provokes rage on the part of those who profit by the old order. Arthur M. Schlesinger, Jr., The Crisis of the Old Order By Paul Craig "
4579,6211,1.0,1.0,primary,McIntire,WELFake,True," Aide Said He Was Running 'Bill Clinton Inc.' in New WikiLeaks Dump By MaryAlice Parks  "" ABC "" - A 12-page memo written by a former aide to President Bill Clinton illustrates how he and other adviser"," Aide Said He Was Running 'Bill Clinton Inc.' in New WikiLeaks Dump By MaryAlice Parks  "" ABC "" - A 12-page memo written by a former aide to President Bill Clinton illustrates how he and other adviser"
3519,7650,1.0,1.0,primary,McIntire,WELFake,True,"Nashville, Tennessee (CNN) As opposition to Common Core began to swell in Tennessee, Jeb Bush showed up to an education forum in March of last year, advocating for state officials to keep the higher s","Nashville, Tennessee (CNN) As opposition to Common Core began to swell in Tennessee, Jeb Bush showed up to an education forum in March of last year, advocating for state officials to keep the higher s"
4426,7033,1.0,1.0,primary,McIntire,WELFake,True,3 Philadelphia prison guards arrested for alleged assault on handcuffed inmate 3 Philadelphia prison guards arrested for alleged assault on handcuffed inmate By 0 48  Three Philadelphia prison guards ,3 Philadelphia prison guards arrested for alleged assault on handcuffed inmate 3 Philadelphia prison guards arrested for alleged assault on handcuffed inmate By 0 48  Three Philadelphia prison guards 
5286,6332,1.0,1.0,primary,McIntire,WELFake,True," In today’s, 25th, Wikileaks release of hacked Podesta emails, one of the notable highlights is a March 2, 2015 exchange between John Podesta and Clinton aide Cheryl Mills in which the Clinton Campaig"," In today’s, 25th, Wikileaks release of hacked Podesta emails, one of the notable highlights is a March 2, 2015 exchange between John Podesta and Clinton aide Cheryl Mills in which the Clinton Campaig"
7003,7921,0.41739130434782606,0.9970326409495549,primary,WELFake,WELFake,False,Leave a Reply Click here to get more info on formatting (1) Leave the name field empty if you want to post as Anonymous. It's preferable that you choose a name so it becomes clear who said what. E-mai,"Saker Message: No current Saker messages. Russia celebrates a Unity Day of liberation of Moscow from the Polish Roman Papists army in 1612 273 Views November 05, 2016 No Comments Scotts Corner Scott  "
3523,7113,1.0,1.0,primary,McIntire,WELFake,True,"Libertarian Party VP insults Trump, practically endorses Clinton Published time: 26 Oct, 2016 21:09 Get short URL Libertarian vice presidential candidate Bill Weld (L) and Republican U.S. presidential","Libertarian Party VP insults Trump, practically endorses Clinton Published time: 26 Oct, 2016 21:09 Get short URL Libertarian vice presidential candidate Bill Weld (L) and Republican U.S. presidential"
4948,6031,1.0,1.0,primary,McIntire,WELFake,True,"Donald Trump addressed Great Faith Ministries International, a predominately black church, in Detroit on Saturday. He delivered a focused message on unity and the importance of faith in healing a divi","Donald Trump addressed Great Faith Ministries International, a predominately black church, in Detroit on Saturday. He delivered a focused message on unity and the importance of faith in healing a divi"
4635,5827,0.8285714285714286,1.0,primary,McIntire,WELFake,True,16 mins ago 2 Views 0 Comments 0 Likes   New Zealand's   country's entire east coast and urged residents in low-lying areas to evacuate and seek higher ground. Waves of up to two meters (6 feet) could,"   New Zealand’s   country’s entire east coast and urged residents in low-lying areas to evacuate and seek higher ground.  Waves of up to two meters (6 feet) could be possible for up to two hours, it "
3789,8269,0.8561151079136691,0.933140734626496,primary,McIntire,WELFake,True,"John Pilger: Inside The Invisible Government: War, Propaganda, Clinton And Trump    The American journalist, Edward Bernays, is often described as the man who invented modern propaganda.  The nephew o","Photo by Diego Torres Silvestre | CC BY 2.0   The American journalist, Edward Bernays, is often described as the man who invented modern propaganda.  The nephew of Sigmund Freud, the pioneer of psycho"
4267,6074,1.0,1.0,primary,McIntire,WELFake,True,"Sputnik October 27, 2016  NATO and Washington’s activities in Eastern Europe and the Baltics de facto amount to permanent military presence, Sergei Ermakov, a senior analyst at the Russian Institute f","Sputnik October 27, 2016  NATO and Washington’s activities in Eastern Europe and the Baltics de facto amount to permanent military presence, Sergei Ermakov, a senior analyst at the Russian Institute f"
5664,8476,0.9770114942528736,0.9883720930232558,primary,McIntire,WELFake,True,"Posted on November 5, 2016 by DCG | 3 Comments  From The Independent : Saudi Arabia is set to behead a disabled man for taking part in anti-government protests.  A specialised criminal court in Riyadh","Posted on November 5, 2016 by DCG | 1 Comment  From The Independent : Saudi Arabia is set to behead a disabled man for taking part in anti-government protests.  A specialised criminal court in Riyadh "
5247,8453,0.42661691542288555,1.0,primary,McIntire,WELFake,True,"Saker Message: No current Saker messages. Russia celebrates a Unity Day of liberation of Moscow from the Polish Roman Papists army in 1612 273 Views November 05, 2016 No Comments Scotts Corner Scott  ",Be the First to Comment! Leave a Reply Click here to get more info on formatting (1) Leave the name field empty if you want to post as Anonymous. It's preferable that you choose a name so it becomes c
3831,6559,1.0,1.0,primary,McIntire,WELFake,True,"References The Debate  It started when Daniel Blatman, an Israeli historian and head of the Institute for Contemporary Jewry at the Hebrew University of Jerusalem, penned an op-ed for the Israeli dail","References The Debate  It started when Daniel Blatman, an Israeli historian and head of the Institute for Contemporary Jewry at the Hebrew University of Jerusalem, penned an op-ed for the Israeli dail"
4929,7752,1.0,1.0,primary,McIntire,WELFake,True,"In their last meeting, Fox News anchor Megyn Kelly laughed with her former adversary, presumptive Republican nominee Donald Trump, tossing him a handful of softball questions he could swiftly bat away","In their last meeting, Fox News anchor Megyn Kelly laughed with her former adversary, presumptive Republican nominee Donald Trump, tossing him a handful of softball questions he could swiftly bat away"
3086,5767,1.0,1.0,primary,McIntire,WELFake,True,Marco Rubio has been forced to speed up plans for an all-out assault on the billionaire businessman's character.  How SNL's 'the bubble' sketch about polarization is all too true  A flood of mainstrea,Marco Rubio has been forced to speed up plans for an all-out assault on the billionaire businessman's character.  How SNL's 'the bubble' sketch about polarization is all too true  A flood of mainstrea
5238,8260,1.0,1.0,primary,McIntire,WELFake,True,"Presidential hopefuls in both parties agree on at least one thing: Economic mobility, and the feeling of many Americans that they are being shut out from the nation’s prosperity, will be a defining th","Presidential hopefuls in both parties agree on at least one thing: Economic mobility, and the feeling of many Americans that they are being shut out from the nation’s prosperity, will be a defining th"
5317,7986,1.0,1.0,primary,McIntire,WELFake,True,"41 Views November 07, 2016 GOLD , KWN King World News  With stocks surging along with the U.S. dollar and gold and silver getting hit, here is a look at what is unfolding in China and other key region","41 Views November 07, 2016 GOLD , KWN King World News  With stocks surging along with the U.S. dollar and gold and silver getting hit, here is a look at what is unfolding in China and other key region"
5350,8172,0.8688118811881188,0.9790794979079498,primary,McIntire,WELFake,True,Here Are The Presstitutes Who Control American’s Minds: http://www.veteransnewsnow.com/2016/10/26/1010359-65-us-journalists-at-a-private-dinner-with-hillary-clintons-team-and-john-podesta/  I just hea," What Is At Stake In The Election By Paul Craig Roberts  Here Are The Presstitutes Who Control Americans Minds : I just heard an NPR presstitute declare that Texas, a traditional sure thing for Repub"
6518,7178,0.9801587301587301,0.9899799599198397,primary,WELFake,WELFake,False,"Pinterest  C.E. Dyer reports that the disaster that is Obamacare is about to get worse for many people enrolled in the health insurance marketplace. On Monday, the Obama administration confirmed that ","Pinterest  C.E. Dyer writes that the disaster that is Obamacare is about to get worse for many people enrolled in the health insurance marketplace. On Monday, the Obama administration confirmed that p"
4014,4819,0.9377628259041211,0.9893522626441881,primary,McIntire,McIntire,False,"Videos Police Departments Refuse Participation In Dakota Access Pipeline Crackdown In addition to the general retreat of departments, two officers have already turned in their badges in support of the","Print Email http://humansarefree.com/2016/11/verified-report-these-cops-left.html Standing Rock, North Dakota ( TFC ) — Widespread outrage over both the construction of the Dakota Access Pipeline and "
5454,7820,1.0,1.0,primary,McIntire,WELFake,True,"The Justice Department announced Wednesday that it will not prosecute former Ferguson, Mo., police officer Darren Wilson in the shooting death of an unarmed black 18-year-old, while also releasing a r","The Justice Department announced Wednesday that it will not prosecute former Ferguson, Mo., police officer Darren Wilson in the shooting death of an unarmed black 18-year-old, while also releasing a r"
4558,7454,0.9699745547073791,0.9906444906444907,primary,McIntire,WELFake,True,"in: Government Corruption , Mainstream Media , US News , Whistle Blowers Let’s talk about Wikileaks. First of all, the organization was founded by Julian Assange back in 2006. Their website explains w","Posted on October 28, 2016 by Daisy Luther  Let’s talk about Wikileaks .  First of all, the organization was founded by Julian Assange back in 2006. Their website explains what they are all about:  “W"
4907,8343,1.0,1.0,primary,McIntire,WELFake,True,"0 Add Comment  A GROUP of over a thousand civilians fleeing from the civil war in Syria have taken the time to pull off one of the best mannequin challenges we’ve ever seen, in a 4-minute video lighti","0 Add Comment  A GROUP of over a thousand civilians fleeing from the civil war in Syria have taken the time to pull off one of the best mannequin challenges we’ve ever seen, in a 4-minute video lighti"
3611,6518,0.9801587301587301,0.9899799599198397,primary,McIntire,WELFake,True,"Pinterest  C.E. Dyer writes that the disaster that is Obamacare is about to get worse for many people enrolled in the health insurance marketplace. On Monday, the Obama administration confirmed that p","Pinterest  C.E. Dyer reports that the disaster that is Obamacare is about to get worse for many people enrolled in the health insurance marketplace. On Monday, the Obama administration confirmed that "
5680,7256,1.0,1.0,primary,McIntire,WELFake,True," An award-winning California state trooper was caught on camera fleeing the scene after crashing his patrol car into a parked vehicle and a utility pole, snapping it in half, on Thursday afternoon at "," An award-winning California state trooper was caught on camera fleeing the scene after crashing his patrol car into a parked vehicle and a utility pole, snapping it in half, on Thursday afternoon at "
4008,4533,0.9789750328515112,1.0,primary,McIntire,McIntire,False,Senate Minority Leader Harry Reid alleges that FBI Director Comey has violated the law by announcing the re-opened investigation into Clinton emails so close to the presidential election.  Is he right,Constitutional Law Expert: Comey Did NOT Violate Law By Announcing Email Investigation   Source: Washington's Blog   Senate Minority Leader Harry Reid alleges that FBI Director Comey has violated the 
4747,6440,1.0,1.0,primary,McIntire,WELFake,True,"Truth Bomb from Rasmussen: More Americans Want Hilary Indicted Than Elected!  And the list goes on…(Proverbs 24:21; Hebrews 4:13)  Now Hillary and the foreign agent in the people’s White House, Barack","Truth Bomb from Rasmussen: More Americans Want Hilary Indicted Than Elected!  And the list goes on…(Proverbs 24:21; Hebrews 4:13)  Now Hillary and the foreign agent in the people’s White House, Barack"
4031,7271,1.0,1.0,primary,McIntire,WELFake,True,"Bernie Sanders, Party Crasher: Notes On The (Looming) End Of A Campaign  Three days ahead of California's Democratic presidential primary, Bernie Sanders made several appearances in Southern Californi","Bernie Sanders, Party Crasher: Notes On The (Looming) End Of A Campaign  Three days ahead of California's Democratic presidential primary, Bernie Sanders made several appearances in Southern Californi"
5382,8110,1.0,1.0,primary,McIntire,WELFake,True,"BY CHRISTINE WILLIAMS  The West has in effect developed a two-tier legal system for Muslims.  The article below is about a baby being dumped in the road, with the Muslim migrant perpetrator escaping j","BY CHRISTINE WILLIAMS  The West has in effect developed a two-tier legal system for Muslims.  The article below is about a baby being dumped in the road, with the Muslim migrant perpetrator escaping j"
3450,7872,1.0,1.0,primary,McIntire,WELFake,True,"Putin Dedicates Christian Statue to Prince Vladimir November 03, 2016 Putin Dedicates Christian Statue to Prince Vladimir  Russian President Vladimir Putin recently took part in events dedicated to Th","Putin Dedicates Christian Statue to Prince Vladimir November 03, 2016 Putin Dedicates Christian Statue to Prince Vladimir  Russian President Vladimir Putin recently took part in events dedicated to Th"
4240,6618,1.0,1.0,primary,McIntire,WELFake,True,"Ted Cruz won more delegates than anyone else on Saturday night, further narrowing the race between Trump and Cruz, and weakening Marco Rubio as the race heads to Florida.  Ted Cruz crushed the Kansas ","Ted Cruz won more delegates than anyone else on Saturday night, further narrowing the race between Trump and Cruz, and weakening Marco Rubio as the race heads to Florida.  Ted Cruz crushed the Kansas "
3128,8248,1.0,1.0,primary,McIntire,WELFake,True,"   It’s always nice to know that some people aren’t as concerned with the election as they are with the “big picture.” For Lance Wallnau, that constitutes turning America into a Fundamentalist Christi","   It’s always nice to know that some people aren’t as concerned with the election as they are with the “big picture.” For Lance Wallnau, that constitutes turning America into a Fundamentalist Christi"
3080,4156,0.9285714285714286,1.0,primary,McIntire,McIntire,False,Notify me of follow-up comments by email. Notify me of new posts by email. PLEASE DONATE TO KEEP BARE NAKED ISLAM UP AND RUNNING. Choose DONATE for one-time donation or SUBSCRIBE for monthly donations,Notify me of follow-up comments by email. Notify me of new posts by email. PLEASE DONATE TO KEEP BARE NAKED ISLAM UP AND RUNNING. Choose DONATE for one-time donation or SUBSCRIBE for monthly donations
3308,8462,1.0,1.0,primary,McIntire,WELFake,True,"The State Department identified two Americans who died in Nepal’s devastating earthquake, and reported two more dead Monday, as the death toll rose past 4,000 and survivors dug through the rubble of t","The State Department identified two Americans who died in Nepal’s devastating earthquake, and reported two more dead Monday, as the death toll rose past 4,000 and survivors dug through the rubble of t"
5315,7153,1.0,1.0,primary,McIntire,WELFake,True,"The FBI says 29-year-old Omar Mateen, an American-born Muslim, appears to be a ""homegrown extremist,"" saying there's no evidence the attack was directed from the Middle East.  ""I don't see anything in","The FBI says 29-year-old Omar Mateen, an American-born Muslim, appears to be a ""homegrown extremist,"" saying there's no evidence the attack was directed from the Middle East.  ""I don't see anything in"
3611,7178,1.0,1.0,primary,McIntire,WELFake,True,"Pinterest  C.E. Dyer writes that the disaster that is Obamacare is about to get worse for many people enrolled in the health insurance marketplace. On Monday, the Obama administration confirmed that p","Pinterest  C.E. Dyer writes that the disaster that is Obamacare is about to get worse for many people enrolled in the health insurance marketplace. On Monday, the Obama administration confirmed that p"
4824,6372,1.0,1.0,primary,McIntire,WELFake,True,"Debate over the Cleveland Indians’ Mascot November 1, 2016  The U.S. government’s genocide against Native Americans has led many to find the use of Indian nicknames and caricatures in sports offensive","Debate over the Cleveland Indians’ Mascot November 1, 2016  The U.S. government’s genocide against Native Americans has led many to find the use of Indian nicknames and caricatures in sports offensive"
4127,6026,1.0,1.0,primary,McIntire,WELFake,True,"Part 1: Introduction 10 Shares 9 0 0 1 For the last 30 years, I have witnessed and experienced the severe restraints on any free and balanced discussion of the facts. This reluctance to criticize any ","Part 1: Introduction 10 Shares 9 0 0 1 For the last 30 years, I have witnessed and experienced the severe restraints on any free and balanced discussion of the facts. This reluctance to criticize any "
2994,6739,1.0,1.0,primary,McIntire,WELFake,True,"Wednesday, I participated in Facebook’s meeting with conservatives at the company’s headquarters in Silicon Valley.  Even though I did the round trip in a little more than 24 hours, the West Coast fee","Wednesday, I participated in Facebook’s meeting with conservatives at the company’s headquarters in Silicon Valley.  Even though I did the round trip in a little more than 24 hours, the West Coast fee"
3149,7921,0.41739130434782606,0.9970326409495549,primary,McIntire,WELFake,True,Leave a Reply Click here to get more info on formatting (1) Leave the name field empty if you want to post as Anonymous. It's preferable that you choose a name so it becomes clear who said what. E-mai,"Saker Message: No current Saker messages. Russia celebrates a Unity Day of liberation of Moscow from the Polish Roman Papists army in 1612 273 Views November 05, 2016 No Comments Scotts Corner Scott  "
5630,7542,1.0,1.0,primary,McIntire,WELFake,True,"This post was originally published on this site  The concept of evolution should not be limited to the scientific assertions around Darwin’s theory of natural selection, but ought to include the more ","This post was originally published on this site  The concept of evolution should not be limited to the scientific assertions around Darwin’s theory of natural selection, but ought to include the more "
5385,5487,0.979187314172448,0.9944640161046804,primary,McIntire,McIntire,False,"By Joachim Hagopian October 31, 2016  This last Friday it became public record that FBI Director James Comey reopened the Hillary Clinton email server investigation after repeatedly testifying before ",Posted 10/31/2016 10:54 am by PatriotRising with 0 comments  This last Friday it became public record that FBI Director James Comey reopened the Hillary Clinton email server investigation after repeat
4561,6757,1.0,1.0,primary,McIntire,WELFake,True,"A day after the candidates squared off in a fiery debate, they came to Columbia, South Carolina, and largely agreed that while King's impact can still be felt today, work still needs to be done to gua","A day after the candidates squared off in a fiery debate, they came to Columbia, South Carolina, and largely agreed that while King's impact can still be felt today, work still needs to be done to gua"
4156,7876,0.9285714285714286,1.0,primary,McIntire,WELFake,True,Notify me of follow-up comments by email. Notify me of new posts by email. PLEASE DONATE TO KEEP BARE NAKED ISLAM UP AND RUNNING. Choose DONATE for one-time donation or SUBSCRIBE for monthly donations,Notify me of follow-up comments by email. Notify me of new posts by email. PLEASE DONATE TO KEEP BARE NAKED ISLAM UP AND RUNNING. Choose DONATE for one-time donation or SUBSCRIBE for monthly donations
4665,5812,1.0,0.0,primary,McIntire,WELFake,True,"Forbidden History. Secret Egyptology Exposed! # Grey 0  They built the Sphinx of Giza ancient Egyptians four thousand years ago, and it is responsible for elder completely unknown civilization? What d","Forbidden History. Secret Egyptology Exposed! # Grey 0  They built the Sphinx of Giza ancient Egyptians four thousand years ago, and it is responsible for elder completely unknown civilization? What d"
4281,7921,0.41277641277641275,0.9710982658959537,primary,McIntire,WELFake,True,"1 Comment on ""How the election battle shapes up"" Leave a Reply Click here to get more info on formatting (1) Leave the name field empty if you want to post as Anonymous. It's preferable that you choos","Saker Message: No current Saker messages. Russia celebrates a Unity Day of liberation of Moscow from the Polish Roman Papists army in 1612 273 Views November 05, 2016 No Comments Scotts Corner Scott  "
5148,8171,1.0,1.0,primary,McIntire,WELFake,True,"Today the White House will hold the annual Easter egg roll. Kids will roll their eggs along the lawn, hunt for eggs, and enjoy other fun activities. It's a benign, heartwarming event.  So where did th","Today the White House will hold the annual Easter egg roll. Kids will roll their eggs along the lawn, hunt for eggs, and enjoy other fun activities. It's a benign, heartwarming event.  So where did th"
5446,6135,1.0,1.0,primary,McIntire,WELFake,True,"—Debby Borza stood before a wall of photos of 40 people who died here Sept. 11, 2001, and gently tapped her daughter’s face on a computer touch screen, not knowing exactly what to expect.  “What do th","—Debby Borza stood before a wall of photos of 40 people who died here Sept. 11, 2001, and gently tapped her daughter’s face on a computer touch screen, not knowing exactly what to expect.  “What do th"
5252,8503,1.0,1.0,primary,McIntire,WELFake,True,The Latest On Paris Attack: Manhunt Continues; Brothers Were On No-Fly List  French authorities are still on the hunt for two brothers suspected in an attack against the headquarters of a satirical ma,The Latest On Paris Attack: Manhunt Continues; Brothers Were On No-Fly List  French authorities are still on the hunt for two brothers suspected in an attack against the headquarters of a satirical ma
5321,5893,1.0,1.0,primary,McIntire,WELFake,True,"Taming the corporate media beast Opps! German Magazine Uses ISIS Propaganda Video to Show All is Well in Mosul  Well they are on the same side, after all Originally appeared at Sputnik  In an almost f","Taming the corporate media beast Opps! German Magazine Uses ISIS Propaganda Video to Show All is Well in Mosul  Well they are on the same side, after all Originally appeared at Sputnik  In an almost f"
5667,8434,0.8991735537190083,0.9766606822262118,primary,McIntire,WELFake,True,These Blast Points on Hillary's Campaign... Only The Deep State Is So Precise   Charles Hugh Smith  The Deep State's most prescient elements must derail Hillary's campaign to clear a path to Trump's e,"Home » Headlines » World News » Elite Turn On Hillary Campaign: Only the Deep State Could Be So Precise  Back in August, I asked Could the Deep State Be Sabotaging Hillary? I think we now have a defin"
5122,6843,1.0,1.0,primary,McIntire,WELFake,True,"Hillary Clinton introduces Michelle Obama at campaign rally (wait, WHAT?) [video] Posted at 3:37 pm on October 27, 2016 by Doug P. Share on Facebook Share on Twitter  Michelle Obama is campaigning for","Hillary Clinton introduces Michelle Obama at campaign rally (wait, WHAT?) [video] Posted at 3:37 pm on October 27, 2016 by Doug P. Share on Facebook Share on Twitter  Michelle Obama is campaigning for"
3755,4558,0.9870533402382186,0.996340825927862,primary,McIntire,McIntire,False,"Daisy Luther  Let’s talk about Wikileaks.  First of all, the organization was founded by Julian Assange back in 2006. Their website explains what they are all about:  “WikiLeaks specializes in the ana","in: Government Corruption , Mainstream Media , US News , Whistle Blowers Let’s talk about Wikileaks. First of all, the organization was founded by Julian Assange back in 2006. Their website explains w"
5591,7797,1.0,1.0,primary,McIntire,WELFake,True,"GOP presidential hopeful Jeb Bush criticized Pope Francis on Tuesday after a draft of his encyclical on climate change was leaked by an Italian newspaper.  In the leaked draft, the pope attributes ""th","GOP presidential hopeful Jeb Bush criticized Pope Francis on Tuesday after a draft of his encyclical on climate change was leaked by an Italian newspaper.  In the leaked draft, the pope attributes ""th"
4269,7430,1.0,1.0,primary,McIntire,WELFake,True,"With the provisions of the Patriot Act which allow the National Security Administration to collect data on Americans' phone calls newly expired, a new CNN/ORC poll finds 61% of Americans think the law","With the provisions of the Patriot Act which allow the National Security Administration to collect data on Americans' phone calls newly expired, a new CNN/ORC poll finds 61% of Americans think the law"
3797,6397,1.0,1.0,primary,McIntire,WELFake,True,"With just 59 days remaining until Election Day, Democratic presidential candidate Hillary Clinton is still facing questions - and attacks - over her email controversy.  Her Republican opponent Donald ","With just 59 days remaining until Election Day, Democratic presidential candidate Hillary Clinton is still facing questions - and attacks - over her email controversy.  Her Republican opponent Donald "
4894,7100,1.0,1.0,primary,McIntire,WELFake,True,"Russia, China Look To Autonomous Financial System 11/07/2016  TASS.COM  Russia and China need to create an autonomous financial system which would be minimally subject to political risks and external ","Russia, China Look To Autonomous Financial System 11/07/2016  TASS.COM  Russia and China need to create an autonomous financial system which would be minimally subject to political risks and external "
4737,5823,1.0,1.0,primary,McIntire,WELFake,True,Nation Puts 2016 Election Into Perspective By Reminding Itself Some Species Of Sea Turtles Get Eaten By Birds Just Seconds After They Hatch WASHINGTON—Saying they felt anxious and overwhelmed just day,Nation Puts 2016 Election Into Perspective By Reminding Itself Some Species Of Sea Turtles Get Eaten By Birds Just Seconds After They Hatch WASHINGTON—Saying they felt anxious and overwhelmed just day
3204,8610,1.0,1.0,primary,McIntire,WELFake,True,"Trump Doubles Down On McCain Criticism, Refusing To Apologize  Veterans groups have added to the chorus of condemnation against Donald Trump — much of it coming from within his own party — following d","Trump Doubles Down On McCain Criticism, Refusing To Apologize  Veterans groups have added to the chorus of condemnation against Donald Trump — much of it coming from within his own party — following d"
4739,6241,1.0,1.0,primary,McIntire,WELFake,True,"Email  When she stumbled across massive corruption and made-up statistics in her job at the United Nations, Rasna Warah knew she needed to act. But when she tried to blow the whistle, she was viciousl","Email  When she stumbled across massive corruption and made-up statistics in her job at the United Nations, Rasna Warah knew she needed to act. But when she tried to blow the whistle, she was viciousl"
5669,6706,1.0,1.0,primary,McIntire,WELFake,True,"It was a tough tax season for the Internal Revenue Service, but GOP lawmakers in Congress says the agency only has itself to blame.  Last month, IRS commissioner John Koskinen said that years of budge","It was a tough tax season for the Internal Revenue Service, but GOP lawmakers in Congress says the agency only has itself to blame.  Last month, IRS commissioner John Koskinen said that years of budge"
3560,7073,1.0,1.0,primary,McIntire,WELFake,True,"Home / Health / America’s Most Popular ‘Legal’ Drug is Responsible for 25% of ALL Cancer America’s Most Popular ‘Legal’ Drug is Responsible for 25% of ALL Cancer John Vibes October 29, 2016 Leave a co","Home / Health / America’s Most Popular ‘Legal’ Drug is Responsible for 25% of ALL Cancer America’s Most Popular ‘Legal’ Drug is Responsible for 25% of ALL Cancer John Vibes October 29, 2016 Leave a co"
4081,7998,1.0,1.0,primary,McIntire,WELFake,True,"Carmela Tyrell November 3, 2016 How To Choose The Best Batteries For Prepper Solar Systems  No matter what device you use to turn solar power into electricity, a storage system for the electricity is ","Carmela Tyrell November 3, 2016 How To Choose The Best Batteries For Prepper Solar Systems  No matter what device you use to turn solar power into electricity, a storage system for the electricity is "
7921,8453,0.42661691542288555,1.0,primary,WELFake,WELFake,False,"Saker Message: No current Saker messages. Russia celebrates a Unity Day of liberation of Moscow from the Polish Roman Papists army in 1612 273 Views November 05, 2016 No Comments Scotts Corner Scott  ",Be the First to Comment! Leave a Reply Click here to get more info on formatting (1) Leave the name field empty if you want to post as Anonymous. It's preferable that you choose a name so it becomes c
3711,7269,1.0,1.0,primary,McIntire,WELFake,True,"by Yves Smith  The law firm Akin Gump issued a warning that might chill the bones of some private equity general partners: clawbacks may be a-comin’. From the firm’s website :  In recent months, manag","by Yves Smith  The law firm Akin Gump issued a warning that might chill the bones of some private equity general partners: clawbacks may be a-comin’. From the firm’s website :  In recent months, manag"
4680,7777,1.0,1.0,primary,McIntire,WELFake,True,"Donald Trump has summoned a tornado of negative stories that threaten to rip his campaign from its foundation if he doesn't stop, supporters inside and outside Trump's orbit are warning.  Several top ","Donald Trump has summoned a tornado of negative stories that threaten to rip his campaign from its foundation if he doesn't stop, supporters inside and outside Trump's orbit are warning.  Several top "
3079,7433,1.0,1.0,primary,McIntire,WELFake,True,"Why Time Magazine’s Joe Klein Is So Wrong About Hillary Clinton Rebutting the absurd claims of my namesake. November 4, 2016 Joseph Klein  Time Magazine’s Joe Klein has just penned an article entitled","Why Time Magazine’s Joe Klein Is So Wrong About Hillary Clinton Rebutting the absurd claims of my namesake. November 4, 2016 Joseph Klein  Time Magazine’s Joe Klein has just penned an article entitled"
3398,6228,1.0,1.0,primary,McIntire,WELFake,True,Click Here To Learn More About Alexandra's Personalized Essences Psychic Protection Click Here for More Information on Psychic Protection! Implant Removal Series Click here to listen to the IRP and SA,Click Here To Learn More About Alexandra's Personalized Essences Psychic Protection Click Here for More Information on Psychic Protection! Implant Removal Series Click here to listen to the IRP and SA
3149,7003,1.0,1.0,primary,McIntire,WELFake,True,Leave a Reply Click here to get more info on formatting (1) Leave the name field empty if you want to post as Anonymous. It's preferable that you choose a name so it becomes clear who said what. E-mai,Leave a Reply Click here to get more info on formatting (1) Leave the name field empty if you want to post as Anonymous. It's preferable that you choose a name so it becomes clear who said what. E-mai
5177,6480,1.0,1.0,primary,McIntire,WELFake,True,"Many Popular Tea Bags Contain Alarming Amounts of Deadly Pesticides (avoid these brands like the plague) Most conventional tea brands such as Lipton, Allegro, Celestial Seasonings, Tazo, Teavana, Bige","Many Popular Tea Bags Contain Alarming Amounts of Deadly Pesticides (avoid these brands like the plague) Most conventional tea brands such as Lipton, Allegro, Celestial Seasonings, Tazo, Teavana, Bige"
3762,6937,0.9424242424242424,0.9826224328593997,primary,McIntire,WELFake,True,"Get Ready For Civil Unrest: Survey Finds That Most Americans Are Concerned About Election Violence By Michael Snyder, on October 26th, 2016  Could we see violence no matter who wins on November 8th? L"," Could we see violence no matter who wins on November 8th? Let’s hope that it doesn’t happen, but as you will see below, anti-Trump violence is already sweeping the nation. If Trump were to actually w"
5508,6329,1.0,1.0,primary,McIntire,WELFake,True,"Two historic events are in progress today, August 14. The first is the arrival of Secretary of State John Kerry in Cuba. The second is President Obama’s continued campaign to secure Congressional appr","Two historic events are in progress today, August 14. The first is the arrival of Secretary of State John Kerry in Cuba. The second is President Obama’s continued campaign to secure Congressional appr"
3389,4306,0.979381443298969,0.9895833333333334,primary,McIntire,McIntire,False," Could we see violence no matter who wins on November 8th? Let’s hope that it doesn’t happen, but as you will see below, anti-Trump violence is already sweeping the nation. If Trump were to actually w","Print  Could we see violence no matter who wins on November 8th? Let’s hope that it doesn’t happen, but as you will see below, anti-Trump violence is already sweeping the nation. If Trump were to actu"
3017,7076,1.0,1.0,primary,McIntire,WELFake,True,"Investigators said Thursday they have recovered 32,000 emails in backup tapes related to the Internal Revenue Service targeting of conservative organizations.  Though they don't know how many of them ","Investigators said Thursday they have recovered 32,000 emails in backup tapes related to the Internal Revenue Service targeting of conservative organizations.  Though they don't know how many of them "
3400,8427,1.0,1.0,primary,McIntire,WELFake,True,"If Donald Trump is nothing else, he’s an American brand. The Trump name adorns luxury condominiums, hotels and golf courses around the world; it has sold a TV show, millions of books, a line of cologn","If Donald Trump is nothing else, he’s an American brand. The Trump name adorns luxury condominiums, hotels and golf courses around the world; it has sold a TV show, millions of books, a line of cologn"
3029,5073,0.9280125195618153,0.975328947368421,primary,McIntire,McIntire,False,"Saudi Arabia poised to be reelected to UN Human Rights Council   Source: RT  As the death toll in Yemen surpasses 10,000, Saudi Arabia, one of the principal parties in the conflict, is poised to be re","Wed, 26 Oct 2016 21:49 UTC © Naif Rahma / Reuters As the death toll in Yemen surpasses 10,000, Saudi Arabia, one of the principal parties in the conflict, is poised to be reelected to the UN human rig"
4159,4632,0.7185454545454546,0.9840637450199203,primary,McIntire,McIntire,False,"Posted on October 30, 2016 by DavidSwanson  Picture, if you will, video footage of vintage (early 2016) Donald Trump buffoonery with the CEO of CBS Leslie Moonves commenting on major media’s choice to","October Boomerang ‹ › David Swanson is an author, activist, journalist, and radio host. He is a 2015 Nobel Peace Prize Nominee. He is director of WorldBeyondWar.com and campaign coordinator for RootsA"
5577,8387,1.0,1.0,primary,McIntire,WELFake,True,"Dear America, Whether you voted for Trump or not, surely you can join me in admitting the past few years have been devoid of optimism. We’ve been pessimistic on the economy, on the social foundation o","Dear America, Whether you voted for Trump or not, surely you can join me in admitting the past few years have been devoid of optimism. We’ve been pessimistic on the economy, on the social foundation o"
3559,7880,1.0,1.0,primary,McIntire,WELFake,True,"— Phil Kerpen (@kerpen) October 31, 2016  Remington Research's summary of the polling data asserted that the race has become ""increasingly competitive"":  Last week, we found a presidential race where ","— Phil Kerpen (@kerpen) October 31, 2016  Remington Research's summary of the polling data asserted that the race has become ""increasingly competitive"":  Last week, we found a presidential race where "
2946,8449,1.0,1.0,primary,McIntire,WELFake,True,"The scene was Ostroh, western Ukraine, on the eve of parliamentary elections.  A tall figure bounded on to a stage to cheers from a crowd of elderly flag-waving supporters. They chanted: “Yan-u-kov-yc","The scene was Ostroh, western Ukraine, on the eve of parliamentary elections.  A tall figure bounded on to a stage to cheers from a crowd of elderly flag-waving supporters. They chanted: “Yan-u-kov-yc"
2931,7813,1.0,1.0,primary,McIntire,WELFake,True,"Hillary Clinton and Bernie Sanders clashed sharply Thursday over who is more progressive, at a debate that saw the former secretary of state ratcheting up her criticism of the Vermont senator on sever","Hillary Clinton and Bernie Sanders clashed sharply Thursday over who is more progressive, at a debate that saw the former secretary of state ratcheting up her criticism of the Vermont senator on sever"
3860,8658,1.0,1.0,primary,McIntire,WELFake,True,"in: General Health (image: shutterstock) Few experts question the influence a mother’s diet can have on her children’s long term physical health. Yet, many believe this effect is mostly sociological, ","in: General Health (image: shutterstock) Few experts question the influence a mother’s diet can have on her children’s long term physical health. Yet, many believe this effect is mostly sociological, "
4466,6491,1.0,0.0,primary,McIntire,WELFake,True,"By James Holbrooks A day after the administration of President Recep Tayyip Erdoğan dismissed an additional 10,000 civil employees and shut down another 15 media... ","By James Holbrooks A day after the administration of President Recep Tayyip Erdoğan dismissed an additional 10,000 civil employees and shut down another 15 media... "
4503,6113,1.0,1.0,primary,McIntire,WELFake,True,Comments  I learned exclusively tonight that the Democratic Coalition Against Trump is being joined by University of Minnesota Law Professor Richard Painter in a non-partisan joint campaign to mount a,Comments  I learned exclusively tonight that the Democratic Coalition Against Trump is being joined by University of Minnesota Law Professor Richard Painter in a non-partisan joint campaign to mount a
4281,7003,0.968299711815562,0.9970326409495549,primary,McIntire,WELFake,True,"1 Comment on ""How the election battle shapes up"" Leave a Reply Click here to get more info on formatting (1) Leave the name field empty if you want to post as Anonymous. It's preferable that you choos",Leave a Reply Click here to get more info on formatting (1) Leave the name field empty if you want to post as Anonymous. It's preferable that you choose a name so it becomes clear who said what. E-mai
3035,7223,1.0,1.0,primary,McIntire,WELFake,True,"Washington (CNN) Hillary Clinton continues to be a dominant force heading into the 2016 presidential election, according to a new CNN/ORC poll . The former secretary of state maintains a broad lead ov","Washington (CNN) Hillary Clinton continues to be a dominant force heading into the 2016 presidential election, according to a new CNN/ORC poll . The former secretary of state maintains a broad lead ov"
4738,5387,0.9497005988023952,0.9790123456790123,primary,McIntire,McIntire,False,"Meet the journalist facing 45 years in jail for filming the tar sands pipeline protest in North Dakota  Thursday, October 27, 2016 by: Natural News Editors Tags: First Amendment , Dakota Pipeline , cr","Meet the journalist facing 45 years in jail for filming the tar sands pipeline protest in North Dakota  Thursday, October 27, 2016  Are North Dakota authorities waging a war against the public’s right"
4883,6370,1.0,1.0,primary,McIntire,WELFake,True,"What If Consciousness Is a State of Matter, Just Like a Solid, a Liquid or a Gas? Nov 5, 2016 0 0  As a young child, I would randomly pause in my daily activities to thumb through my perception of the","What If Consciousness Is a State of Matter, Just Like a Solid, a Liquid or a Gas? Nov 5, 2016 0 0  As a young child, I would randomly pause in my daily activities to thumb through my perception of the"
2952,6160,0.8640776699029126,0.9840737636211232,primary,McIntire,WELFake,True,"Share This: BY PEPE ESCOBAR  W ill Trump pull a Brexit times ten? What would it take, beyond WikiLeaks, to bring the Clinton (cash) machine down? Will Hillary win and then declare WWIII against her Ru","Will Trump pull a Brexit times ten? What would it take, beyond WikiLeaks, to bring the Clinton (cash) machine down? Will Hillary win and then declare WWIII against her Russia/Iran/Syria “axis of evil”"
3869,6506,1.0,1.0,primary,McIntire,WELFake,True,"This post was originally published on this site  The first Russian-Egyptian anti-terrorist exercise, dubbed Defenders of Friendship-2016 was held on October 15-26.  It took place in the desert, betwee","This post was originally published on this site  The first Russian-Egyptian anti-terrorist exercise, dubbed Defenders of Friendship-2016 was held on October 15-26.  It took place in the desert, betwee"
3357,8024,1.0,1.0,primary,McIntire,WELFake,True,"World leaders' personal chefs sample Indian market fare Wed Oct 26, 2016 4:38PM News Bulletin The chefs to various heads of state pose for a photograph as they visit the spice market in the old quarte","World leaders' personal chefs sample Indian market fare Wed Oct 26, 2016 4:38PM News Bulletin The chefs to various heads of state pose for a photograph as they visit the spice market in the old quarte"
4558,5676,0.9699745547073791,0.9906444906444907,primary,McIntire,McIntire,False,"in: Government Corruption , Mainstream Media , US News , Whistle Blowers Let’s talk about Wikileaks. First of all, the organization was founded by Julian Assange back in 2006. Their website explains w","Posted on October 28, 2016 by Daisy Luther  Let’s talk about Wikileaks .  First of all, the organization was founded by Julian Assange back in 2006. Their website explains what they are all about:  “W"
3656,6231,1.0,1.0,primary,McIntire,WELFake,True,"Print  On Wednesday’s broadcast of “CNN Newsroom,” MIT Economics Professor and Obamacare architect Jonathan Gruber argued that “The law is working as designed. However, it could work better. And I thi","Print  On Wednesday’s broadcast of “CNN Newsroom,” MIT Economics Professor and Obamacare architect Jonathan Gruber argued that “The law is working as designed. However, it could work better. And I thi"
4666,8098,1.0,1.0,primary,McIntire,WELFake,True,We Are Change  In this video Luke Rudkowski covers more geopolitical moves and how the recent presidential election with Hillary Clinton is making the situation with Putin worse. The situation between,We Are Change  In this video Luke Rudkowski covers more geopolitical moves and how the recent presidential election with Hillary Clinton is making the situation with Putin worse. The situation between
4166,4770,0.979381443298969,0.9927007299270073,primary,McIntire,McIntire,False,"42   Shoina is a village drowned up to the waist in sand. Its denizens are quite fatalistic about it, and their only means of protection is leaving their door open for the night, as they can never be ","41   Shoina is a village drowned up to the waist in sand. Its denizens are quite fatalistic about it, and their only means of protection is leaving their door open for the night, as they can never be "
3838,6774,1.0,1.0,primary,McIntire,WELFake,True,Video of a confrontation between a news photographer and protesters at the University of Missouri on Monday led to a dispute between journalists and the activists’ sympathizers beyond the campus walls,Video of a confrontation between a news photographer and protesters at the University of Missouri on Monday led to a dispute between journalists and the activists’ sympathizers beyond the campus walls
3104,4353,0.9929725931131412,0.9971771347918137,primary,McIntire,McIntire,False,"Thursday Oct 27, 2016  WAR is a racket. It always has been.  It is possibly the oldest, easily the most profitable, surely the most vicious. It is the only one international in scope. It is the only o","at 1:10 pm 3 Comments  WAR is a racket. It always has been.  It is possibly the oldest, easily the most profitable, surely the most vicious. It is the only one international in scope. It is the only o"
3172,8280,1.0,1.0,primary,McIntire,WELFake,True,"“Wikileaks is the Mossad, Stupid, Not the Russians, We are playing them like a fiddle…” Assange (sort of) ‹ › Dr. Kevin Barrett, a Ph.D. Arabist-Islamologist, is one of America’s best-known critics of","“Wikileaks is the Mossad, Stupid, Not the Russians, We are playing them like a fiddle…” Assange (sort of) ‹ › Dr. Kevin Barrett, a Ph.D. Arabist-Islamologist, is one of America’s best-known critics of"
5342,7343,1.0,1.0,primary,McIntire,WELFake,True,Next Swipe left/right This letter from Manchester City Council is a strong contender for facepalm of the year Someone at Manchester City Council might need to a) Google the term “Hellenic” and b) use ,Next Swipe left/right This letter from Manchester City Council is a strong contender for facepalm of the year Someone at Manchester City Council might need to a) Google the term “Hellenic” and b) use 
3166,3370,0.952920662598082,0.9891402714932127,primary,McIntire,McIntire,False,"Stamptastic / Shutterstock.com  Oh good. The world reaches a crossroads, or probably a road off a cliff, just when I want to relax and watch gratuitous violence on the tube. To judge by the rapid drif","By Fred Reed October 28, 2016  Oh good. The world reaches a crossroads, or probably a road off a cliff, just when I want to relax and watch gratuitous violence on the tube. To judge by the rapid drift"
3634,5839,1.0,1.0,primary,McIntire,WELFake,True,"Another Saudi War Crime in Yemen as 43 Prisoners Dead in Airstrike Posted on Oct 31, 2016  By Juan Cole / Informed Comment  Saudi airstrikes targeting a judiciary building in al-Hudayda, a port on the","Another Saudi War Crime in Yemen as 43 Prisoners Dead in Airstrike Posted on Oct 31, 2016  By Juan Cole / Informed Comment  Saudi airstrikes targeting a judiciary building in al-Hudayda, a port on the"
3580,5868,1.0,1.0,primary,McIntire,WELFake,True,Has family guy gone nuts? page: 1 link I was watching and they were singing a weird chant something about patriotic weirdness and barbecued human heads. I just brushed it off then 5 mins later some mo,Has family guy gone nuts? page: 1 link I was watching and they were singing a weird chant something about patriotic weirdness and barbecued human heads. I just brushed it off then 5 mins later some mo
4875,6663,0.8461538461538461,0.9952963311382879,primary,McIntire,WELFake,True,"Photo by The U.S. Army | CC BY 2.0   Here is a list of the noteworthy, ongoing results of the U.S.-led invasion of Iraq beginning in March 2003. (Recall that invasion was denounced by the UN as illega","Photo above by The U.S. Army | CC BY 2.0 H ere is a list of the noteworthy, ongoing results of the U.S.-led invasion of Iraq beginning in March 2003. (Recall that invasion was denounced by the UN as i"
4491,4849,0.9985294117647059,1.0,primary,McIntire,McIntire,False,"  Daisy Luther  According to a report in the New Yorker, James Comey , Big Kahuna of the FBI, went full-on cowboy in releasing details of the new Clinton email inquiry. Apparently, the Department of J","Posted by Daisy Luther  According to a report in the New Yorker, James Comey , Big Kahuna of the FBI, went full-on cowboy in releasing details of the new Clinton email inquiry. Apparently, the Departm"
4166,5794,0.979381443298969,0.9927007299270073,primary,McIntire,WELFake,True,"42   Shoina is a village drowned up to the waist in sand. Its denizens are quite fatalistic about it, and their only means of protection is leaving their door open for the night, as they can never be ","39   Shoina is a village drowned up to the waist in sand. Its denizens are quite fatalistic about it, and their only means of protection is leaving their door open for the night, as they can never be "
4498,6267,1.0,1.0,primary,McIntire,WELFake,True,The Clinton email scandal has taken an unexpected twist Friday as Federal Bureau of Investigation Director James Comey notified key members of Congress that the agency will be reopening their investig,The Clinton email scandal has taken an unexpected twist Friday as Federal Bureau of Investigation Director James Comey notified key members of Congress that the agency will be reopening their investig
5128,8002,1.0,1.0,primary,McIntire,WELFake,True,"[Kp note: started writing on 10-29, but posted on 10-30, so I changed the date in the title.]  Not sure what those “things” are yet, but I’m sure they’ll come.  There’s a lot of “something” going on t","[Kp note: started writing on 10-29, but posted on 10-30, so I changed the date in the title.]  Not sure what those “things” are yet, but I’m sure they’ll come.  There’s a lot of “something” going on t"
5107,6658,1.0,0.0,primary,McIntire,WELFake,True,"According to a transition pool report, the media personalities are as follows: NBC News President Deborah Turness; CNN President Jeff Zucker and network...","According to a transition pool report, the media personalities are as follows: NBC News President Deborah Turness; CNN President Jeff Zucker and network..."
4024,8608,1.0,1.0,primary,McIntire,WELFake,True,"It’s extremely lonely being Sarah Palin, lonely at the outer lunatic fringe of the right-wing universe. There are the voices stringing together those non sequiturs in her head, of course, but where ar","It’s extremely lonely being Sarah Palin, lonely at the outer lunatic fringe of the right-wing universe. There are the voices stringing together those non sequiturs in her head, of course, but where ar"
3539,6217,1.0,1.0,primary,McIntire,WELFake,True,"Congressional Democrats are trying to build support for an effort to bar gun purchases by terror suspects, hoping to take advantage of the same public anxieties about security that gave Republicans a ","Congressional Democrats are trying to build support for an effort to bar gun purchases by terror suspects, hoping to take advantage of the same public anxieties about security that gave Republicans a "
3101,6656,1.0,1.0,primary,McIntire,WELFake,True,"A dispatch from RT.com ABOVE: Democratic U.S. presidential candidate Hillary Clinton (L) and Julian Assange, Founder and Editor-in-Chief of WikiLeaks © Reuters / Darthmouth Films Hillary Clinton spark","A dispatch from RT.com ABOVE: Democratic U.S. presidential candidate Hillary Clinton (L) and Julian Assange, Founder and Editor-in-Chief of WikiLeaks © Reuters / Darthmouth Films Hillary Clinton spark"
4397,8453,0.702928870292887,0.9795918367346939,primary,McIntire,WELFake,True,"SouthFront Syrian War Report Leave a Reply 1 Comment on ""Syrian War Report – November 2, 2016: ISIS and Al-Nusra Attempt to Cut Off Govt Supply Line to Aleppo"" Leave a Reply Click here to get more inf",Be the First to Comment! Leave a Reply Click here to get more info on formatting (1) Leave the name field empty if you want to post as Anonymous. It's preferable that you choose a name so it becomes c
5162,6041,1.0,1.0,primary,McIntire,WELFake,True,Political scientists have known for years that political polarization is largely a one-sided phenomenon: in recent decades the Republican Party has moved to the right much faster than Democrats have m,Political scientists have known for years that political polarization is largely a one-sided phenomenon: in recent decades the Republican Party has moved to the right much faster than Democrats have m
4847,6969,1.0,1.0,primary,McIntire,WELFake,True,"The presidential nomination contests are heating up and both parties’ 2016 fields have narrowed. And since it’s also Presidents Day weekend, it’s a good time to consider what voters want in a presiden","The presidential nomination contests are heating up and both parties’ 2016 fields have narrowed. And since it’s also Presidents Day weekend, it’s a good time to consider what voters want in a presiden"
3981,4858,0.8563789152024446,0.9264462809917355,primary,McIntire,McIntire,False,"  WashingtonsBlog  By Robert Parry, the investigative reporter who many of the Iran-Contra stories for The Associated Press and Newsweek in the 1980s. Originally published at Parry’s Consortium News (", Why Trump Won and Why Clinton Lost Hillary Clintons stunning defeat reflected a gross misjudgment by the Democratic Party about the depth of populist anger against self-serving elites who have treat
3257,5303,1.0,1.0,primary,McIntire,McIntire,False,X Dear Reader! VDARE.com isn’t just a website. We are the voice of the Historic American Nation . Our goal is nothing less than to develop a full spectrum media network to speak up for our people duri,X Dear Reader! VDARE.com isn’t just a website. We are the voice of the Historic American Nation . Our goal is nothing less than to develop a full spectrum media network to speak up for our people duri
4859,7985,0.7493472584856397,1.0,primary,McIntire,WELFake,True,"March 2, 2016: Zika PAYDAY! Obama wants to funnel $1.8 billion for vaccine research and more  I even published a mini-documentary revealing the published science that shows how DEET insecticide causes","Site Map  Select Page After terrorizing America with Zika scaremongering, Washington Post now admits Zika virus doesn’t cause brain deformities after all  Posted by Madeline | Oct 26, 2016 | 2016 , Da"
3468,5761,1.0,1.0,primary,McIntire,WELFake,True,"November 11, 2016 Trump: Israel is a ray of hope to the world  Just two days after his stunning election victory, President-elect Donald Trump delivered a message to Israel, describing his personal af","November 11, 2016 Trump: Israel is a ray of hope to the world  Just two days after his stunning election victory, President-elect Donald Trump delivered a message to Israel, describing his personal af"
5363,7774,1.0,1.0,primary,McIntire,WELFake,True,"It’s no secret that Obama and his puppets are doing everything they possibly can to rig the election against Trump. Positive Trump polls are coming all the time, so it’s all hands on deck from the Dem","It’s no secret that Obama and his puppets are doing everything they possibly can to rig the election against Trump. Positive Trump polls are coming all the time, so it’s all hands on deck from the Dem"
3011,8572,1.0,1.0,primary,McIntire,WELFake,True,U.S. intelligence officials on Wednesday released a trove of documents recovered during the 2011 raid on Usama bin Laden's compound -- offering a rare window into the operations of Al Qaeda and bin La,U.S. intelligence officials on Wednesday released a trove of documents recovered during the 2011 raid on Usama bin Laden's compound -- offering a rare window into the operations of Al Qaeda and bin La
5435,8144,1.0,1.0,primary,McIntire,WELFake,True,"The Hill – by Don Rosenburg  I always cared about the immigration issue, even before my son was killed. As a 30-year resident of southern California, I’d been noticing for years the extent to which co","The Hill – by Don Rosenburg  I always cared about the immigration issue, even before my son was killed. As a 30-year resident of southern California, I’d been noticing for years the extent to which co"
3080,6313,0.9285714285714286,1.0,primary,McIntire,WELFake,True,Notify me of follow-up comments by email. Notify me of new posts by email. PLEASE DONATE TO KEEP BARE NAKED ISLAM UP AND RUNNING. Choose DONATE for one-time donation or SUBSCRIBE for monthly donations,Notify me of follow-up comments by email. Notify me of new posts by email. PLEASE DONATE TO KEEP BARE NAKED ISLAM UP AND RUNNING. Choose DONATE for one-time donation or SUBSCRIBE for monthly donations
5484,7273,1.0,1.0,primary,McIntire,WELFake,True,"Humans Came Out Of Australia Not Africa By DailyBellStaff - November 05, 2016  … Man searching for toilet in Australia’s outback makes astounding discovery of 49,000-year-old human settlement … Archae","Humans Came Out Of Australia Not Africa By DailyBellStaff - November 05, 2016  … Man searching for toilet in Australia’s outback makes astounding discovery of 49,000-year-old human settlement … Archae"
4126,8353,1.0,1.0,primary,McIntire,WELFake,True,"By Jacob Devaney / upliftconnect.com  Overwhelm is a constant state of being for many of us, but it doesn’t need to be. Most of us are under a deluge of responsibilities like running errands, respondi","By Jacob Devaney / upliftconnect.com  Overwhelm is a constant state of being for many of us, but it doesn’t need to be. Most of us are under a deluge of responsibilities like running errands, respondi"
3572,6222,1.0,1.0,primary,McIntire,WELFake,True,"John White may be the silver-tongued boy wonder of the school reform movement, lauded for his political acumen and often mentioned as a future U.S. secretary of education. But last fall, Louisiana’s w","John White may be the silver-tongued boy wonder of the school reform movement, lauded for his political acumen and often mentioned as a future U.S. secretary of education. But last fall, Louisiana’s w"
4179,6652,1.0,1.0,primary,McIntire,WELFake,True,"Over the last few weeks, the news for Scott Walker's presidential campaign has been getting grimmer and grimmer:  The last of those points above is particularly ominous. Word of money problems often s","Over the last few weeks, the news for Scott Walker's presidential campaign has been getting grimmer and grimmer:  The last of those points above is particularly ominous. Word of money problems often s"
5113,7603,1.0,1.0,primary,McIntire,WELFake,True,"BREAKING : Hillary Campaign Manager Deletes his Entire Twitter Timeline BREAKING : Hillary Campaign Manager Deletes his Entire Twitter Timeline Breaking News By Amy Moreno October 28, 2016  The Hillar","BREAKING : Hillary Campaign Manager Deletes his Entire Twitter Timeline BREAKING : Hillary Campaign Manager Deletes his Entire Twitter Timeline Breaking News By Amy Moreno October 28, 2016  The Hillar"
4072,7047,1.0,1.0,primary,McIntire,WELFake,True,"Is Trump winning? The future of America depends on a few states 09.11.2016 | Source: AP photo Republican Donald Trump has 95 percent of chances to become the next US president, The New York Times wrot","Is Trump winning? The future of America depends on a few states 09.11.2016 | Source: AP photo Republican Donald Trump has 95 percent of chances to become the next US president, The New York Times wrot"
3080,7876,1.0,1.0,primary,McIntire,WELFake,True,Notify me of follow-up comments by email. Notify me of new posts by email. PLEASE DONATE TO KEEP BARE NAKED ISLAM UP AND RUNNING. Choose DONATE for one-time donation or SUBSCRIBE for monthly donations,Notify me of follow-up comments by email. Notify me of new posts by email. PLEASE DONATE TO KEEP BARE NAKED ISLAM UP AND RUNNING. Choose DONATE for one-time donation or SUBSCRIBE for monthly donations
4763,6443,0.9394806338028169,0.9702272727272727,primary,McIntire,WELFake,True,"This time it's true no pantsTweetwave More Of Anthony Weiner's Greatest Hits Users browsing this forum: No registered users and 13 guests Display posts from previous: Powered by phpBB © 2000, 2002, 20","In Hillary's America, email server scrubs you  Obama transfers his Nobel Peace Prize to anti-Trump rioters  Democrats blame Hillary's criminal e-mail server for her loss, demand it face prison  Afraid"
3054,6911,1.0,1.0,primary,McIntire,WELFake,True,Taming the corporate media beast Biden Doesn't Stand a Chance. Clinton's Secretary of State Will Be Vicky Nuland Originally appeared at The American Conservative  Joe Biden is reportedly being conside,Taming the corporate media beast Biden Doesn't Stand a Chance. Clinton's Secretary of State Will Be Vicky Nuland Originally appeared at The American Conservative  Joe Biden is reportedly being conside
5368,7825,1.0,1.0,primary,McIntire,WELFake,True,"Videos 30 Civilians Die In US Airstrike Called ‘To Protect US and Afghan troops’ Attack in Kunduz came after two US service members were killed and had been aimed at breaking siege/ | November 4, 2016","Videos 30 Civilians Die In US Airstrike Called ‘To Protect US and Afghan troops’ Attack in Kunduz came after two US service members were killed and had been aimed at breaking siege/ | November 4, 2016"
5266,6892,1.0,1.0,primary,McIntire,WELFake,True,Panic has set in across the world as anti-establishment candidate Donald Trump looks to be set to take the Presidency of the United States. Dow Jones futures are down 754 points as of this writing.  G,Panic has set in across the world as anti-establishment candidate Donald Trump looks to be set to take the Presidency of the United States. Dow Jones futures are down 754 points as of this writing.  G
5003,6289,1.0,1.0,primary,McIntire,WELFake,True,"U.S. Flag Flies Over Embassy In Cuba For First Time In 54 Years  Updated at 11:25 a.m. ET  Secretary of State John Kerry presided over a ceremony reopening the U.S. Embassy in Havana, including a flag","U.S. Flag Flies Over Embassy In Cuba For First Time In 54 Years  Updated at 11:25 a.m. ET  Secretary of State John Kerry presided over a ceremony reopening the U.S. Embassy in Havana, including a flag"
3866,6434,1.0,1.0,primary,McIntire,WELFake,True,"By Paul Craig Roberts on November 9, 2016 If only Trump could exile the lot of them. They are anti-American to the core.  by Paul Craig Roberts  The American electorate’s preference for Donald Trump a","By Paul Craig Roberts on November 9, 2016 If only Trump could exile the lot of them. They are anti-American to the core.  by Paul Craig Roberts  The American electorate’s preference for Donald Trump a"
2908,6838,1.0,1.0,primary,McIntire,WELFake,True,"To share the high costs of covering the presidential campaign of Hillary Clinton, more than a dozen news organizations banded together to form a press pool — essentially a collaborative in which repor","To share the high costs of covering the presidential campaign of Hillary Clinton, more than a dozen news organizations banded together to form a press pool — essentially a collaborative in which repor"
5720,7354,1.0,1.0,primary,McIntire,WELFake,True,"Posted on October 28, 2016 by Jay Syrmopoulos  Portland, OR – The group of men who seized the Malheur National Wildlife Refuge , in rural Oregon were found not guilty late Thursday, vindicating brothe","Posted on October 28, 2016 by Jay Syrmopoulos  Portland, OR – The group of men who seized the Malheur National Wildlife Refuge , in rural Oregon were found not guilty late Thursday, vindicating brothe"
4770,5794,0.9855072463768116,0.9927007299270073,primary,McIntire,WELFake,True,"41   Shoina is a village drowned up to the waist in sand. Its denizens are quite fatalistic about it, and their only means of protection is leaving their door open for the night, as they can never be ","39   Shoina is a village drowned up to the waist in sand. Its denizens are quite fatalistic about it, and their only means of protection is leaving their door open for the night, as they can never be "
4212,7858,1.0,1.0,primary,McIntire,WELFake,True,"The Greatest Name shall do its things, O heart, be of good cheer For by wile and guile the demon shall never become Solomon.  ~ Hafiz  In 2014, a former, estranged disciple of Seyyed Hossein Nasr’s — ","The Greatest Name shall do its things, O heart, be of good cheer For by wile and guile the demon shall never become Solomon.  ~ Hafiz  In 2014, a former, estranged disciple of Seyyed Hossein Nasr’s — "
5247,7921,1.0,1.0,primary,McIntire,WELFake,True,"Saker Message: No current Saker messages. Russia celebrates a Unity Day of liberation of Moscow from the Polish Roman Papists army in 1612 273 Views November 05, 2016 No Comments Scotts Corner Scott  ","Saker Message: No current Saker messages. Russia celebrates a Unity Day of liberation of Moscow from the Polish Roman Papists army in 1612 273 Views November 05, 2016 No Comments Scotts Corner Scott  "
3406,4859,0.7493472584856397,1.0,primary,McIntire,McIntire,False,"Site Map  Select Page After terrorizing America with Zika scaremongering, Washington Post now admits Zika virus doesn’t cause brain deformities after all  Posted by Madeline | Oct 26, 2016 | 2016 , Da","March 2, 2016: Zika PAYDAY! Obama wants to funnel $1.8 billion for vaccine research and more  I even published a mini-documentary revealing the published science that shows how DEET insecticide causes"
3149,4281,0.968299711815562,0.9970326409495549,primary,McIntire,McIntire,False,Leave a Reply Click here to get more info on formatting (1) Leave the name field empty if you want to post as Anonymous. It's preferable that you choose a name so it becomes clear who said what. E-mai,"1 Comment on ""How the election battle shapes up"" Leave a Reply Click here to get more info on formatting (1) Leave the name field empty if you want to post as Anonymous. It's preferable that you choos"
4458,8394,1.0,1.0,primary,McIntire,WELFake,True,"Frida Ghitis is a world affairs columnist for The Miami Herald and World Politics Review, and a former CNN producer and correspondent. Follow her @FridaGhitis . The opinions expressed in this commenta","Frida Ghitis is a world affairs columnist for The Miami Herald and World Politics Review, and a former CNN producer and correspondent. Follow her @FridaGhitis . The opinions expressed in this commenta"
4795,7252,1.0,1.0,primary,McIntire,WELFake,True,"Donald Trump won GOP primaries in seven states and Sen. Ted Cruz took three in a Super Tuesday rebound, sparking renewed calls from some Republicans to unify around a single Trump rival as the billion","Donald Trump won GOP primaries in seven states and Sen. Ted Cruz took three in a Super Tuesday rebound, sparking renewed calls from some Republicans to unify around a single Trump rival as the billion"
4063,7473,1.0,1.0,primary,McIntire,WELFake,True,"Hillary Already Planning Fireworks for Victory Celebration November 1, 2016  People of the United States, your royal family .  Law enforcement officials and the FDNY have been told to prepare for a ba","Hillary Already Planning Fireworks for Victory Celebration November 1, 2016  People of the United States, your royal family .  Law enforcement officials and the FDNY have been told to prepare for a ba"
5467,8593,1.0,1.0,primary,McIntire,WELFake,True,"Little-Loved by Scholars, Trump Also Gets Little of Their Cash Peter Olsen-Phillips, Chronicle of Higher Education, November 7, 2016  It’s no secret that campaign contributions from higher education h","Little-Loved by Scholars, Trump Also Gets Little of Their Cash Peter Olsen-Phillips, Chronicle of Higher Education, November 7, 2016  It’s no secret that campaign contributions from higher education h"
5273,8471,1.0,1.0,primary,McIntire,WELFake,True,"Archives Michael On Television 22 Reasons Why Starting World War 3 In The Middle East Is A Really Bad Idea By Michael Snyder, on August 27th, 2013  While most of the country is obsessing over Miley Cy","Archives Michael On Television 22 Reasons Why Starting World War 3 In The Middle East Is A Really Bad Idea By Michael Snyder, on August 27th, 2013  While most of the country is obsessing over Miley Cy"
3925,5800,1.0,1.0,primary,McIntire,WELFake,True,"Massive “Hillary For Prison” sign held up at World Series game 5 infuriates liberals See what made liberals so mad By Staff Writer - October 31, 2016 ( INTELLIHUB ) — A massive “ Hillary For Prison ” ","Massive “Hillary For Prison” sign held up at World Series game 5 infuriates liberals See what made liberals so mad By Staff Writer - October 31, 2016 ( INTELLIHUB ) — A massive “ Hillary For Prison ” "
4876,8372,1.0,1.0,primary,McIntire,WELFake,True,"Hillary Clinton and Bernie Sanders, meeting Thursday night for their last debate before the New Hampshire primary, squared off fiercely on the question of whether the party should strive toward its li","Hillary Clinton and Bernie Sanders, meeting Thursday night for their last debate before the New Hampshire primary, squared off fiercely on the question of whether the party should strive toward its li"
5309,8659,1.0,1.0,primary,McIntire,WELFake,True,"Shouts of ‘Not my president!’ in California, following Trump victory 11/09/2016  PBS  Moments after Donald Trump’s stunning victory over Hillary Clinton for the White House, protests erupted in Califo","Shouts of ‘Not my president!’ in California, following Trump victory 11/09/2016  PBS  Moments after Donald Trump’s stunning victory over Hillary Clinton for the White House, protests erupted in Califo"
4246,7957,0.8415300546448088,0.927710843373494,primary,McIntire,WELFake,True,"Previous 18 State Swat Team Drill In Prep for Backlash Against a Stolen Election  Paul Martin, through his sources has learned of an 18 state Swat Team Drill. The drill is exceptionally covert but The","  Paul Martin, through his sources has learned of an 18 state Swat Team Drill. The drill is exceptionally covert but The Common Sense Show has learned that the intent of the drill is centralize and co"
3677,6247,1.0,1.0,primary,McIntire,WELFake,True,"— Kaydee King (@KaydeeKing) November 9, 2016 The lesson from tonight's Dem losses: Time for Democrats to start listening to the voters. Stop running the same establishment candidates.  — People For Be","— Kaydee King (@KaydeeKing) November 9, 2016 The lesson from tonight's Dem losses: Time for Democrats to start listening to the voters. Stop running the same establishment candidates.  — People For Be"
3570,5217,1.0,1.0,primary,McIntire,McIntire,False,"*Sent:* Tuesday, August 11, 2015 6:00 PM *To:* Kendall, David *Subject:* Hi again from AP (inquiry about thumb drive)  Hi David,  We have been told, and we are preparing to report, that the FBI has ta","*Sent:* Tuesday, August 11, 2015 6:00 PM *To:* Kendall, David *Subject:* Hi again from AP (inquiry about thumb drive) Hi David, We have been told, and we are preparing to report, that the FBI has take"
3124,6061,1.0,1.0,primary,McIntire,WELFake,True,"in World — by Mirza Yawar Baig — November 10, 2016  Whew! Finally, the charade is over. Donald Trump is now the President of the United States of America. What does that mean? It means that Simpsons p","in World — by Mirza Yawar Baig — November 10, 2016  Whew! Finally, the charade is over. Donald Trump is now the President of the United States of America. What does that mean? It means that Simpsons p"
3149,4397,0.711864406779661,0.9970326409495549,primary,McIntire,McIntire,False,Leave a Reply Click here to get more info on formatting (1) Leave the name field empty if you want to post as Anonymous. It's preferable that you choose a name so it becomes clear who said what. E-mai,"SouthFront Syrian War Report Leave a Reply 1 Comment on ""Syrian War Report – November 2, 2016: ISIS and Al-Nusra Attempt to Cut Off Govt Supply Line to Aleppo"" Leave a Reply Click here to get more inf"
4763,5345,0.9706818181818182,1.0,primary,McIntire,McIntire,False,"This time it's true no pantsTweetwave More Of Anthony Weiner's Greatest Hits Users browsing this forum: No registered users and 13 guests Display posts from previous: Powered by phpBB © 2000, 2002, 20","Channel list  Following hurricane Matthew's failure to devastate Florida, activists flock to the Sunshine State and destroy Trump signs manually  Tim Kaine takes credit for interrupting hurricane Matt"
3828,7193,1.0,1.0,primary,McIntire,WELFake,True,"Nestle seeks more groundwater to expand Michigan plant They're putting profits over people - and the environment - yet again By Julie Fidler - November 9, 2016  The state of Michigan has given a preli","Nestle seeks more groundwater to expand Michigan plant They're putting profits over people - and the environment - yet again By Julie Fidler - November 9, 2016  The state of Michigan has given a preli"
2932,7562,1.0,1.0,primary,McIntire,WELFake,True,"Top 5 unusual tragic deaths on sets # Top5darkests 0  Over the years, conspiracies and theories of paranormal activity on movie sets has grown. With a large amount of horror productions having unfortu","Top 5 unusual tragic deaths on sets # Top5darkests 0  Over the years, conspiracies and theories of paranormal activity on movie sets has grown. With a large amount of horror productions having unfortu"
3406,7985,1.0,1.0,primary,McIntire,WELFake,True,"Site Map  Select Page After terrorizing America with Zika scaremongering, Washington Post now admits Zika virus doesn’t cause brain deformities after all  Posted by Madeline | Oct 26, 2016 | 2016 , Da","Site Map  Select Page After terrorizing America with Zika scaremongering, Washington Post now admits Zika virus doesn’t cause brain deformities after all  Posted by Madeline | Oct 26, 2016 | 2016 , Da"
3248,7947,1.0,1.0,primary,McIntire,WELFake,True,Facebook is being accused of fiddling with its formulas to suppress conservative news.  That’s what some unnamed former Facebook contractors told the tech site Gizmodo—and it’s an accusation that stri,Facebook is being accused of fiddling with its formulas to suppress conservative news.  That’s what some unnamed former Facebook contractors told the tech site Gizmodo—and it’s an accusation that stri
4103,6094,1.0,1.0,primary,McIntire,WELFake,True,"Homeless man looking a bit down today for some reason 27-10-16 A HOMELESS man who is usually upbeat seems a bit down today and no one’s quite sure why. Bill McKay, 56, usually sings Born in the USA wh","Homeless man looking a bit down today for some reason 27-10-16 A HOMELESS man who is usually upbeat seems a bit down today and no one’s quite sure why. Bill McKay, 56, usually sings Born in the USA wh"
5635,8037,1.0,1.0,primary,McIntire,WELFake,True,"2 Reminders to Ignore the ""Trump is Doomed"" Polls    We've recently had two object lessons in the worthlessness of the ""Trump is Doomed"" polling saga. A few days ago, the media was loudly trumpeting t","2 Reminders to Ignore the ""Trump is Doomed"" Polls    We've recently had two object lessons in the worthlessness of the ""Trump is Doomed"" polling saga. A few days ago, the media was loudly trumpeting t"
3290,8029,1.0,1.0,primary,McIntire,WELFake,True,"November 3, 2016 - Fort Russ News -  RusVesna - translated by J. Arnoldski -     On October 27th, 2016, as a result of joint operative-investigative activities between Russian and Turkish intelligence","November 3, 2016 - Fort Russ News -  RusVesna - translated by J. Arnoldski -     On October 27th, 2016, as a result of joint operative-investigative activities between Russian and Turkish intelligence"
5703,8010,1.0,1.0,primary,McIntire,WELFake,True,"YouTube censoring videos – on censorship! share in: Education , Google , Journalism YouTube has yet again censored another educational video from Prager University. The content of the banned video? Cr","YouTube censoring videos – on censorship! share in: Education , Google , Journalism YouTube has yet again censored another educational video from Prager University. The content of the banned video? Cr"
3705,6587,1.0,1.0,primary,McIntire,WELFake,True,"Food mixology: When eaten together, these foods can boost health    Isabelle Z. Tags: nutrients , food pairings , turmeric (NaturalNews) If you are making a conscious effort to eat nutritious food, yo","Food mixology: When eaten together, these foods can boost health    Isabelle Z. Tags: nutrients , food pairings , turmeric (NaturalNews) If you are making a conscious effort to eat nutritious food, yo"
5247,7003,0.41739130434782606,0.9970326409495549,primary,McIntire,WELFake,True,"Saker Message: No current Saker messages. Russia celebrates a Unity Day of liberation of Moscow from the Polish Roman Papists army in 1612 273 Views November 05, 2016 No Comments Scotts Corner Scott  ",Leave a Reply Click here to get more info on formatting (1) Leave the name field empty if you want to post as Anonymous. It's preferable that you choose a name so it becomes clear who said what. E-mai
4281,4397,0.6985446985446986,0.9710982658959537,primary,McIntire,McIntire,False,"1 Comment on ""How the election battle shapes up"" Leave a Reply Click here to get more info on formatting (1) Leave the name field empty if you want to post as Anonymous. It's preferable that you choos","SouthFront Syrian War Report Leave a Reply 1 Comment on ""Syrian War Report – November 2, 2016: ISIS and Al-Nusra Attempt to Cut Off Govt Supply Line to Aleppo"" Leave a Reply Click here to get more inf"
3540,8176,1.0,1.0,primary,McIntire,WELFake,True,"October 31, 2016 White House Press Secretary Josh Earnest tells the press that President Obama stands with Director Comey.  President Obama made it clear today that he doesn’t stand with Hillary Clint","October 31, 2016 White House Press Secretary Josh Earnest tells the press that President Obama stands with Director Comey.  President Obama made it clear today that he doesn’t stand with Hillary Clint"
4405,5613,0.8807157057654076,0.9365750528541226,primary,McIntire,McIntire,False,Email  Julian Assange claims that Hillary Clinton’s campaign used hackers to attack WikiLeaks’ servers. WikiLeaks’ editor-in-chief says that despite the Ecuadorian embassy shutting down its internet t,"  Edmondo Burr in News , World // 0 Comments Julian Assange claims that Hillary Clinton’s campaign used hackers to attack WikiLeaks’ servers.  WikiLeaks’ editor-in-chief says that despite the Ecuadori"
5012,6291,1.0,1.0,primary,McIntire,WELFake,True,"The family of Michael Brown will file a civil lawsuit against the city of Ferguson, Missouri, and former Ferguson Police Officer Darren Wilson, an attorney for the family announced Thursday.  The news","The family of Michael Brown will file a civil lawsuit against the city of Ferguson, Missouri, and former Ferguson Police Officer Darren Wilson, an attorney for the family announced Thursday.  The news"
3335,4137,0.8934306569343066,0.9473684210526315,primary,McIntire,McIntire,False,"Blame Government, Not Markets, for Monopoly Written by Ron Paul Email  When Time-Warner announced it planned to merge with another major communications firm, many feared the new company would exercise","Email  When Time-Warner announced it planned to merge with another major communications firm, many feared the new company would exercise near-total monopoly power. These concerns led some to call for "
5032,5878,1.0,1.0,primary,McIntire,WELFake,True,"Donald Trump, in an extensive interview with Fox News’ Megyn Kelly, responded to critics of his barbed campaign style by saying he never would have been successful in the primary race if he had acted ","Donald Trump, in an extensive interview with Fox News’ Megyn Kelly, responded to critics of his barbed campaign style by saying he never would have been successful in the primary race if he had acted "
4612,6213,1.0,1.0,primary,McIntire,WELFake,True,"Donald Trump is a proud man. He rarely admits that he's wrong. He even said, at one point in this campaign, ""A lot of times, when you apologize, they use it as ammunition against [you].""  But Donald T","Donald Trump is a proud man. He rarely admits that he's wrong. He even said, at one point in this campaign, ""A lot of times, when you apologize, they use it as ammunition against [you].""  But Donald T"
4354,7257,1.0,1.0,primary,McIntire,WELFake,True,"Voting started in the wee hours of Tuesday in New Hampshire's first-in-the-nation primary.  In Dixville Notch, residents did their traditional first voting just after midnight, bringing smiles to the ","Voting started in the wee hours of Tuesday in New Hampshire's first-in-the-nation primary.  In Dixville Notch, residents did their traditional first voting just after midnight, bringing smiles to the "
3823,5900,1.0,1.0,primary,McIntire,WELFake,True,"We’ll get to the GOP debate momentarily. But first, a word about the Republicans’ odyssey and oddity this past year.  Welcome to the most volatile Republican presidential race in modern times. The upp","We’ll get to the GOP debate momentarily. But first, a word about the Republicans’ odyssey and oddity this past year.  Welcome to the most volatile Republican presidential race in modern times. The upp"
5089,7544,1.0,1.0,primary,McIntire,WELFake,True,"The shadowy terrorist believed to have made the explosives used in Tuesday's attacks in Brussels and the November massacre in Paris was one of two suicide bombers who died at Zaventem Airport, sources","The shadowy terrorist believed to have made the explosives used in Tuesday's attacks in Brussels and the November massacre in Paris was one of two suicide bombers who died at Zaventem Airport, sources"
3628,7372,1.0,1.0,primary,McIntire,WELFake,True,"Many older physical trainers, and even those younger ones who were proteges of the older men, will tell the trainee that there is an inverse correlation between strength and speed—that being too big a","Many older physical trainers, and even those younger ones who were proteges of the older men, will tell the trainee that there is an inverse correlation between strength and speed—that being too big a"
3787,6880,0.8742138364779874,0.9337811900191939,primary,McIntire,WELFake,True,"Leave a reply  Selwyn Duke – Sex crimes with children, child exploitation, money laundering, perjury, and pay to play, reads the partial list of crimes that, say New York City Police Department source","Email  Sex crimes with children, child exploitation, money laundering, perjury, and pay to play, reads the partial list of crimes that, claim New York City Police Department sources, could “put Hillar"
3826,8269,0.7689367616400278,0.9133305819232357,primary,McIntire,WELFake,True,"Selling ‘Regime Change’ Wars to the Masses October 28, 2016  Propaganda is now such a pervasive part of Western governance that any foreign leader who resists the prevailing power structure can be tur","Photo by Diego Torres Silvestre | CC BY 2.0   The American journalist, Edward Bernays, is often described as the man who invented modern propaganda.  The nephew of Sigmund Freud, the pioneer of psycho"
4971,6258,1.0,1.0,primary,McIntire,WELFake,True,The ‘Two-Party Racket’ Is Incapable of Dealing With Our Present Crises   Ian Sane / (CC-BY-2.0)  “Indications that Clinton is heading towards a solid win” might suggest that 2016 is “the safest year e,The ‘Two-Party Racket’ Is Incapable of Dealing With Our Present Crises   Ian Sane / (CC-BY-2.0)  “Indications that Clinton is heading towards a solid win” might suggest that 2016 is “the safest year e
3456,6390,1.0,1.0,primary,McIntire,WELFake,True,"“ We are closely monitoring the situation around Mosul. So far we see no substantial progress in liberating this city from the terrorists of ISIS ,” he added, referring to the terrorist organization I","“ We are closely monitoring the situation around Mosul. So far we see no substantial progress in liberating this city from the terrorists of ISIS ,” he added, referring to the terrorist organization I"
5378,6265,0.8640776699029126,0.9270833333333334,primary,McIntire,WELFake,True,"Originally appeared at Strategic Culture Foundation  Both inside the US and around the world, political observers have been waiting a long time for an election that would promise relief from the most "," David Kerans Strategic CultureBoth inside the US and around the world, political observers have been waiting a long time for an election that would promise relief from the most noxious features of th"
3574,4065,0.900990099009901,0.9479166666666666,primary,McIntire,McIntire,False,"WHAT WILL Donald Trump do if he loses the elections in a week and a half from now, as most polls indicate?  He has already declared that he will recognize the results -- but only if he wins.  That sou","What will Donald Trump do if he loses the elections in a week and a half from now, as most polls indicate?  He has already declared that he will recognize the results – but only if he wins.  That soun"
5141,5416,0.6416666666666667,0.850828729281768,sensitivity,McIntire,McIntire,False,"November 1, 2016 Pope Francis Commemorates 500th Anniversary Of Protestant Reformation  Pope Francis is in Sweden to kick off the commemoration of 500 years since the Protestant Reformation. The refor","October 26, 2016 LDS Church’s new ‘Mormon and Gay’ website wins cheers and some jeers for ignoring controversial policy Much has changed for gays and lesbians since 2012 in the U.S. and many parts of "
3101,4067,0.6215080346106304,0.8704986149584487,sensitivity,McIntire,McIntire,False,"A dispatch from RT.com ABOVE: Democratic U.S. presidential candidate Hillary Clinton (L) and Julian Assange, Founder and Editor-in-Chief of WikiLeaks © Reuters / Darthmouth Films Hillary Clinton spark","Secrets of the US Election: Assange Talks to Pilger November 5, 2016  WikiLeaks founder Julian Assange denies the Russian government was the source of leaked emails about Hillary Clinton and says her "
6968,7310,0.625,0.7731958762886598,sensitivity,WELFake,WELFake,False,"Tune in to the Alternate Current Radio Network (ACR) for another LIVE broadcast of  The Boiler Room  tonight 6:00 PM PST | 8:00 PM CST | 9:00 PM EST for this special broadcast. Join us for uncensored,","Tune in to the Alternate Current Radio Network (ACR) for another LIVE broadcast of  The Boiler Room tonight 6:00 PM PST | 8:00 PM CST | 9:00 PM EST for this special broadcast. Join us for uncensored, "
4865,8663,0.71875,0.0,sensitivity,McIntire,WELFake,True,"Next Story → Judge Judy LOSES IT on Hood Rat: “You Sound Stupid! You’re 19-Yrs-Old, You Have a 2-Yr-Old Child, a Dead Boyfriend…” You may also like...","Videos New Posts Judge Judy LOSES IT on Hood Rat: “You Sound Stupid! You’re 19-Yrs-Old, You Have a 2-Yr-Old Child, a Dead Boyfriend…”"
4003,6285,0.8518518518518519,0.92,sensitivity,McIntire,WELFake,True,"Notify me of follow-up comments by email. Notify me of new posts by email. Security Question: What is 13 + 12 ? Please leave these two fields as-is: IMPORTANT! To be able to proceed, you need to solve","Notify me of follow-up comments by email. Notify me of new posts by email. Security Question: What is 4 + 2 ? Please leave these two fields as-is: IMPORTANT! To be able to proceed, you need to solve t"
3789,3826,0.7383922383922384,0.8805785123966943,sensitivity,McIntire,McIntire,False,"John Pilger: Inside The Invisible Government: War, Propaganda, Clinton And Trump    The American journalist, Edward Bernays, is often described as the man who invented modern propaganda.  The nephew o","Selling ‘Regime Change’ Wars to the Masses October 28, 2016  Propaganda is now such a pervasive part of Western governance that any foreign leader who resists the prevailing power structure can be tur"
4003,4703,0.8518518518518519,0.92,sensitivity,McIntire,McIntire,False,"Notify me of follow-up comments by email. Notify me of new posts by email. Security Question: What is 13 + 12 ? Please leave these two fields as-is: IMPORTANT! To be able to proceed, you need to solve","Notify me of follow-up comments by email. Notify me of new posts by email. Security Question: What is 14 + 5 ? Please leave these two fields as-is: IMPORTANT! To be able to proceed, you need to solve "
4208,4326,0.5252100840336135,0.7575757575757576,sensitivity,McIntire,McIntire,False,"Hillary Responds To Creepy Joe Biden Caught Groping Dozens of Young Women Also, Michelle Obama hosts an event for rappers who promote rape Alex Jones | Infowars.com - October 28, 2016 Comments  As if ","Back Story Of FBI’s Hillary Cover-Up FBI corruption exposed Infowars Nightly News - October 28, 2016 Comments  Angry law enforcement investigators are talking about corruption at the top of the FBI’s "
3678,5655,0.5554862842892768,0.8830525272547076,sensitivity,McIntire,McIntire,False,"Posted on October 30, 2016 by Dr. Eowyn | 12 Comments  On Friday, FBI Director James Comey informed Congress that the agency is re-opening its criminal investigation of Hillary Clinton’s unsecured and","  Since 2011, VNN has operated as part of the Veterans Today Network ; a group that operates over 50 plus media, information and service online sites for U.S. Military Veterans. Democrats should ask C"
4067,5490,0.7514191813564386,0.8708448753462604,sensitivity,McIntire,McIntire,False,"Secrets of the US Election: Assange Talks to Pilger November 5, 2016  WikiLeaks founder Julian Assange denies the Russian government was the source of leaked emails about Hillary Clinton and says her ","By wmw_admin on November 6, 2016 Darkmoon — Nov 6, 2016 RT : “Whistleblower Julian Assange has given one of his most incendiary interviews ever in a John Pilger Special [released late yesterday] court"
3496,4326,0.6097560975609756,0.7575757575757576,sensitivity,McIntire,McIntire,False,"Trump Votes Are Being Flipped To Clinton There have already been multiple reports of faulty electronic voting machines The Alex Jones Show - October 28, 2016 Comments  The election fraud is already be","Back Story Of FBI’s Hillary Cover-Up FBI corruption exposed Infowars Nightly News - October 28, 2016 Comments  Angry law enforcement investigators are talking about corruption at the top of the FBI’s "
4977,5023,0.6206896551724138,0.8901098901098901,sensitivity,McIntire,McIntire,False,Home › POLICE STATE › HOMESCHOOL FAMILIES TARGETED IN DISTRICT’S ‘OPERATION ROUND UP’ HOMESCHOOL FAMILIES TARGETED IN DISTRICT’S ‘OPERATION ROUND UP’ 0 SHARES  [10/31/16] A public school official in F,Off the Grid News – by Daniel Jennings  A public school official in Florida has urged citizens to fight truancy by reporting any children they suspect might not be in school or being educated — includ
4381,5379,0.8518518518518519,0.92,sensitivity,McIntire,McIntire,False,"Notify me of follow-up comments by email. Notify me of new posts by email. Security Question: What is 15 + 14 ? Please leave these two fields as-is: IMPORTANT! To be able to proceed, you need to solve","Notify me of follow-up comments by email. Notify me of new posts by email. Security Question: What is 5 + 13 ? Please leave these two fields as-is: IMPORTANT! To be able to proceed, you need to solve "
3101,5490,0.6600049962528104,0.8883658372562205,sensitivity,McIntire,McIntire,False,"A dispatch from RT.com ABOVE: Democratic U.S. presidential candidate Hillary Clinton (L) and Julian Assange, Founder and Editor-in-Chief of WikiLeaks © Reuters / Darthmouth Films Hillary Clinton spark","By wmw_admin on November 6, 2016 Darkmoon — Nov 6, 2016 RT : “Whistleblower Julian Assange has given one of his most incendiary interviews ever in a John Pilger Special [released late yesterday] court"
4709,5716,0.6171079429735234,0.907185628742515,sensitivity,McIntire,McIntire,False,US abstains from UN vote calling for end to Cuban embargo US abstains from UN vote calling for end to Cuban embargo By 0 94  The US government abstained from the UN vote on a resolution calling for an,"US abstains from UN vote calling for end to Cuban embargo Published time: 26 Oct, 2016 21:10 Get short URL U.S. President Barack Obama and Cuban President Raul Castro gesture after a news conference a"
3496,4828,0.5065502183406113,0.703030303030303,sensitivity,McIntire,McIntire,False,"Trump Votes Are Being Flipped To Clinton There have already been multiple reports of faulty electronic voting machines The Alex Jones Show - October 28, 2016 Comments  The election fraud is already be","Clinton Camp Desperate, Russia Trains for WWIII US media not letting the public know how tense Russia situation really is Infowars Nightly News    Russia is training millions domestically for WWIII, t"
3496,4208,0.5252100840336135,0.7575757575757576,sensitivity,McIntire,McIntire,False,"Trump Votes Are Being Flipped To Clinton There have already been multiple reports of faulty electronic voting machines The Alex Jones Show - October 28, 2016 Comments  The election fraud is already be","Hillary Responds To Creepy Joe Biden Caught Groping Dozens of Young Women Also, Michelle Obama hosts an event for rappers who promote rape Alex Jones | Infowars.com - October 28, 2016 Comments  As if "
4003,4381,0.8518518518518519,0.92,sensitivity,McIntire,McIntire,False,"Notify me of follow-up comments by email. Notify me of new posts by email. Security Question: What is 13 + 12 ? Please leave these two fields as-is: IMPORTANT! To be able to proceed, you need to solve","Notify me of follow-up comments by email. Notify me of new posts by email. Security Question: What is 15 + 14 ? Please leave these two fields as-is: IMPORTANT! To be able to proceed, you need to solve"
3496,5488,0.628140703517588,0.7861635220125787,sensitivity,McIntire,McIntire,False,"Trump Votes Are Being Flipped To Clinton There have already been multiple reports of faulty electronic voting machines The Alex Jones Show - October 28, 2016 Comments  The election fraud is already be","This Viral Video Has Hillary Running Scared The wildest campaign ad you will ever see! Infowars.com - October 28, 2016 Comments  Share this video on YouTube and Facebook to join the fight and support "
4703,5379,0.8518518518518519,0.92,sensitivity,McIntire,McIntire,False,"Notify me of follow-up comments by email. Notify me of new posts by email. Security Question: What is 14 + 5 ? Please leave these two fields as-is: IMPORTANT! To be able to proceed, you need to solve ","Notify me of follow-up comments by email. Notify me of new posts by email. Security Question: What is 5 + 13 ? Please leave these two fields as-is: IMPORTANT! To be able to proceed, you need to solve "
4381,6285,0.8518518518518519,0.92,sensitivity,McIntire,WELFake,True,"Notify me of follow-up comments by email. Notify me of new posts by email. Security Question: What is 15 + 14 ? Please leave these two fields as-is: IMPORTANT! To be able to proceed, you need to solve","Notify me of follow-up comments by email. Notify me of new posts by email. Security Question: What is 4 + 2 ? Please leave these two fields as-is: IMPORTANT! To be able to proceed, you need to solve t"
6490,8627,0.8,0.0,sensitivity,WELFake,WELFake,False,"Post was not sent - check your email addresses! Email check failed, please try again Sorry, your blog cannot share posts by email. MENU","Post was not sent - check your email addresses! Email check failed, please try again Sorry, your blog cannot share posts by email. %d bloggers like this:"
4062,5723,0.7161458333333334,0.9023789991796555,sensitivity,McIntire,McIntire,False,"  Finian Cunningham has written extensively on international affairs, with articles published in several languages. Many of his recent articles appear on the renowned Canadian-based news website Globa",How the Oligarchy Has Prepared the Groundwork for Stealing the Election  In addition to the cyber manipulation of electronic voting (see http://www.paulcraigroberts.org/2016/11/01/very-easy-to-invisib
4381,4703,0.8518518518518519,0.92,sensitivity,McIntire,McIntire,False,"Notify me of follow-up comments by email. Notify me of new posts by email. Security Question: What is 15 + 14 ? Please leave these two fields as-is: IMPORTANT! To be able to proceed, you need to solve","Notify me of follow-up comments by email. Notify me of new posts by email. Security Question: What is 14 + 5 ? Please leave these two fields as-is: IMPORTANT! To be able to proceed, you need to solve "
3931,6448,0.5229007633587787,0.9072847682119205,sensitivity,McIntire,WELFake,True,"Some Cities Want Their Noncitizen Immigrants to Vote Caroline Winter, Bloomberg Businessweek, October 28, 2016  “Look at illegal immigrants voting all over the country,” Donald Trump recently claimed ","  As Crooked HIllary Investigation Reopens, Democrat Cities Push To Allow Illegal Immigrants Voting 'Look at illegal immigrants voting all over the country,' Donald Trump recently claimed in a Fox New"
5379,6285,0.8518518518518519,0.92,sensitivity,McIntire,WELFake,True,"Notify me of follow-up comments by email. Notify me of new posts by email. Security Question: What is 5 + 13 ? Please leave these two fields as-is: IMPORTANT! To be able to proceed, you need to solve ","Notify me of follow-up comments by email. Notify me of new posts by email. Security Question: What is 4 + 2 ? Please leave these two fields as-is: IMPORTANT! To be able to proceed, you need to solve t"
5490,6656,0.6600049962528104,0.8883658372562205,sensitivity,McIntire,WELFake,True,"By wmw_admin on November 6, 2016 Darkmoon — Nov 6, 2016 RT : “Whistleblower Julian Assange has given one of his most incendiary interviews ever in a John Pilger Special [released late yesterday] court","A dispatch from RT.com ABOVE: Democratic U.S. presidential candidate Hillary Clinton (L) and Julian Assange, Founder and Editor-in-Chief of WikiLeaks © Reuters / Darthmouth Films Hillary Clinton spark"
4703,6285,0.8518518518518519,0.92,sensitivity,McIntire,WELFake,True,"Notify me of follow-up comments by email. Notify me of new posts by email. Security Question: What is 14 + 5 ? Please leave these two fields as-is: IMPORTANT! To be able to proceed, you need to solve ","Notify me of follow-up comments by email. Notify me of new posts by email. Security Question: What is 4 + 2 ? Please leave these two fields as-is: IMPORTANT! To be able to proceed, you need to solve t"
4208,5488,0.5521739130434783,0.7987421383647799,sensitivity,McIntire,McIntire,False,"Hillary Responds To Creepy Joe Biden Caught Groping Dozens of Young Women Also, Michelle Obama hosts an event for rappers who promote rape Alex Jones | Infowars.com - October 28, 2016 Comments  As if ","This Viral Video Has Hillary Running Scared The wildest campaign ad you will ever see! Infowars.com - October 28, 2016 Comments  Share this video on YouTube and Facebook to join the fight and support "
4208,4724,0.5060728744939271,0.7183908045977011,sensitivity,McIntire,McIntire,False,"Hillary Responds To Creepy Joe Biden Caught Groping Dozens of Young Women Also, Michelle Obama hosts an event for rappers who promote rape Alex Jones | Infowars.com - October 28, 2016 Comments  As if ","Black Activist Blasts Hillary Clinton Over Wikileaks Revelation Eric Garner's daughter speaks out against Clinton campaign for using her father's death Infowars Nightly News - October 28, 2016 Comment"
4326,4828,0.5131578947368421,0.7090909090909091,sensitivity,McIntire,McIntire,False,"Back Story Of FBI’s Hillary Cover-Up FBI corruption exposed Infowars Nightly News - October 28, 2016 Comments  Angry law enforcement investigators are talking about corruption at the top of the FBI’s ","Clinton Camp Desperate, Russia Trains for WWIII US media not letting the public know how tense Russia situation really is Infowars Nightly News    Russia is training millions domestically for WWIII, t"
4003,5379,0.8518518518518519,0.92,sensitivity,McIntire,McIntire,False,"Notify me of follow-up comments by email. Notify me of new posts by email. Security Question: What is 13 + 12 ? Please leave these two fields as-is: IMPORTANT! To be able to proceed, you need to solve","Notify me of follow-up comments by email. Notify me of new posts by email. Security Question: What is 5 + 13 ? Please leave these two fields as-is: IMPORTANT! To be able to proceed, you need to solve "
4828,5488,0.5201793721973094,0.7295597484276729,sensitivity,McIntire,McIntire,False,"Clinton Camp Desperate, Russia Trains for WWIII US media not letting the public know how tense Russia situation really is Infowars Nightly News    Russia is training millions domestically for WWIII, t","This Viral Video Has Hillary Running Scared The wildest campaign ad you will ever see! Infowars.com - October 28, 2016 Comments  Share this video on YouTube and Facebook to join the fight and support "
4326,5488,0.628140703517588,0.7861635220125787,sensitivity,McIntire,McIntire,False,"Back Story Of FBI’s Hillary Cover-Up FBI corruption exposed Infowars Nightly News - October 28, 2016 Comments  Angry law enforcement investigators are talking about corruption at the top of the FBI’s ","This Viral Video Has Hillary Running Scared The wildest campaign ad you will ever see! Infowars.com - October 28, 2016 Comments  Share this video on YouTube and Facebook to join the fight and support "
4326,4724,0.6066350710900474,0.7757575757575758,sensitivity,McIntire,McIntire,False,"Back Story Of FBI’s Hillary Cover-Up FBI corruption exposed Infowars Nightly News - October 28, 2016 Comments  Angry law enforcement investigators are talking about corruption at the top of the FBI’s ","Black Activist Blasts Hillary Clinton Over Wikileaks Revelation Eric Garner's daughter speaks out against Clinton campaign for using her father's death Infowars Nightly News - October 28, 2016 Comment"
3256,5286,0.6111975116640747,0.8871331828442438,sensitivity,McIntire,McIntire,False," In today’s, 25th, Wikileaks release of hacked Podesta emails, one of the notable highlights is a March 2, 2015 exchange between John Podesta and Clinton aide Cheryl Mills in which the Clinton Campaig"," In today’s, 25th, Wikileaks release of hacked Podesta emails, one of the notable highlights is a March 2, 2015 exchange between John Podesta and Clinton aide Cheryl Mills in which the Clinton Campaig"
3496,4724,0.5841121495327103,0.7575757575757576,sensitivity,McIntire,McIntire,False,"Trump Votes Are Being Flipped To Clinton There have already been multiple reports of faulty electronic voting machines The Alex Jones Show - October 28, 2016 Comments  The election fraud is already be","Black Activist Blasts Hillary Clinton Over Wikileaks Revelation Eric Garner's daughter speaks out against Clinton campaign for using her father's death Infowars Nightly News - October 28, 2016 Comment"
4067,6656,0.6215080346106304,0.8704986149584487,sensitivity,McIntire,WELFake,True,"Secrets of the US Election: Assange Talks to Pilger November 5, 2016  WikiLeaks founder Julian Assange denies the Russian government was the source of leaked emails about Hillary Clinton and says her ","A dispatch from RT.com ABOVE: Democratic U.S. presidential candidate Hillary Clinton (L) and Julian Assange, Founder and Editor-in-Chief of WikiLeaks © Reuters / Darthmouth Films Hillary Clinton spark"
4724,5488,0.6009615384615384,0.7861635220125787,sensitivity,McIntire,McIntire,False,"Black Activist Blasts Hillary Clinton Over Wikileaks Revelation Eric Garner's daughter speaks out against Clinton campaign for using her father's death Infowars Nightly News - October 28, 2016 Comment","This Viral Video Has Hillary Running Scared The wildest campaign ad you will ever see! Infowars.com - October 28, 2016 Comments  Share this video on YouTube and Facebook to join the fight and support "
3183,4677,0.6699029126213593,0.8625,sensitivity,McIntire,McIntire,False,What is going on with WikiLeaks? 28/10/2016 tweet WikiLeaks director and founder of the Centre for Investigative Journalism Gavin MacFadyen has died at age 76. The cause of death is yet unknown. His ‘,What is going on with WikiLeaks?   Defend Democracy  WikiLeaks director and founder of the Centre for Investigative Journalism Gavin MacFadyen has died at age 76. The cause of death is yet unknown. Hi
5530,5588,0.6774193548387096,0.0,sensitivity,McIntire,McIntire,False,By Amanda Froelich It should be evident if you’re following news concerning the Standing Rock protests in North Dakota that tension continues to escalate between... ,It should be evident if you’re following news concerning the Standing Rock protests in North Dakota that tension continues to escalate between protestors supporting the Standing Rock Sioux Tribe and..
3256,6332,0.6111975116640747,0.8871331828442438,sensitivity,McIntire,WELFake,True," In today’s, 25th, Wikileaks release of hacked Podesta emails, one of the notable highlights is a March 2, 2015 exchange between John Podesta and Clinton aide Cheryl Mills in which the Clinton Campaig"," In today’s, 25th, Wikileaks release of hacked Podesta emails, one of the notable highlights is a March 2, 2015 exchange between John Podesta and Clinton aide Cheryl Mills in which the Clinton Campaig"
4701,4968,0.5154639175257731,1.0,sensitivity,McIntire,McIntire,True,"On September 5, 2006, Eli Chomsky was an editor and staff writer for the Jewish Press, and Hillary Clinton was running for a shoo-in re-election as a U.S. senator. Her trip making the rounds of editor","On September 5, 2006, Eli Chomsky was an editor and staff writer for the Jewish Press, and Hillary Clinton was running for a shoo-in re-election as a U.S. senator. Her trip making the rounds of editor"
5011,5251,0.75,0.8571428571428571,sensitivity,McIntire,McIntire,False,Vladimir Putin: The United States continues to sleep with al-Nusra ‹ › South Front Analysis & Intelligence is a public analytical project maintained by an independent team of experts from the four cor,"Syrian War Report – October 27, 2016: Russian Strikes Destroyed Over 300 Terrorists’ Oil Facilities ‹ › South Front Analysis & Intelligence is a public analytical project maintained by an independent "
7700,8576,0.7043478260869566,0.826530612244898,sensitivity,WELFake,WELFake,False,"Tune in to the Alternate Current Radio Network (ACR) for another LIVE broadcast of  The Boiler Room tonight 6:00 PM PST | 8:00 PM CST | 9:00 PM EST for this special broadcast. Join us for uncensored, ","Tune in to the Alternate Current Radio Network (ACR) for another LIVE broadcast of  The Boiler Room tonight 6:00 PM PST | 8:00 PM CST | 9:00 PM EST for this special broadcast. Join us for uncensored, "
5460,5603,0.7345132743362832,0.8469387755102041,sensitivity,McIntire,McIntire,False,I thought I was just scared of Trump – but it’s his America I fear ‹ › South Front Analysis & Intelligence is a public analytical project maintained by an independent team of experts from the four cor,"Syrian War Report – October 31, 2016: Al-Nusra-led Forces Failed to Break Aleppo Siege ‹ › South Front Analysis & Intelligence is a public analytical project maintained by an independent team of exper"
8532,8576,0.5555555555555556,0.7142857142857143,sensitivity,WELFake,WELFake,False,"Tune in to the Alternate Current Radio Network (ACR) for another LIVE broadcast of  The Boiler Room tonight 6:00 PM PST | 8:00 PM CST | 9:00 PM EST for this special broadcast. Join us for uncensored, ","Tune in to the Alternate Current Radio Network (ACR) for another LIVE broadcast of  The Boiler Room tonight 6:00 PM PST | 8:00 PM CST | 9:00 PM EST for this special broadcast. Join us for uncensored, "
5251,5460,0.7345132743362832,0.8469387755102041,sensitivity,McIntire,McIntire,False,"Syrian War Report – October 27, 2016: Russian Strikes Destroyed Over 300 Terrorists’ Oil Facilities ‹ › South Front Analysis & Intelligence is a public analytical project maintained by an independent ",I thought I was just scared of Trump – but it’s his America I fear ‹ › South Front Analysis & Intelligence is a public analytical project maintained by an independent team of experts from the four cor
4446,4812,0.6302521008403361,0.78125,sensitivity,McIntire,McIntire,False,"Go to Article  “The people have the power, all we have to do is awaken that power in the people. The people are unaware. They’re not educated to realize that they have power. The system is so geared t","Not guilty: The power of nullification to counteract government tyranny By John W. Whitehead Posted on November 2, 2016 by John W. Whitehead  “The people have the power, all we have to do is awaken th"
6968,7700,0.5725806451612904,0.7319587628865979,sensitivity,WELFake,WELFake,False,"Tune in to the Alternate Current Radio Network (ACR) for another LIVE broadcast of  The Boiler Room  tonight 6:00 PM PST | 8:00 PM CST | 9:00 PM EST for this special broadcast. Join us for uncensored,","Tune in to the Alternate Current Radio Network (ACR) for another LIVE broadcast of  The Boiler Room tonight 6:00 PM PST | 8:00 PM CST | 9:00 PM EST for this special broadcast. Join us for uncensored, "
5251,5603,0.7657657657657657,0.8673469387755102,sensitivity,McIntire,McIntire,False,"Syrian War Report – October 27, 2016: Russian Strikes Destroyed Over 300 Terrorists’ Oil Facilities ‹ › South Front Analysis & Intelligence is a public analytical project maintained by an independent ","Syrian War Report – October 31, 2016: Al-Nusra-led Forces Failed to Break Aleppo Siege ‹ › South Front Analysis & Intelligence is a public analytical project maintained by an independent team of exper"
7265,8345,0.5934959349593496,0.7448979591836735,sensitivity,WELFake,WELFake,False,Tune in to the Alternate Current Radio Network (ACR) for another LIVE broadcast of  The Boiler Room  starting at 6:00 PM PST | 8:00 PM CST | 9:00 PM EST for this special broadcast. Join us for uncenso,Tune in to the Alternate Current Radio Network (ACR) for another LIVE broadcast of  The Boiler Room  starting at 6:00 PM PST | 8:00 PM CST | 9:00 PM EST for this special broadcast. Join us for uncenso
5011,5603,0.7345132743362832,0.8469387755102041,sensitivity,McIntire,McIntire,False,Vladimir Putin: The United States continues to sleep with al-Nusra ‹ › South Front Analysis & Intelligence is a public analytical project maintained by an independent team of experts from the four cor,"Syrian War Report – October 31, 2016: Al-Nusra-led Forces Failed to Break Aleppo Siege ‹ › South Front Analysis & Intelligence is a public analytical project maintained by an independent team of exper"
4812,5734,0.6302521008403361,0.78125,sensitivity,McIntire,McIntire,False,"Not guilty: The power of nullification to counteract government tyranny By John W. Whitehead Posted on November 2, 2016 by John W. Whitehead  “The people have the power, all we have to do is awaken th","By John Whitehead, the Rutherford Institute .  “The people have the power, all we have to do is awaken that power in the people. The people are unaware. They’re not educated to realize that they have "
2995,4755,0.7981651376146789,0.8877551020408163,sensitivity,McIntire,McIntire,False,"The Modern History of ‘Rigged’ US Elections   Robert Parry, Consortium News  The United States is so committed to the notion that its electoral process is the world’s “gold standard” that there has be","License DMCA  The United States is so committed to the notion that its electoral process is the world's ""gold standard"" that there has been a bipartisan determination to maintain the fiction even when"
7310,8576,0.5806451612903226,0.7346938775510204,sensitivity,WELFake,WELFake,False,"Tune in to the Alternate Current Radio Network (ACR) for another LIVE broadcast of  The Boiler Room tonight 6:00 PM PST | 8:00 PM CST | 9:00 PM EST for this special broadcast. Join us for uncensored, ","Tune in to the Alternate Current Radio Network (ACR) for another LIVE broadcast of  The Boiler Room tonight 6:00 PM PST | 8:00 PM CST | 9:00 PM EST for this special broadcast. Join us for uncensored, "
4241,5374,0.6896551724137931,0.8163265306122449,sensitivity,McIntire,McIntire,False,"Facebook Lets Advertisers Exclude Users by Race Julia Angwin and Terry Parris Jr., Pro Publica, October 28, 2016  Imagine if, during the Jim Crow era, a newspaper offered advertisers the option of pla","Imagine if, during the Jim Crow era, a newspaper offered advertisers the option of placing ads only in copies that went to white readers.  That’s basically what Facebook is doing nowadays.  The ubiqui"
3351,6717,0.6228070175438597,0.7717391304347826,sensitivity,McIntire,WELFake,True,"Donald Trump: Hillary’s Syria Policy Would Lead to ‘World War Three’ Joe Raedle/Getty Images by Breitbart News 26 Oct 2016 0  26 Oct, 2016 26   (REUTERS) U.S. Republican presidential nominee Donald Tr","Trump: Hillary would lead to World War 3 Due to potential for conflict with nuclear-armed Russia Published: 28 mins ago  (REUTERS) — DORAL, Florida — U.S. Republican presidential nominee Donald Trump "
6968,8532,0.5853658536585366,0.7422680412371134,sensitivity,WELFake,WELFake,False,"Tune in to the Alternate Current Radio Network (ACR) for another LIVE broadcast of  The Boiler Room  tonight 6:00 PM PST | 8:00 PM CST | 9:00 PM EST for this special broadcast. Join us for uncensored,","Tune in to the Alternate Current Radio Network (ACR) for another LIVE broadcast of  The Boiler Room tonight 6:00 PM PST | 8:00 PM CST | 9:00 PM EST for this special broadcast. Join us for uncensored, "
6717,7471,0.6228070175438597,0.7717391304347826,sensitivity,WELFake,WELFake,False,"Trump: Hillary would lead to World War 3 Due to potential for conflict with nuclear-armed Russia Published: 28 mins ago  (REUTERS) — DORAL, Florida — U.S. Republican presidential nominee Donald Trump ","Donald Trump: Hillary’s Syria Policy Would Lead to ‘World War Three’ Joe Raedle/Getty Images by Breitbart News 26 Oct 2016 0  26 Oct, 2016 26   (REUTERS) U.S. Republican presidential nominee Donald Tr"
4701,7925,0.5154639175257731,1.0,sensitivity,McIntire,WELFake,True,"On September 5, 2006, Eli Chomsky was an editor and staff writer for the Jewish Press, and Hillary Clinton was running for a shoo-in re-election as a U.S. senator. Her trip making the rounds of editor","AUDIO TAPE OF HILLARY LEAKED ABOUT RIGGING ELECTION 20.2K shares by DML DAILY / October 29, 2016 / CRAZY LEFT / According to the Observer , “On September 5, 2006, Eli Chomsky was an editor and staff w"
7310,8532,0.6896551724137931,0.8163265306122449,sensitivity,WELFake,WELFake,False,"Tune in to the Alternate Current Radio Network (ACR) for another LIVE broadcast of  The Boiler Room tonight 6:00 PM PST | 8:00 PM CST | 9:00 PM EST for this special broadcast. Join us for uncensored, ","Tune in to the Alternate Current Radio Network (ACR) for another LIVE broadcast of  The Boiler Room tonight 6:00 PM PST | 8:00 PM CST | 9:00 PM EST for this special broadcast. Join us for uncensored, "
5034,8269,0.7818181818181819,0.8775510204081632,sensitivity,McIntire,WELFake,True,"License DMCA The American journalist, Edward Bernays, is often described as the man who invented modern propaganda. The nephew of Sigmund Freud, the pioneer of psycho-analysis, it was Bernays who coin","Photo by Diego Torres Silvestre | CC BY 2.0   The American journalist, Edward Bernays, is often described as the man who invented modern propaganda.  The nephew of Sigmund Freud, the pioneer of psycho"
3789,5034,0.75,0.8571428571428571,sensitivity,McIntire,McIntire,False,"John Pilger: Inside The Invisible Government: War, Propaganda, Clinton And Trump    The American journalist, Edward Bernays, is often described as the man who invented modern propaganda.  The nephew o","License DMCA The American journalist, Edward Bernays, is often described as the man who invented modern propaganda. The nephew of Sigmund Freud, the pioneer of psycho-analysis, it was Bernays who coin"
7310,7700,0.6470588235294118,0.7857142857142857,sensitivity,WELFake,WELFake,False,"Tune in to the Alternate Current Radio Network (ACR) for another LIVE broadcast of  The Boiler Room tonight 6:00 PM PST | 8:00 PM CST | 9:00 PM EST for this special broadcast. Join us for uncensored, ","Tune in to the Alternate Current Radio Network (ACR) for another LIVE broadcast of  The Boiler Room tonight 6:00 PM PST | 8:00 PM CST | 9:00 PM EST for this special broadcast. Join us for uncensored, "
7700,8532,0.6333333333333333,0.7755102040816326,sensitivity,WELFake,WELFake,False,"Tune in to the Alternate Current Radio Network (ACR) for another LIVE broadcast of  The Boiler Room tonight 6:00 PM PST | 8:00 PM CST | 9:00 PM EST for this special broadcast. Join us for uncensored, ","Tune in to the Alternate Current Radio Network (ACR) for another LIVE broadcast of  The Boiler Room tonight 6:00 PM PST | 8:00 PM CST | 9:00 PM EST for this special broadcast. Join us for uncensored, "
3429,3683,0.6810344827586207,0.8144329896907216,sensitivity,McIntire,McIntire,False,"Posted on October 27, 2016 by Melissa Dykes  This. Is. Horrifying.  In another Wikileaks email , this time from Chairman of the National Jewish Democratic Council Marc Stanley to Hillary campaign chai","Leaked Email: ‘If She Wins, Hillary Will Own The Supreme Court for the Next 30 to 40 Years’   Tweet  This. Is. Horrifying.  In another Wikileaks email , this time from Chairman of the National Jewish "
5011,5460,0.7345132743362832,0.8469387755102041,sensitivity,McIntire,McIntire,False,Vladimir Putin: The United States continues to sleep with al-Nusra ‹ › South Front Analysis & Intelligence is a public analytical project maintained by an independent team of experts from the four cor,I thought I was just scared of Trump – but it’s his America I fear ‹ › South Front Analysis & Intelligence is a public analytical project maintained by an independent team of experts from the four cor
6968,8576,0.6115702479338843,0.7628865979381443,sensitivity,WELFake,WELFake,False,"Tune in to the Alternate Current Radio Network (ACR) for another LIVE broadcast of  The Boiler Room  tonight 6:00 PM PST | 8:00 PM CST | 9:00 PM EST for this special broadcast. Join us for uncensored,","Tune in to the Alternate Current Radio Network (ACR) for another LIVE broadcast of  The Boiler Room tonight 6:00 PM PST | 8:00 PM CST | 9:00 PM EST for this special broadcast. Join us for uncensored, "
