i,j,jaccard,containment,tier,ds_i,ds_j,label_conflict,text_i,text_j,prefix300_match
16901,16969,0.5076923076923077,0.673469387755102,sensitivity,ISOT,ISOT,False,"Tune in to the Alternate Current Radio Network (ACR) for another LIVE broadcast of  The Boiler Room  starting at 6 PM PST | 9 PM EST for this special broadcast. Join us for uncensored, uninterruptible","Tune in to the Alternate Current Radio Network (ACR) for another LIVE broadcast of  The Boiler Room  starting at 6 PM PST | 9 PM EST every Wednesday. Join us for uncensored, uninterruptible talk radio",False
23720,23776,0.7692307692307693,0.8831168831168831,sensitivity,ISOT,ISOT,False,"(Reuters) - The following people are mentioned as contenders for senior roles as U.S. President-elect Donald Trump puts together his administration before taking office on Jan. 20, according to Reuter","(Reuters) - The following are people mentioned as contenders for senior roles as U.S. President-elect Donald Trump puts together his administration before taking office on Jan. 20, according to Reuter",False
16420,16505,0.56,0.7216494845360825,sensitivity,ISOT,ISOT,False,"Tune in to the Alternate Current Radio Network (ACR) for another LIVE broadcast of  The Boiler Room tonight 6:00 PM PST | 8:00 PM CST | 9:00 PM EST for this special broadcast. Join us for uncensored, ","Tune in to the Alternate Current Radio Network (ACR) for another LIVE broadcast of  The Boiler Room tonight 6:00 PM PST | 8:00 PM CST | 9:00 PM EST for this special broadcast. Join us for uncensored, ",True
16476,16509,0.6386554621848739,0.7835051546391752,sensitivity,ISOT,ISOT,False,"Tune in to the Alternate Current Radio Network (ACR) for another LIVE broadcast of  The Boiler Room tonight 6:00 PM PST | 8:00 PM CST | 9:00 PM EST for this special broadcast. Join us for uncensored, ","Tune in to the Alternate Current Radio Network (ACR) for another LIVE broadcast of  The Boiler Room tonight 6:00 PM PST | 8:00 PM CST | 9:00 PM EST for this special broadcast. Join us for uncensored, ",True
16433,16610,0.5193798449612403,0.6836734693877551,sensitivity,ISOT,ISOT,False,"Tune in to the Alternate Current Radio Network (ACR) for another LIVE broadcast of  The Boiler Room tonight 6:00 PM PST | 8:00 PM CST | 9:00 PM EST for this special broadcast. Join us for uncensored, ",Tune in to the Alternate Current Radio Network (ACR) for another LIVE broadcast of  The Boiler Room  starting at a special time tonight 6:00 PM PST | 8:00 PM CST | 9:00 PM EST for this special broadca,False
16495,16569,0.5806451612903226,0.7346938775510204,sensitivity,ISOT,ISOT,False,"Tune in to the Alternate Current Radio Network (ACR) for another LIVE broadcast of  The Boiler Room tonight 6:00 PM PST | 8:00 PM CST | 9:00 PM EST for this special broadcast. Join us for uncensored, ","Tune in to the Alternate Current Radio Network (ACR) for another LIVE broadcast of  The Boiler Room tonight 6:00 PM PST | 8:00 PM CST | 9:00 PM EST for this special broadcast. Join us for uncensored, ",True
23307,23308,0.5961538461538461,0.9117647058823529,sensitivity,ISOT,ISOT,False,(Reuters) - Former U.S. President George H.W. Bush has been moved to an intensive-care unit at a Houston hospital with pneumonia and was stable and resting comfortably after doctors performed a proced,(Reuters) - Former U.S. President George H.W. Bush has been moved to an intensive-care unit at a Houston hospital with pneumonia and was resting comfortably after doctors performed a procedure to clea,False
22827,23092,0.8,0.0,sensitivity,ISOT,ISOT,False,The following bullet points are from the U.S. President Donald Trump’s Twitter accounts (@realDonaldTrump and @POTUS). Reuters has not edited the tweets. @realDonaldTrump : -- Source link: (bit.ly/2jB,The following bullet points are from the U.S. President Donald Trump’s Twitter accounts (@realDonaldTrump and @POTUS). Reuters has not edited the tweets. @realDonaldTrump : -- Source link: bit.ly/2jpy,False
28416,28927,0.5934959349593496,0.7448979591836735,sensitivity,ISOT,ISOT,False,"(Reuters) - Major governments, including the United States, the European Union and Canada, and top United Nations  officials, are among those demanding the release of Reuters reporters Wa Lone and Kya","(Reuters) - Several countries, the United Nations and journalist groups are demanding the release of Reuters reporters Wa Lone and Kyaw Soe Oo from detention in Myanmar.  The reporters were arrested o",False
16746,16880,0.536,0.6979166666666666,sensitivity,ISOT,ISOT,False,"Episode #162 of SUNDAY WIRE SHOW resumes this November 28, 2016 as host Patrick Henningsen brings a 3 HOURS special broadcast of LIVE power-packed talk radio on ACR LISTEN LIVE ON THIS PAGE AT THE FOL"," Episode #153 of SUNDAY WIRE SHOW resumes this Sunday September 18, 2016 as host Patrick Henningsen broadcasts a 3 HOUR SPECIAL of LIVE power-packed talk radio on ACR LISTEN LIVE ON THIS PAGE AT THE F",False
16337,16445,0.5354330708661418,0.7010309278350515,sensitivity,ISOT,ISOT,False,"Tune in to the Alternate Current Radio Network (ACR) for another LIVE broadcast of  The Boiler Room  tonight 6:00 PM PST | 8:00 PM CST | 9:00 PM EST for this special broadcast. Join us for uncensored,","Tune in to the Alternate Current Radio Network (ACR) for another LIVE broadcast of  The Boiler Room tonight 6:00 PM PST | 8:00 PM CST | 9:00 PM EST for this special broadcast. Join us for uncensored, ",True
16488,16569,0.5806451612903226,0.7346938775510204,sensitivity,ISOT,ISOT,False,"Tune in to the Alternate Current Radio Network (ACR) for another LIVE broadcast of  The Boiler Room tonight 6:00 PM PST | 8:00 PM CST | 9:00 PM EST for this special broadcast. Join us for uncensored, ","Tune in to the Alternate Current Radio Network (ACR) for another LIVE broadcast of  The Boiler Room tonight 6:00 PM PST | 8:00 PM CST | 9:00 PM EST for this special broadcast. Join us for uncensored, ",True
16337,16505,0.5645161290322581,0.7216494845360825,sensitivity,ISOT,ISOT,False,"Tune in to the Alternate Current Radio Network (ACR) for another LIVE broadcast of  The Boiler Room  tonight 6:00 PM PST | 8:00 PM CST | 9:00 PM EST for this special broadcast. Join us for uncensored,","Tune in to the Alternate Current Radio Network (ACR) for another LIVE broadcast of  The Boiler Room tonight 6:00 PM PST | 8:00 PM CST | 9:00 PM EST for this special broadcast. Join us for uncensored, ",True
16473,16548,0.5433070866141733,0.7040816326530612,sensitivity,ISOT,ISOT,False,"Tune in to the Alternate Current Radio Network (ACR) for another LIVE broadcast of  The Boiler Room tonight 6:00 PM PST | 8:00 PM CST | 9:00 PM EST for this special broadcast. Join us for uncensored, ","Tune in to the Alternate Current Radio Network (ACR) for another LIVE broadcast of  The Boiler Room tonight 6:00 PM PST | 8:00 PM CST | 9:00 PM EST for this special broadcast. Join us for uncensored, ",True
16328,16582,0.5193798449612403,0.6836734693877551,sensitivity,ISOT,ISOT,False,"Tune in to the Alternate Current Radio Network (ACR) for another LIVE broadcast of  The Boiler Room  tonight 6:00 PM PST | 8:00 PM CST | 9:00 PM EST for this special broadcast. Join us for uncensored,",Tune in to the Alternate Current Radio Network (ACR) for another LIVE broadcast of  The Boiler Room tonight at 6:00 PM PST | 8:00 PM CST | 9:00 PM EST for this special broadcast. Join us for uncensore,False
17603,17626,0.5395348837209303,0.75,sensitivity,ISOT,ISOT,False,"(Reuters) - The U.S. Congress is careening toward major deadlines on a Republican tax bill, the budget and other policies. Here is the outlook for what promises to be a sprint to the end of 2017. TUES","(Reuters) - The U.S. Congress is hurtling toward some major deadlines on tax legislation, the budget and other policies. Some of the deadlines are hard and some are soft as the end of 2017 approaches.",False
16389,16482,0.5806451612903226,0.7346938775510204,sensitivity,ISOT,ISOT,False,"Tune in to the Alternate Current Radio Network (ACR) for another LIVE broadcast of  The Boiler Room  tonight 6:00 PM PST | 8:00 PM CST | 9:00 PM EST for this special broadcast. Join us for uncensored,","Tune in to the Alternate Current Radio Network (ACR) for another LIVE broadcast of  The Boiler Room tonight 6:00 PM PST | 8:00 PM CST | 9:00 PM EST for this special broadcast. Join us for uncensored, ",True
16988,17019,0.5806451612903226,0.7346938775510204,sensitivity,ISOT,ISOT,False,"Tune in to the Alternate Current Radio Network (ACR) for another LIVE broadcast of  The Boiler Room  starting at 6 PM PST | 9 PM EST every Wednesday. Join us for uncensored, uninterruptible talk radio","Tune in to the Alternate Current Radio Network (ACR) for another LIVE broadcast of  The Boiler Room  starting at 6 PM PST | 9 PM EST every Wednesday. Join us for uncensored, uninterruptible talk radio",True
16473,16555,0.6333333333333333,0.7755102040816326,sensitivity,ISOT,ISOT,False,"Tune in to the Alternate Current Radio Network (ACR) for another LIVE broadcast of  The Boiler Room tonight 6:00 PM PST | 8:00 PM CST | 9:00 PM EST for this special broadcast. Join us for uncensored, ","Tune in to the Alternate Current Radio Network (ACR) for another LIVE broadcast of  The Boiler Room tonight 6:00 PM PST | 8:00 PM CST | 9:00 PM EST for this special broadcast. Join us for uncensored, ",True
16719,16741,0.5833333333333334,0.7869822485207101,sensitivity,ISOT,ISOT,False,Tune in to the Alternate Current Radio Network (ACR) for another LIVE broadcast of  The Boiler Room  starting at 6:00 PM PST | 8:00 PM CST | 9:00 PM EST for this special broadcast. Join us for uncenso,Tune in to the Alternate Current Radio Network (ACR) for another LIVE broadcast of  The Boiler Room  starting at 6:00 PM PST | 8:00 PM CST | 9:00 PM EST for this special broadcast. Join us for uncenso,True
16389,16468,0.6896551724137931,0.8163265306122449,sensitivity,ISOT,ISOT,False,"Tune in to the Alternate Current Radio Network (ACR) for another LIVE broadcast of  The Boiler Room  tonight 6:00 PM PST | 8:00 PM CST | 9:00 PM EST for this special broadcast. Join us for uncensored,","Tune in to the Alternate Current Radio Network (ACR) for another LIVE broadcast of  The Boiler Room tonight 6:00 PM PST | 8:00 PM CST | 9:00 PM EST for this special broadcast. Join us for uncensored, ",True
16433,16459,0.5934959349593496,0.7448979591836735,sensitivity,ISOT,ISOT,False,"Tune in to the Alternate Current Radio Network (ACR) for another LIVE broadcast of  The Boiler Room tonight 6:00 PM PST | 8:00 PM CST | 9:00 PM EST for this special broadcast. Join us for uncensored, ","Tune in to the Alternate Current Radio Network (ACR) for another LIVE broadcast of  The Boiler Room tonight 6:00 PM PST | 8:00 PM CST | 9:00 PM EST for this special broadcast. Join us for uncensored, ",True
16650,16719,0.5806451612903226,0.7346938775510204,sensitivity,ISOT,ISOT,False,Tune in to the Alternate Current Radio Network (ACR) for another LIVE broadcast of  The Boiler Room  starting at 6:00 PM PST | 8:00 PM CST | 9:00 PM EST for this special broadcast. Join us for uncenso,Tune in to the Alternate Current Radio Network (ACR) for another LIVE broadcast of  The Boiler Room  starting at 6:00 PM PST | 8:00 PM CST | 9:00 PM EST for this special broadcast. Join us for uncenso,True
16337,16473,0.5853658536585366,0.7422680412371134,sensitivity,ISOT,ISOT,False,"Tune in to the Alternate Current Radio Network (ACR) for another LIVE broadcast of  The Boiler Room  tonight 6:00 PM PST | 8:00 PM CST | 9:00 PM EST for this special broadcast. Join us for uncensored,","Tune in to the Alternate Current Radio Network (ACR) for another LIVE broadcast of  The Boiler Room tonight 6:00 PM PST | 8:00 PM CST | 9:00 PM EST for this special broadcast. Join us for uncensored, ",True
16505,16610,0.5234375,0.6907216494845361,sensitivity,ISOT,ISOT,False,"Tune in to the Alternate Current Radio Network (ACR) for another LIVE broadcast of  The Boiler Room tonight 6:00 PM PST | 8:00 PM CST | 9:00 PM EST for this special broadcast. Join us for uncensored, ",Tune in to the Alternate Current Radio Network (ACR) for another LIVE broadcast of  The Boiler Room  starting at a special time tonight 6:00 PM PST | 8:00 PM CST | 9:00 PM EST for this special broadca,False
16355,16459,0.6470588235294118,0.7857142857142857,sensitivity,ISOT,ISOT,False,"Tune in to the Alternate Current Radio Network (ACR) for another LIVE broadcast of  The Boiler Room  tonight 6:00 PM PST | 8:00 PM CST | 9:00 PM EST for this special broadcast. Join us for uncensored,","Tune in to the Alternate Current Radio Network (ACR) for another LIVE broadcast of  The Boiler Room tonight 6:00 PM PST | 8:00 PM CST | 9:00 PM EST for this special broadcast. Join us for uncensored, ",True
16548,16600,0.53125,0.6938775510204082,sensitivity,ISOT,ISOT,False,"Tune in to the Alternate Current Radio Network (ACR) for another LIVE broadcast of  The Boiler Room tonight 6:00 PM PST | 8:00 PM CST | 9:00 PM EST for this special broadcast. Join us for uncensored, ","Tune in to the Alternate Current Radio Network (ACR) for another LIVE broadcast of  The Boiler Room tonight 6:00 PM PST | 8:00 PM CST | 9:00 PM EST for this special broadcast. Join us for uncensored, ",True
17059,17083,0.6581196581196581,0.7938144329896907,sensitivity,ISOT,ISOT,False,"Tune in to the Alternate Current Radio Network (ACR) for another LIVE broadcast of  The Boiler Room  starting at 6 PM PST | 9 PM EST every Wednesday. Join us for uncensored, uninterruptible talk radio","Tune in to the Alternate Current Radio Network (ACR) for another LIVE broadcast of  The Boiler Room  starting at 6 PM PST | 9 PM EST every Wednesday. Join us for uncensored, uninterruptible talk radio",True
16389,16393,0.7488151658767772,0.88268156424581,sensitivity,ISOT,ISOT,False,"Tune in to the Alternate Current Radio Network (ACR) for another LIVE broadcast of  The Boiler Room  tonight 6:00 PM PST | 8:00 PM CST | 9:00 PM EST for this special broadcast. Join us for uncensored,","Tune in to the Alternate Current Radio Network (ACR) for another LIVE broadcast of  The Boiler Room  tonight 6:00 PM PST | 8:00 PM CST | 9:00 PM EST for this special broadcast. Join us for uncensored,",True
16337,16353,0.5017667844522968,0.7395833333333334,sensitivity,ISOT,ISOT,False,"Tune in to the Alternate Current Radio Network (ACR) for another LIVE broadcast of  The Boiler Room  tonight 6:00 PM PST | 8:00 PM CST | 9:00 PM EST for this special broadcast. Join us for uncensored,","Tune in to the Alternate Current Radio Network (ACR) for another LIVE broadcast of  The Boiler Room  tonight 6:00 PM PST | 8:00 PM CST | 9:00 PM EST for this special broadcast. Join us for uncensored,",True
16351,16370,0.652542372881356,0.7938144329896907,sensitivity,ISOT,ISOT,False,"Tune in to the Alternate Current Radio Network (ACR) for another LIVE broadcast of  The Boiler Room  tonight 6:00 PM PST | 8:00 PM CST | 9:00 PM EST for this special broadcast. Join us for uncensored,","Tune in to the Alternate Current Radio Network (ACR) for another LIVE broadcast of  The Boiler Room  tonight 6:00 PM PST | 8:00 PM CST | 9:00 PM EST for this special broadcast. Join us for uncensored,",True
16875,16889,0.6271186440677966,0.7708333333333334,sensitivity,ISOT,ISOT,False," Episode #154 of SUNDAY WIRE SHOW resumes this Sunday September 25, 2016 as host Patrick Henningsen broadcasts a 3 HOUR SPECIAL of LIVE power-packed talk radio on ACR LISTEN LIVE ON THIS PAGE AT THE F","Episode #152 of SUNDAY WIRE SHOW resumes this Sunday September 11, 2016 as host Patrick Henningsen broadcasts a 4 HOUR SPECIAL of LIVE power-packed talk radio on ACR LISTEN LIVE ON THIS PAGE AT THE FO",False
16711,16719,0.6984126984126984,0.868421052631579,sensitivity,ISOT,ISOT,False,Tune in to the Alternate Current Radio Network (ACR) for another LIVE broadcast of  The Boiler Room  starting at 6:00 PM PST | 8:00 PM CST | 9:00 PM EST for this special broadcast. Join us for uncenso,Tune in to the Alternate Current Radio Network (ACR) for another LIVE broadcast of  The Boiler Room  starting at 6:00 PM PST | 8:00 PM CST | 9:00 PM EST for this special broadcast. Join us for uncenso,True
16600,16639,0.53125,0.6938775510204082,sensitivity,ISOT,ISOT,False,"Tune in to the Alternate Current Radio Network (ACR) for another LIVE broadcast of  The Boiler Room tonight 6:00 PM PST | 8:00 PM CST | 9:00 PM EST for this special broadcast. Join us for uncensored, ",Tune in to the Alternate Current Radio Network (ACR) for another LIVE broadcast of  The Boiler Room  starting at 6:00 PM PST | 8:00 PM CST | 9:00 PM EST for this special broadcast. Join us for uncenso,False
16411,16488,0.6470588235294118,0.7857142857142857,sensitivity,ISOT,ISOT,False,"Tune in to the Alternate Current Radio Network (ACR) for another LIVE broadcast of  The Boiler Room  tonight 6:00 PM PST | 8:00 PM CST | 9:00 PM EST for this special broadcast. Join us for uncensored,","Tune in to the Alternate Current Radio Network (ACR) for another LIVE broadcast of  The Boiler Room tonight 6:00 PM PST | 8:00 PM CST | 9:00 PM EST for this special broadcast. Join us for uncensored, ",True
16897,16905,0.5934959349593496,0.7448979591836735,sensitivity,ISOT,ISOT,False,"Tune in to the Alternate Current Radio Network (ACR) for another LIVE broadcast of  The Boiler Room  starting at 6 PM PST | 9 PM EST for this special broadcast. Join us for uncensored, uninterruptible","Tune in to the Alternate Current Radio Network (ACR) for another LIVE broadcast of  The Boiler Room  starting at 6 PM PST | 9 PM EST for this special broadcast. Join us for uncensored, uninterruptible",True
16526,16582,0.53125,0.6938775510204082,sensitivity,ISOT,ISOT,False,"Tune in to the Alternate Current Radio Network (ACR) for another LIVE broadcast of  The Boiler Room  tonight 6:00 PM PST | 8:00 PM CST | 9:00 PM EST for this special broadcast. Join us for uncensored,",Tune in to the Alternate Current Radio Network (ACR) for another LIVE broadcast of  The Boiler Room tonight at 6:00 PM PST | 8:00 PM CST | 9:00 PM EST for this special broadcast. Join us for uncensore,False
28649,29079,0.8571428571428571,0.9278350515463918,sensitivity,ISOT,ISOT,False,"(Reuters) - Several countries, the United Nations and journalist groups are demanding the release of Reuters reporters Wa Lone and Kyaw Soe Oo from detention in Myanmar.  The reporters were arrested o","(Reuters) - Several countries, the United Nations and journalist groups are demanding the release of Reuters reporters Wa Lone and Kyaw Soe Oo from detention in Myanmar. The reporters were arrested on",True
9542,11404,0.7861409796893668,0.9777117384843982,primary,ISOT,ISOT,False,"The media CHEERED when Democrat Senator Chuck Schumer (D-NY) helped a 24-yr old Muslim man enter the U.S. after he was denied entry The media was strangely SILENT, however, after he molested a 12-yr-o",An Indian athlete who overcame a visa denial with the help of U.S. lawmakers and a local mayor to attend the World Snowshoe Championship in New York has been arrested on charges of the abuse of a mino,False
20759,20761,0.6239316239316239,0.7684210526315789,sensitivity,ISOT,ISOT,False,WASHINGTON (Reuters) - U.S. President Donald Trump raised the firing of the FBI director in a meeting with Russia’s foreign minister to explain why he had been unable to find areas of cooperation with,WASHINGTON (Reuters) - U.S. President Donald Trump raised the firing of his FBI director in a meeting with Russia’s foreign minister to explain why he had been unable to find areas of cooperation with,False
16337,16473,0.5853658536585366,0.7422680412371134,sensitivity,ISOT,ISOT,False,"Tune in to the Alternate Current Radio Network (ACR) for another LIVE broadcast of  The Boiler Room  tonight 6:00 PM PST | 8:00 PM CST | 9:00 PM EST for this special broadcast. Join us for uncensored,","Tune in to the Alternate Current Radio Network (ACR) for another LIVE broadcast of  The Boiler Room tonight 6:00 PM PST | 8:00 PM CST | 9:00 PM EST for this special broadcast. Join us for uncensored, ",True
16337,16578,0.5476190476190477,0.711340206185567,sensitivity,ISOT,ISOT,False,"Tune in to the Alternate Current Radio Network (ACR) for another LIVE broadcast of  The Boiler Room  tonight 6:00 PM PST | 8:00 PM CST | 9:00 PM EST for this special broadcast. Join us for uncensored,","Tune in to the Alternate Current Radio Network (ACR) for another LIVE broadcast of  The Boiler Room tonight 6:00 PM PST | 8:00 PM CST | 9:00 PM EST for this special broadcast. Join us for uncensored, ",True
16395,16476,0.6333333333333333,0.7755102040816326,sensitivity,ISOT,ISOT,False,"Tune in to the Alternate Current Radio Network (ACR) for another LIVE broadcast of  The Boiler Room  tonight 6:00 PM PST | 8:00 PM CST | 9:00 PM EST for this special broadcast. Join us for uncensored,","Tune in to the Alternate Current Radio Network (ACR) for another LIVE broadcast of  The Boiler Room tonight 6:00 PM PST | 8:00 PM CST | 9:00 PM EST for this special broadcast. Join us for uncensored, ",True
16495,16514,0.568,0.7244897959183674,sensitivity,ISOT,ISOT,False,"Tune in to the Alternate Current Radio Network (ACR) for another LIVE broadcast of  The Boiler Room tonight 6:00 PM PST | 8:00 PM CST | 9:00 PM EST for this special broadcast. Join us for uncensored, ","Tune in to the Alternate Current Radio Network (ACR) for another LIVE broadcast of  The Boiler Room tonight 6:00 PM PST | 8:00 PM CST | 9:00 PM EST for this special broadcast. Join us for uncensored, ",True
16420,16509,0.652542372881356,0.7938144329896907,sensitivity,ISOT,ISOT,False,"Tune in to the Alternate Current Radio Network (ACR) for another LIVE broadcast of  The Boiler Room tonight 6:00 PM PST | 8:00 PM CST | 9:00 PM EST for this special broadcast. Join us for uncensored, ","Tune in to the Alternate Current Radio Network (ACR) for another LIVE broadcast of  The Boiler Room tonight 6:00 PM PST | 8:00 PM CST | 9:00 PM EST for this special broadcast. Join us for uncensored, ",True
16969,17059,0.5354330708661418,0.7010309278350515,sensitivity,ISOT,ISOT,False,"Tune in to the Alternate Current Radio Network (ACR) for another LIVE broadcast of  The Boiler Room  starting at 6 PM PST | 9 PM EST every Wednesday. Join us for uncensored, uninterruptible talk radio","Tune in to the Alternate Current Radio Network (ACR) for another LIVE broadcast of  The Boiler Room  starting at 6 PM PST | 9 PM EST every Wednesday. Join us for uncensored, uninterruptible talk radio",True
16578,16741,0.515625,0.6875,sensitivity,ISOT,ISOT,False,"Tune in to the Alternate Current Radio Network (ACR) for another LIVE broadcast of  The Boiler Room tonight 6:00 PM PST | 8:00 PM CST | 9:00 PM EST for this special broadcast. Join us for uncensored, ",Tune in to the Alternate Current Radio Network (ACR) for another LIVE broadcast of  The Boiler Room  starting at 6:00 PM PST | 8:00 PM CST | 9:00 PM EST for this special broadcast. Join us for uncenso,False
16482,16791,0.5433070866141733,0.7040816326530612,sensitivity,ISOT,ISOT,False,"Tune in to the Alternate Current Radio Network (ACR) for another LIVE broadcast of  The Boiler Room tonight 6:00 PM PST | 8:00 PM CST | 9:00 PM EST for this special broadcast. Join us for uncensored, ",Tune in to the Alternate Current Radio Network (ACR) for another LIVE broadcast of  The Boiler Room  starting at 6:00 PM PST | 8:00 PM CST | 9:00 PM EST for this special broadcast. Join us for uncenso,False
19258,37794,0.7518355359765051,0.89198606271777,sensitivity,ISOT,ISOT,False,"(Reuters) - Negotiators from Canada, Mexico and the United States kick off an ambitious first round of trade talks on Wednesday as the countries try to fast-track a deal to modernize the North America","MEXICO CITY (Reuters) - Negotiators from Canada, Mexico and the United States kicked off a second round of talks about the North American Free Trade Agreement (NAFTA) on Friday as the countries try to",False
16901,16969,0.5076923076923077,0.673469387755102,sensitivity,ISOT,ISOT,False,"Tune in to the Alternate Current Radio Network (ACR) for another LIVE broadcast of  The Boiler Room  starting at 6 PM PST | 9 PM EST for this special broadcast. Join us for uncensored, uninterruptible","Tune in to the Alternate Current Radio Network (ACR) for another LIVE broadcast of  The Boiler Room  starting at 6 PM PST | 9 PM EST every Wednesday. Join us for uncensored, uninterruptible talk radio",False
24760,42274,0.5916666666666667,0.7634408602150538,sensitivity,ISOT,McIntire,True," DORAL, Fla. (Reuters) - U.S. Republican presidential nominee Donald Trump said on Tuesday that Democrat Hillary Clinton’s plan for Syria would “lead to World War Three,” because of the potential for ","Donald Trump: Hillary’s Syria Policy Would Lead to ‘World War Three’ Joe Raedle/Getty Images by Breitbart News 26 Oct 2016 0  26 Oct, 2016 26   (REUTERS) U.S. Republican presidential nominee Donald Tr",False
16875,38050,0.5785123966942148,0.7368421052631579,sensitivity,ISOT,McIntire,False," Episode #154 of SUNDAY WIRE SHOW resumes this Sunday September 25, 2016 as host Patrick Henningsen broadcasts a 3 HOUR SPECIAL of LIVE power-packed talk radio on ACR LISTEN LIVE ON THIS PAGE AT THE F","November 13, 2016 By 21wire Leave a Comment  Episode #160 of SUNDAY WIRE SHOW resumes this November 13, 2016 as host Patrick Henningsen brings a 3 HOURS special broadcast of LIVE power-packed talk rad",False
24700,43500,0.5101721439749609,0.7244444444444444,sensitivity,ISOT,McIntire,True,"MIAMI (Reuters) - Democratic presidential candidate Hillary Clinton, whose buoyant position in opinion polls has been threatened by a surprising new twist in the saga over her emails, on Saturday harn","By Reuters   7:16 pm Heading into the homestretch of the presidential campaign, Democratic candidate Hillary Clinton is looking to harness some celebrity star power to help get out the vote and energi",False
12239,38242,0.5161094224924012,0.8636826042726348,sensitivity,ISOT,McIntire,False," On November Eighth, Americans will be voting for this 100-day plan to restore prosperity to our country, secure our communities, and honesty to our government,  Trump says.  This is my pledge to you ",Tweet Home » Headlines » Finance News » Trump’s Gettysburg Address against the New World Order  The Trump movement is an existential threat to the established order that consistently adopts the agenda,False
16746,40923,0.8018867924528302,0.8947368421052632,sensitivity,ISOT,McIntire,False,"Episode #162 of SUNDAY WIRE SHOW resumes this November 28, 2016 as host Patrick Henningsen brings a 3 HOURS special broadcast of LIVE power-packed talk radio on ACR LISTEN LIVE ON THIS PAGE AT THE FOL","November 6, 2016 By 21wire Leave a Comment  Episode #159 of SUNDAY WIRE SHOW resumes this November 6, 2016 as host Patrick Henningsen brings a 3 HOURS special broadcast of LIVE power-packed talk radio",False
16782,40923,0.8018867924528302,0.8947368421052632,sensitivity,ISOT,McIntire,False," Episode #160 of SUNDAY WIRE SHOW resumes this November 13, 2016 as host Patrick Henningsen brings a 3 HOURS special broadcast of LIVE power-packed talk radio on ACR LISTEN LIVE ON THIS PAGE AT THE FO","November 6, 2016 By 21wire Leave a Comment  Episode #159 of SUNDAY WIRE SHOW resumes this November 6, 2016 as host Patrick Henningsen brings a 3 HOURS special broadcast of LIVE power-packed talk radio",False
12183,38238,0.6440677966101694,0.7835051546391752,sensitivity,ISOT,McIntire,True,"Crooked Hillary has always been crooked. She s just been better than anyone America s ever seen at not getting caught On September 5, 2006, Eli Chomsky was an editor and staff writer for the Jewish Pr","On September 5, 2006, Eli Chomsky was an editor and staff writer for the Jewish Press, and Hillary Clinton was running for a shoo-in re-election as a U.S. senator. Her trip making the rounds of editor",False
16746,38050,0.8018867924528302,0.8947368421052632,sensitivity,ISOT,McIntire,False,"Episode #162 of SUNDAY WIRE SHOW resumes this November 28, 2016 as host Patrick Henningsen brings a 3 HOURS special broadcast of LIVE power-packed talk radio on ACR LISTEN LIVE ON THIS PAGE AT THE FOL","November 13, 2016 By 21wire Leave a Comment  Episode #160 of SUNDAY WIRE SHOW resumes this November 13, 2016 as host Patrick Henningsen brings a 3 HOURS special broadcast of LIVE power-packed talk rad",False
12558,40064,0.7727272727272727,0.8762886597938144,sensitivity,ISOT,McIntire,False,"Oh what a tangled web we weave, when first we practice to deceive .A review of FBI Director James Comey s professional history and relationships shows that the Obama cabinet leader   now under fire fo","Breitbart October 31, 2016  WASHINGTON, D.C. — A review of FBI Director James Comey’s professional history and relationships shows that the Obama cabinet leader — now under fire for his handling of th",False
16880,40923,0.5403225806451613,0.7052631578947368,sensitivity,ISOT,McIntire,False," Episode #153 of SUNDAY WIRE SHOW resumes this Sunday September 18, 2016 as host Patrick Henningsen broadcasts a 3 HOUR SPECIAL of LIVE power-packed talk radio on ACR LISTEN LIVE ON THIS PAGE AT THE F","November 6, 2016 By 21wire Leave a Comment  Episode #159 of SUNDAY WIRE SHOW resumes this November 6, 2016 as host Patrick Henningsen brings a 3 HOURS special broadcast of LIVE power-packed talk radio",False
12167,40030,0.7166212534059946,0.8955732122587968,sensitivity,ISOT,McIntire,False,"This is hands down the best commentary yet on the Democrats and the crooked, defiant and arrogant Hillary. The Democrats are notorious for being a party that refuses to back down, and they re not back","  Since 2011, VNN has operated as part of the Veterans Today Network ; a group that operates over 50 plus media, information and service online sites for U.S. Military Veterans. Democrats should ask C",False
16875,40923,0.5785123966942148,0.7368421052631579,sensitivity,ISOT,McIntire,False," Episode #154 of SUNDAY WIRE SHOW resumes this Sunday September 25, 2016 as host Patrick Henningsen broadcasts a 3 HOUR SPECIAL of LIVE power-packed talk radio on ACR LISTEN LIVE ON THIS PAGE AT THE F","November 6, 2016 By 21wire Leave a Comment  Episode #159 of SUNDAY WIRE SHOW resumes this November 6, 2016 as host Patrick Henningsen brings a 3 HOURS special broadcast of LIVE power-packed talk radio",False
16889,40923,0.5403225806451613,0.7052631578947368,sensitivity,ISOT,McIntire,False,"Episode #152 of SUNDAY WIRE SHOW resumes this Sunday September 11, 2016 as host Patrick Henningsen broadcasts a 4 HOUR SPECIAL of LIVE power-packed talk radio on ACR LISTEN LIVE ON THIS PAGE AT THE FO","November 6, 2016 By 21wire Leave a Comment  Episode #159 of SUNDAY WIRE SHOW resumes this November 6, 2016 as host Patrick Henningsen brings a 3 HOURS special broadcast of LIVE power-packed talk radio",False
11801,40601,0.5696489241223103,0.813915857605178,sensitivity,ISOT,McIntire,False,The Obama administration plans to announce on Thursday a series of retaliatory measures against Russia for hacking into U.S. political institutions and individuals and leaking information in an effort,"VIDEOS Assange tells the sordid truth about the US elections There’s so much information that it’s difficult to see the large mosaic created by the tiny parts By Daisy Luther - November 8, 2016  When ",False
26694,43271,0.6138392857142857,0.78125,sensitivity,ISOT,McIntire,False,"(Reuters) - Alabama’s Supreme Court Chief Justice was suspended on Friday  for ordering state probate judges not to grant marriage licenses to gay couples, despite contrary rulings by a federal court ","The Alabama Judicial Inquiry Commission charged Chief Justice Roy Moore, an outspoken opponent of same-sex unions, with violating the state's judicial ethics laws, an allegation that could potentially",False
16880,38050,0.5403225806451613,0.7052631578947368,sensitivity,ISOT,McIntire,False," Episode #153 of SUNDAY WIRE SHOW resumes this Sunday September 18, 2016 as host Patrick Henningsen broadcasts a 3 HOUR SPECIAL of LIVE power-packed talk radio on ACR LISTEN LIVE ON THIS PAGE AT THE F","November 13, 2016 By 21wire Leave a Comment  Episode #160 of SUNDAY WIRE SHOW resumes this November 13, 2016 as host Patrick Henningsen brings a 3 HOURS special broadcast of LIVE power-packed talk rad",False
24736,39636,0.7657657657657657,0.8673469387755102,sensitivity,ISOT,McIntire,True,"CARACAS (Reuters) - In a curious convergence of events on the same day last week, four Venezuelan provincial courts issued identical rulings, state governors quickly hit Twitter to celebrate, then the","October 28, 2016 Venezuela crisis enters dangerous phase as Maduro foes go militant In a curious convergence of events on the same day last week, four Venezuelan provincial courts issued identical rul",False
16804,38050,0.8018867924528302,0.8947368421052632,sensitivity,ISOT,McIntire,False," Episode #159 of SUNDAY WIRE SHOW resumes this November 6, 2016 as host Patrick Henningsen brings a 3 HOURS special broadcast of LIVE power-packed talk radio on ACR LISTEN LIVE ON THIS PAGE AT THE FOL","November 13, 2016 By 21wire Leave a Comment  Episode #160 of SUNDAY WIRE SHOW resumes this November 13, 2016 as host Patrick Henningsen brings a 3 HOURS special broadcast of LIVE power-packed talk rad",False
16889,38050,0.5403225806451613,0.7052631578947368,sensitivity,ISOT,McIntire,False,"Episode #152 of SUNDAY WIRE SHOW resumes this Sunday September 11, 2016 as host Patrick Henningsen broadcasts a 4 HOUR SPECIAL of LIVE power-packed talk radio on ACR LISTEN LIVE ON THIS PAGE AT THE FO","November 13, 2016 By 21wire Leave a Comment  Episode #160 of SUNDAY WIRE SHOW resumes this November 13, 2016 as host Patrick Henningsen brings a 3 HOURS special broadcast of LIVE power-packed talk rad",False
12183,38756,0.5154639175257731,1.0,sensitivity,ISOT,McIntire,False,"Crooked Hillary has always been crooked. She s just been better than anyone America s ever seen at not getting caught On September 5, 2006, Eli Chomsky was an editor and staff writer for the Jewish Pr","On September 5, 2006, Eli Chomsky was an editor and staff writer for the Jewish Press, and Hillary Clinton was running for a shoo-in re-election as a U.S. senator. Her trip making the rounds of editor",False
16514,59647,0.75,0.8571428571428571,sensitivity,ISOT,WELFake,False,"Tune in to the Alternate Current Radio Network (ACR) for another LIVE broadcast of  The Boiler Room tonight 6:00 PM PST | 8:00 PM CST | 9:00 PM EST for this special broadcast. Join us for uncensored, ","Tune in to the Alternate Current Radio Network (ACR) for another LIVE broadcast of  The Boiler Room tonight 6:00 PM PST | 8:00 PM CST | 9:00 PM EST for this special broadcast. Join us for uncensored, ",True
16498,48673,0.5725806451612904,0.7319587628865979,sensitivity,ISOT,WELFake,False,"Tune in to the Alternate Current Radio Network (ACR) for another LIVE broadcast of  The Boiler Room tonight 6:00 PM PST | 8:00 PM CST | 9:00 PM EST for this special broadcast. Join us for uncensored, ","Tune in to the Alternate Current Radio Network (ACR) for another LIVE broadcast of  The Boiler Room  tonight 6:00 PM PST | 8:00 PM CST | 9:00 PM EST for this special broadcast. Join us for uncensored,",True
17039,81545,0.6166666666666667,0.7628865979381443,sensitivity,ISOT,WELFake,False,"Tune in to the Alternate Current Radio Network (ACR) for another LIVE broadcast of  The Boiler Room  starting at 6 PM PST | 9 PM EST every Wednesday. Join us for uncensored, uninterruptible talk radio","Tune in to the Alternate Current Radio Network (ACR) for another LIVE broadcast of  The Boiler Room  starting at 6 PM PST | 9 PM EST every Wednesday. Join us for uncensored, uninterruptible talk radio",True
16498,56901,0.6752136752136753,0.8061224489795918,sensitivity,ISOT,WELFake,False,"Tune in to the Alternate Current Radio Network (ACR) for another LIVE broadcast of  The Boiler Room tonight 6:00 PM PST | 8:00 PM CST | 9:00 PM EST for this special broadcast. Join us for uncensored, ","Tune in to the Alternate Current Radio Network (ACR) for another LIVE broadcast of  The Boiler Room tonight 6:00 PM PST | 8:00 PM CST | 9:00 PM EST for this special broadcast. Join us for uncensored, ",True
16600,72737,0.53125,0.6938775510204082,sensitivity,ISOT,WELFake,False,"Tune in to the Alternate Current Radio Network (ACR) for another LIVE broadcast of  The Boiler Room tonight 6:00 PM PST | 8:00 PM CST | 9:00 PM EST for this special broadcast. Join us for uncensored, ",Tune in to the Alternate Current Radio Network (ACR) for another LIVE broadcast of  The Boiler Room  starting at 6:00 PM PST | 8:00 PM CST | 9:00 PM EST for this special broadcast. Join us for uncenso,False
16420,45148,0.5193798449612403,0.6836734693877551,sensitivity,ISOT,WELFake,False,"Tune in to the Alternate Current Radio Network (ACR) for another LIVE broadcast of  The Boiler Room tonight 6:00 PM PST | 8:00 PM CST | 9:00 PM EST for this special broadcast. Join us for uncensored, ",Tune in to the Alternate Current Radio Network (ACR) for another LIVE broadcast of  The Boiler Room  starting at 6:00 PM PST | 8:00 PM CST | 9:00 PM EST for this special broadcast. Join us for uncenso,False
16347,70816,0.5983606557377049,0.7525773195876289,sensitivity,ISOT,WELFake,False,"Tune in to the Alternate Current Radio Network (ACR) for another LIVE broadcast of  The Boiler Room  tonight 6:00 PM PST | 8:00 PM CST | 9:00 PM EST for this special broadcast. Join us for uncensored,","Tune in to the Alternate Current Radio Network (ACR) for another LIVE broadcast of  The Boiler Room  tonight 6:00 PM PST | 8:00 PM CST | 9:00 PM EST for this special broadcast. Join us for uncensored,",True
16482,51261,0.652542372881356,0.7938144329896907,sensitivity,ISOT,WELFake,False,"Tune in to the Alternate Current Radio Network (ACR) for another LIVE broadcast of  The Boiler Room tonight 6:00 PM PST | 8:00 PM CST | 9:00 PM EST for this special broadcast. Join us for uncensored, ","Tune in to the Alternate Current Radio Network (ACR) for another LIVE broadcast of  The Boiler Room tonight 6:00 PM PST | 8:00 PM CST | 9:00 PM EST for this special broadcast. Join us for uncensored, ",True
16582,69084,0.53125,0.6938775510204082,sensitivity,ISOT,WELFake,False,Tune in to the Alternate Current Radio Network (ACR) for another LIVE broadcast of  The Boiler Room tonight at 6:00 PM PST | 8:00 PM CST | 9:00 PM EST for this special broadcast. Join us for uncensore,"Tune in to the Alternate Current Radio Network (ACR) for another LIVE broadcast of  The Boiler Room tonight 6:00 PM PST | 8:00 PM CST | 9:00 PM EST for this special broadcast. Join us for uncensored, ",False
16347,50179,0.5983606557377049,0.7525773195876289,sensitivity,ISOT,WELFake,False,"Tune in to the Alternate Current Radio Network (ACR) for another LIVE broadcast of  The Boiler Room  tonight 6:00 PM PST | 8:00 PM CST | 9:00 PM EST for this special broadcast. Join us for uncensored,","Tune in to the Alternate Current Radio Network (ACR) for another LIVE broadcast of  The Boiler Room  tonight 6:00 PM PST | 8:00 PM CST | 9:00 PM EST for this special broadcast. Join us for uncensored,",True
23276,103404,0.6343632958801498,0.8885245901639345,sensitivity,ISOT,WELFake,False,"(Reuters) - U.S. President-elect Donald Trump formally named former Georgia Governor Sonny Perdue as his nominee for secretary of agriculture on Thursday, officially completing the selection of his Ca","(Reuters) - President-elect Donald Trump will nominate high-frequency trading expert Vincent Viola to be secretary of the Army, a senior transition official said on Monday. Below is a list of Republic",False
24025,66580,0.5164835164835165,0.6952662721893491,sensitivity,ISOT,WELFake,False,"(Reuters) - U.S. President-elect Donald Trump said on Thursday he would nominate retired Marine Corps General James Mattis for defense secretary, the latest of about a dozen picks he has announced for","(Reuters) - Donald Trump is not expected to make additional high-level appointments on Friday, his transition team told reporters, adding that more meetings are planned for Monday. Below are people me",False
16734,51628,0.5076923076923077,0.673469387755102,sensitivity,ISOT,WELFake,False,Tune in to the Alternate Current Radio Network (ACR) for another LIVE broadcast of  The Boiler Room  starting at 6:00 PM PST | 8:00 PM CST | 9:00 PM EST for this special broadcast. Join us for uncenso,Tune in to the Alternate Current Radio Network (ACR) for another LIVE broadcast of  The Boiler Room tonight at 6:00 PM PST | 8:00 PM CST | 9:00 PM EST for this special broadcast. Join us for uncensore,False
16412,51261,0.625,0.7731958762886598,sensitivity,ISOT,WELFake,False,"Tune in to the Alternate Current Radio Network (ACR) for another LIVE broadcast of  The Boiler Room tonight 6:00 PM PST | 8:00 PM CST | 9:00 PM EST for this special broadcast. Join us for uncensored, ","Tune in to the Alternate Current Radio Network (ACR) for another LIVE broadcast of  The Boiler Room tonight 6:00 PM PST | 8:00 PM CST | 9:00 PM EST for this special broadcast. Join us for uncensored, ",True
16393,91533,0.6198347107438017,0.7653061224489796,sensitivity,ISOT,WELFake,False,"Tune in to the Alternate Current Radio Network (ACR) for another LIVE broadcast of  The Boiler Room  tonight 6:00 PM PST | 8:00 PM CST | 9:00 PM EST for this special broadcast. Join us for uncensored,","Tune in to the Alternate Current Radio Network (ACR) for another LIVE broadcast of  The Boiler Room tonight 6:00 PM PST | 8:00 PM CST | 9:00 PM EST for this special broadcast. Join us for uncensored, ",True
23752,87267,0.5973053892215568,0.8370629370629371,sensitivity,ISOT,WELFake,False,"(Reuters) - U.S. President-elect Donald Trump has formally named Republican Representative Ryan Zinke of Montana, a former Navy SEAL commander, as his pick for interior secretary, the Trump transition","(Reuters) - President-elect Donald Trump on Wednesday said Walter “Jay” Clayton, an attorney who advises clients on major Wall Street deals, was his choice to lead the U.S. Securities and Exchange Com",False
16514,48673,0.56,0.7216494845360825,sensitivity,ISOT,WELFake,False,"Tune in to the Alternate Current Radio Network (ACR) for another LIVE broadcast of  The Boiler Room tonight 6:00 PM PST | 8:00 PM CST | 9:00 PM EST for this special broadcast. Join us for uncensored, ","Tune in to the Alternate Current Radio Network (ACR) for another LIVE broadcast of  The Boiler Room  tonight 6:00 PM PST | 8:00 PM CST | 9:00 PM EST for this special broadcast. Join us for uncensored,",True
16829,66546,0.568,0.7244897959183674,sensitivity,ISOT,WELFake,False,Tune in to the Alternate Current Radio Network (ACR) for another LIVE broadcast of  The Boiler Room  starting at 6:00 PM PST | 8:00 PM CST | 9:00 PM EST for this special broadcast. Join us for uncenso,Tune in to the Alternate Current Radio Network (ACR) for another LIVE broadcast of  The Boiler Room  starting at 6:00 PM PST | 8:00 PM CST | 9:00 PM EST for this special broadcast. Join us for uncenso,True
17012,61115,0.6065573770491803,0.7551020408163265,sensitivity,ISOT,WELFake,False,"Tune in to the Alternate Current Radio Network (ACR) for another LIVE broadcast of  The Boiler Room  starting at 6 PM PST | 9 PM EST every Wednesday. Join us for uncensored, uninterruptible talk radio","Tune in to the Alternate Current Radio Network (ACR) for another LIVE broadcast of  The Boiler Room  starting at 6 PM PST | 9 PM EST every Wednesday. Join us for uncensored, uninterruptible talk radio",True
16628,61237,0.5433070866141733,0.7040816326530612,sensitivity,ISOT,WELFake,False,"  In response to the establishment media s contrived  fake news  crisis designed to marginalise independent and alternative media sources of news and analysis, 21WIRE is running its own #FakeNewsWeek "," In response to the establishment media s contrived  fake news  crisis designed to marginalise independent and alternative media sources of news and analysis, 21WIRE is running its own #FakeNewsWeek a",True
16578,59647,0.5433070866141733,0.7040816326530612,sensitivity,ISOT,WELFake,False,"Tune in to the Alternate Current Radio Network (ACR) for another LIVE broadcast of  The Boiler Room tonight 6:00 PM PST | 8:00 PM CST | 9:00 PM EST for this special broadcast. Join us for uncensored, ","Tune in to the Alternate Current Radio Network (ACR) for another LIVE broadcast of  The Boiler Room tonight 6:00 PM PST | 8:00 PM CST | 9:00 PM EST for this special broadcast. Join us for uncensored, ",True
16422,52275,0.5053763440860215,0.6762589928057554,sensitivity,ISOT,WELFake,False,"Tune in to the Alternate Current Radio Network (ACR) for this week s broadcast of The Boiler Room . Join us for uncensored, uninterruptible talk radio, custom-made for barfly philosophers, misguided m","Tune in to the Alternate Current Radio Network (ACR) for another LIVE broadcast of  The Boiler Room  tonight 6:00 PM PST | 8:00 PM CST | 9:00 PM EST for this special broadcast. Join us for uncensored,",False
23954,89108,0.5934959349593496,0.7448979591836735,sensitivity,ISOT,WELFake,False,"(Reuters) - Below are people mentioned as contenders for senior roles as U.S. President-elect Donald Trump works to form his administration before taking office on Jan. 20, according to Reuters source","(Reuters) - The following are people mentioned as contenders for senior roles as U.S. President-elect Donald Trump works to form his administration before taking office on Jan. 20, according to Reuter",False
16982,45704,0.6333333333333333,0.7755102040816326,sensitivity,ISOT,WELFake,False,"Tune in to the Alternate Current Radio Network (ACR) for another LIVE broadcast of  The Boiler Room  starting at 6 PM PST | 9 PM EST every Wednesday. Join us for uncensored, uninterruptible talk radio","Tune in to the Alternate Current Radio Network (ACR) for another LIVE broadcast of  The Boiler Room  starting at 6 PM PST | 9 PM EST every Wednesday. Join us for uncensored, uninterruptible talk radio",True
16812,80658,0.6896551724137931,0.8163265306122449,sensitivity,ISOT,WELFake,False,Tune in to the Alternate Current Radio Network (ACR) for another LIVE broadcast of  The Boiler Room  starting at 6:00 PM PST | 8:00 PM CST | 9:00 PM EST for this special broadcast. Join us for uncenso,Tune in to the Alternate Current Radio Network (ACR) for another LIVE broadcast of  The Boiler Room  starting at 6:00 PM PST | 8:00 PM CST | 9:00 PM EST for this special broadcast. Join us for uncenso,True
16454,59889,0.7657657657657657,0.8673469387755102,sensitivity,ISOT,WELFake,False,"Tune in to the Alternate Current Radio Network (ACR) for another LIVE broadcast of  The Boiler Room tonight 6:00 PM PST | 8:00 PM CST | 9:00 PM EST for this special broadcast. Join us for uncensored, ","Tune in to the Alternate Current Radio Network (ACR) for another LIVE broadcast of  The Boiler Room tonight 6:00 PM PST | 8:00 PM CST | 9:00 PM EST for this special broadcast. Join us for uncensored, ",True
16328,53252,0.6610169491525424,0.7959183673469388,sensitivity,ISOT,WELFake,False,"Tune in to the Alternate Current Radio Network (ACR) for another LIVE broadcast of  The Boiler Room  tonight 6:00 PM PST | 8:00 PM CST | 9:00 PM EST for this special broadcast. Join us for uncensored,","Tune in to the Alternate Current Radio Network (ACR) for another LIVE broadcast of  The Boiler Room  tonight 6:00 PM PST | 8:00 PM CST | 9:00 PM EST for this special broadcast. Join us for uncensored,",True
16505,77921,0.5645161290322581,0.7216494845360825,sensitivity,ISOT,WELFake,False,"Tune in to the Alternate Current Radio Network (ACR) for another LIVE broadcast of  The Boiler Room tonight 6:00 PM PST | 8:00 PM CST | 9:00 PM EST for this special broadcast. Join us for uncensored, ","Tune in to the Alternate Current Radio Network (ACR) for another LIVE broadcast of  The Boiler Room  tonight 6:00 PM PST | 8:00 PM CST | 9:00 PM EST for this special broadcast. Join us for uncensored,",True
16389,55775,0.8490566037735849,0.9183673469387755,sensitivity,ISOT,WELFake,False,"Tune in to the Alternate Current Radio Network (ACR) for another LIVE broadcast of  The Boiler Room  tonight 6:00 PM PST | 8:00 PM CST | 9:00 PM EST for this special broadcast. Join us for uncensored,","Tune in to the Alternate Current Radio Network (ACR) for another LIVE broadcast of  The Boiler Room  tonight 6:00 PM PST | 8:00 PM CST | 9:00 PM EST for this special broadcast. Join us for uncensored,",True
16994,53694,0.568,0.7244897959183674,sensitivity,ISOT,WELFake,False,"Tune in to the Alternate Current Radio Network (ACR) for another LIVE broadcast of  The Boiler Room  starting at 6 PM PST | 9 PM EST every Wednesday. Join us for uncensored, uninterruptible talk radio","Tune in to the Alternate Current Radio Network (ACR) for another LIVE broadcast of  The Boiler Room  starting at 6 PM PST | 9 PM EST every Wednesday. Join us for uncensored, uninterruptible talk radio",True
17070,97640,0.56,0.7216494845360825,sensitivity,ISOT,WELFake,False,"Tune in to the Alternate Current Radio Network (ACR) for another LIVE broadcast of  The Boiler Room  starting at 6 PM PST | 9 PM EST every Wednesday. Join us for uncensored, uninterruptible talk radio","Tune in to the Alternate Current Radio Network (ACR) for another LIVE broadcast of  The Boiler Room  starting at 6 PM PST | 9 PM EST every Wednesday. Join us for uncensored, uninterruptible talk radio",True
23721,98520,0.7951070336391437,0.8861622358554874,sensitivity,ISOT,WELFake,False,"(Reuters) - President-elect Donald Trump will nominate Republican U.S. Representative Mick Mulvaney to be director of the White House Office of Management and Budget, a senior transition official said","(Reuters) - U.S. President-elect Donald Trump has chosen former Texas Governor Rick Perry to head the U.S. Department of Energy, a transition official said, putting him in charge of the agency he prop",False
16337,50179,0.625,0.7731958762886598,sensitivity,ISOT,WELFake,False,"Tune in to the Alternate Current Radio Network (ACR) for another LIVE broadcast of  The Boiler Room  tonight 6:00 PM PST | 8:00 PM CST | 9:00 PM EST for this special broadcast. Join us for uncensored,","Tune in to the Alternate Current Radio Network (ACR) for another LIVE broadcast of  The Boiler Room  tonight 6:00 PM PST | 8:00 PM CST | 9:00 PM EST for this special broadcast. Join us for uncensored,",True
9619,73308,0.7725358045492839,1.0,primary,ISOT,WELFake,False,"Oh the irony! Left-leaning MSNBC aired a segment about President Trump s proposed border wall, which ultimately proved the U.S.-Mexico border needs a bigger wall.HOW HIGH SHOULD WE GO? The Trump admin",The Democrats are fighting against closing our border with Mexico at every step of the way. They want open borders It s that simple. If you vote for Democrats then you re voting for open borders. They,False
16476,49721,0.5433070866141733,0.7040816326530612,sensitivity,ISOT,WELFake,False,"Tune in to the Alternate Current Radio Network (ACR) for another LIVE broadcast of  The Boiler Room tonight 6:00 PM PST | 8:00 PM CST | 9:00 PM EST for this special broadcast. Join us for uncensored, ","Tune in to the Alternate Current Radio Network (ACR) for another LIVE broadcast of  The Boiler Room tonight 6:00 PM PST | 8:00 PM CST | 9:00 PM EST for this special broadcast. Join us for uncensored, ",True
16351,46976,0.5,0.6701030927835051,sensitivity,ISOT,WELFake,False,"Tune in to the Alternate Current Radio Network (ACR) for another LIVE broadcast of  The Boiler Room  tonight 6:00 PM PST | 8:00 PM CST | 9:00 PM EST for this special broadcast. Join us for uncensored,",Tune in to the Alternate Current Radio Network (ACR) for another LIVE broadcast of  The Boiler Room  starting at 6:00 PM PST | 8:00 PM CST | 9:00 PM EST for this special broadcast. Join us for uncenso,False
17059,55109,0.8130841121495327,0.8969072164948454,sensitivity,ISOT,WELFake,False,"Tune in to the Alternate Current Radio Network (ACR) for another LIVE broadcast of  The Boiler Room  starting at 6 PM PST | 9 PM EST every Wednesday. Join us for uncensored, uninterruptible talk radio","Tune in to the Alternate Current Radio Network (ACR) for another LIVE broadcast of  The Boiler Room  starting at 6 PM PST | 9 PM EST every Wednesday.Join us for uncensored, uninterruptible talk radio,",True
10190,75809,0.6770601336302895,0.8735632183908046,sensitivity,ISOT,WELFake,False,"Speaking at a Rotary Club gathering in Kentucky on Monday, Senate Majority Leader Mitch McConnell vented about how President Donald Trump s lack of political experience has led to him setting  excessi","Arrogant and smug is what we d call McConnell when he spoke to a group telling them Trump has  excessive expectations  of government Unbelievable!After 7 years of promises, the Senate leader can t do ",False
3927,100796,0.7657657657657657,0.9361702127659575,sensitivity,ISOT,WELFake,False,"Appearing at a concert for Hillary Clinton in Ohio alongside Chance the Rapper, Big Sean and her husband Jay Z, Beyonc  let us all know why she s  with her. After explaining that she was so happy her ","on November 5, 2016 4:50 pm ·  Appearing at a concert for Hillary Clinton in Ohio alongside Chance the Rapper, Big Sean and her husband Jay Z, Beyoncé let us all know why she’s “with her.”  After expl",False
16381,51903,0.7192982456140351,0.8367346938775511,sensitivity,ISOT,WELFake,False,"Tune in to the Alternate Current Radio Network (ACR) for another LIVE broadcast of  The Boiler Room  tonight 6:00 PM PST | 8:00 PM CST | 9:00 PM EST for this special broadcast. Join us for uncensored,","Tune in to the Alternate Current Radio Network (ACR) for another LIVE broadcast of  The Boiler Room tonight 6:00 PM PST | 8:00 PM CST | 9:00 PM EST for this special broadcast. Join us for uncensored, ",True
16337,48673,0.8130841121495327,0.8969072164948454,sensitivity,ISOT,WELFake,False,"Tune in to the Alternate Current Radio Network (ACR) for another LIVE broadcast of  The Boiler Room  tonight 6:00 PM PST | 8:00 PM CST | 9:00 PM EST for this special broadcast. Join us for uncensored,","Tune in to the Alternate Current Radio Network (ACR) for another LIVE broadcast of  The Boiler Room  tonight 6:00 PM PST | 8:00 PM CST | 9:00 PM EST for this special broadcast. Join us for uncensored,",True
16509,50635,0.56,0.7216494845360825,sensitivity,ISOT,WELFake,False,"Tune in to the Alternate Current Radio Network (ACR) for another LIVE broadcast of  The Boiler Room tonight 6:00 PM PST | 8:00 PM CST | 9:00 PM EST for this special broadcast. Join us for uncensored, ","Tune in to the Alternate Current Radio Network (ACR) for another LIVE broadcast of  The Boiler Room tonight 6:00 PM PST | 8:00 PM CST | 9:00 PM EST for this special broadcast. Join us for uncensored, ",True
16412,92356,0.7043478260869566,0.826530612244898,sensitivity,ISOT,WELFake,False,"Tune in to the Alternate Current Radio Network (ACR) for another LIVE broadcast of  The Boiler Room tonight 6:00 PM PST | 8:00 PM CST | 9:00 PM EST for this special broadcast. Join us for uncensored, ","Tune in to the Alternate Current Radio Network (ACR) for another LIVE broadcast of  The Boiler Room  tonight 6:00 PM PST | 8:00 PM CST | 9:00 PM EST for this special broadcast. Join us for uncensored,",True
17083,61333,0.5,0.6701030927835051,sensitivity,ISOT,WELFake,False,"Tune in to the Alternate Current Radio Network (ACR) for another LIVE broadcast of  The Boiler Room  starting at 6 PM PST | 9 PM EST every Wednesday. Join us for uncensored, uninterruptible talk radio","Tune in to the Alternate Current Radio Network (ACR) for another LIVE broadcast of  The Boiler Room  starting at 6 PM PST | 9 PM EST every Wednesday. Join us for uncensored, uninterruptible talk radio",True
24194,66580,0.5341830822711472,0.7435483870967742,sensitivity,ISOT,WELFake,False,(Reuters) - U.S. President-elect Donald Trump held meetings in New York on Monday as he worked to fill administration positions ahead of his inauguration on Jan. 20. Below are people mentioned as cont,"(Reuters) - Donald Trump is not expected to make additional high-level appointments on Friday, his transition team told reporters, adding that more meetings are planned for Monday. Below are people me",False
16639,46563,0.568,0.7244897959183674,sensitivity,ISOT,WELFake,False,Tune in to the Alternate Current Radio Network (ACR) for another LIVE broadcast of  The Boiler Room  starting at 6:00 PM PST | 8:00 PM CST | 9:00 PM EST for this special broadcast. Join us for uncenso,Tune in to the Alternate Current Radio Network (ACR) for another LIVE broadcast of  The Boiler Room  starting at a special time tonight 5:30 PM PST | 7:30 PM CST | 8:30 PM EST for this special broadca,False
16895,61137,0.5934959349593496,0.7448979591836735,sensitivity,ISOT,WELFake,False,"Tune in to the Alternate Current Radio Network (ACR) for another LIVE broadcast of  The Boiler Room  starting at 6 PM PST | 9 PM EST for this special broadcast. Join us for uncensored, uninterruptible","Tune in to the Alternate Current Radio Network (ACR) for another LIVE broadcast of  The Boiler Room  starting at 6 PM PST | 9 PM EST for this special broadcast. Join us for uncensored, uninterruptible",True
24346,64666,0.7818181818181819,0.8845096241979835,sensitivity,ISOT,WELFake,False,(Reuters) - Republican Donald Trump campaigned on a promise to shake up Washington and as president the brash real estate mogul will be in a position to dramatically change how the United States handl,WASHINGTON (Reuters) - Republican Donald Trump campaigned on a promise to shake up Washington and as president the brash real estate mogul will be in a position to dramatically change how the United S,True
12588,81336,0.5116279069767442,0.6804123711340206,sensitivity,ISOT,WELFake,False,"About a month ago, people started noticing a large black man who always seemed to rush to Hillary s aid during coughing fits, or when she exhibits bizarre behavior. Hillary attempted to disparage Trum","About a month ago, people started noticing a large black man who always seemed to rush to Hillary s aid during coughing fits, or when she exhibits bizarre behavior.Hillary's Handler? Brain washer? pic",False
16867,55005,0.6333333333333333,0.7755102040816326,sensitivity,ISOT,WELFake,False,"Tune in to the Alternate Current Radio Network (ACR) for another LIVE broadcast of  The Boiler Room  starting at 6 PM PST | 9 PM EST for this special broadcast. Join us for uncensored, uninterruptible","Tune in to the Alternate Current Radio Network (ACR) for another LIVE broadcast of  The Boiler Room  starting at 6 PM PST | 9 PM EST for this special broadcast. Join us for uncensored, uninterruptible",True
39642,42360,0.5808270676691729,0.7410071942446043,sensitivity,McIntire,McIntire,False,"November 2, 2016 Will Obama recognize Palestinian state?  US President Barack Obama will be stepping down from eight years in office in January, but not before at least one more last ditch effort to s","November 2, 2016 Networks Continue to Ignore Obamacare Collapse  Bill Clinton’s startling description of Obamacare earlier this month as a “crazy system” yanked the Big Three broadcast networks out of",False
39642,40180,0.6443514644351465,0.850828729281768,sensitivity,McIntire,McIntire,False,"November 2, 2016 Will Obama recognize Palestinian state?  US President Barack Obama will be stepping down from eight years in office in January, but not before at least one more last ditch effort to s","November 1, 2016 Pope Francis Commemorates 500th Anniversary Of Protestant Reformation  Pope Francis is in Sweden to kick off the commemoration of 500 years since the Protestant Reformation. The refor",False
40470,42371,0.7075306479859895,0.8744588744588745,sensitivity,McIntire,McIntire,False,Home / Be The Change / Government Corruption / Leaked Audio Catches Clinton Red-Handed Talking About Rigging Elections Leaked Audio Catches Clinton Red-Handed Talking About Rigging Elections The Free ,"  Carol Adl in Middle East , News , US // 0 Comments  Hillary Clinton proposed rigging the Palestinian parliamentary elections while she was a US senator in 2006, according to a newly emerged recordin",False
40677,41817,0.5521739130434783,0.7987421383647799,sensitivity,McIntire,McIntire,False,"Hillary Responds To Creepy Joe Biden Caught Groping Dozens of Young Women Also, Michelle Obama hosts an event for rappers who promote rape Alex Jones | Infowars.com - October 28, 2016 Comments  As if ","This Viral Video Has Hillary Running Scared The wildest campaign ad you will ever see! Infowars.com - October 28, 2016 Comments  Share this video on YouTube and Facebook to join the fight and support ",False
39158,40371,0.8518518518518519,0.92,sensitivity,McIntire,McIntire,False,"Notify me of follow-up comments by email. Notify me of new posts by email. Security Question: What is 13 + 12 ? Please leave these two fields as-is: IMPORTANT! To be able to proceed, you need to solve","Notify me of follow-up comments by email. Notify me of new posts by email. Security Question: What is 5 + 13 ? Please leave these two fields as-is: IMPORTANT! To be able to proceed, you need to solve ",False
39723,40855,0.7584869059165859,0.9536585365853658,primary,McIntire,McIntire,False,"40 Views November 09, 2016 GOLD , KWN King World News  Today former U.S. Treasury Secretary just warned that Trump could be assassinated.  (King World News) Former U.S. Treasury Secretary Dr. Paul Cra","Here's something interesting from The Unz Review... Recipient Name Recipient Email =>  The US presidential election is historic, because the American people were able to defeat the oligarchs. Hillary ",False
39119,43739,0.8518518518518519,0.92,sensitivity,McIntire,McIntire,False,"Notify me of follow-up comments by email. Notify me of new posts by email. Security Question: What is 14 + 5 ? Please leave these two fields as-is: IMPORTANT! To be able to proceed, you need to solve ","Notify me of follow-up comments by email. Notify me of new posts by email. Security Question: What is 3 + 12 ? Please leave these two fields as-is: IMPORTANT! To be able to proceed, you need to solve ",False
40008,43739,0.8518518518518519,0.92,sensitivity,McIntire,McIntire,False,"Notify me of follow-up comments by email. Notify me of new posts by email. Security Question: What is 15 + 14 ? Please leave these two fields as-is: IMPORTANT! To be able to proceed, you need to solve","Notify me of follow-up comments by email. Notify me of new posts by email. Security Question: What is 3 + 12 ? Please leave these two fields as-is: IMPORTANT! To be able to proceed, you need to solve ",False
38896,41929,0.5229007633587787,0.9072847682119205,sensitivity,McIntire,McIntire,False,"  As Crooked HIllary Investigation Reopens, Democrat Cities Push To Allow Illegal Immigrants Voting 'Look at illegal immigrants voting all over the country,' Donald Trump recently claimed in a Fox New","Some Cities Want Their Noncitizen Immigrants to Vote Caroline Winter, Bloomberg Businessweek, October 28, 2016  “Look at illegal immigrants voting all over the country,” Donald Trump recently claimed ",False
39826,42777,0.5076923076923077,0.673469387755102,sensitivity,McIntire,McIntire,False,"(CNN) Donald Trump believes he would ""absolutely"" be a force for bipartisanship, but in an interview this weekend neither Republicans nor Democrats escaped a barrage of attacks from the GOP presidenti",(CNN) The ironclad commitment each Republican presidential candidate gave to support the party's nominee -- no matter who that may be -- is no more.  Hillary Clinton launched her presidential bid on A,False
39600,40765,0.6066350710900474,0.7757575757575758,sensitivity,McIntire,McIntire,False,"Black Activist Blasts Hillary Clinton Over Wikileaks Revelation Eric Garner's daughter speaks out against Clinton campaign for using her father's death Infowars Nightly News - October 28, 2016 Comment","Back Story Of FBI’s Hillary Cover-Up FBI corruption exposed Infowars Nightly News - October 28, 2016 Comments  Angry law enforcement investigators are talking about corruption at the top of the FBI’s ",False
40180,41150,0.6363636363636364,0.850828729281768,sensitivity,McIntire,McIntire,False,"November 1, 2016 Pope Francis Commemorates 500th Anniversary Of Protestant Reformation  Pope Francis is in Sweden to kick off the commemoration of 500 years since the Protestant Reformation. The refor","November 11, 2016 Top EU Official Disputes That Trump Could Upend Iran Nuclear Deal  Asked Thursday about President-elect Donald Trump’s threats to tear up the Iran nuclear deal once in office, the Eu",False
42580,43460,0.6701030927835051,0.8939096267190569,sensitivity,McIntire,McIntire,False,"Clinton policy on Syria would lead to WW III: Trump  57 am Clinton policy on Syria would lead to WW III: Trump Wed Oct 26, 2016 1:37AM US Republican presidential candidate Donald Trump speaks during a","  Carol Adl in Middle East , News , World // 0 Comments  Donald Trump has warned that Hillary Clinton’s policy towards Syria would lead to World War III , arguing that the Democratic nominee would dra",False
40916,41251,0.7094339622641509,0.8545454545454545,sensitivity,McIntire,McIntire,False,"Assange claims ‘crazed’ Clinton campaign tried to hack WikiLeaks The whistleblowing website has been releasing emails from Clinton’s campaign chair RT - October 27, 2016 Comments  Julian Assange has c","  Edmondo Burr in News , World // 0 Comments Julian Assange claims that Hillary Clinton’s campaign used hackers to attack WikiLeaks’ servers.  WikiLeaks’ editor-in-chief says that despite the Ecuadori",False
42841,43038,0.552,0.71875,sensitivity,McIntire,McIntire,False,"10 Comments on ""What Does Washington ‘Plan B’ in Syria Really Mean?"" Leave a Reply Click here to get more info on formatting (1) Leave the name field empty if you want to post as Anonymous. It's prefe","SouthFront Syrian War Report Leave a Reply 1 Comment on ""Syrian War Report – November 2, 2016: ISIS and Al-Nusra Attempt to Cut Off Govt Supply Line to Aleppo"" Leave a Reply Click here to get more inf",False
39158,40008,0.8518518518518519,0.92,sensitivity,McIntire,McIntire,False,"Notify me of follow-up comments by email. Notify me of new posts by email. Security Question: What is 13 + 12 ? Please leave these two fields as-is: IMPORTANT! To be able to proceed, you need to solve","Notify me of follow-up comments by email. Notify me of new posts by email. Security Question: What is 15 + 14 ? Please leave these two fields as-is: IMPORTANT! To be able to proceed, you need to solve",False
39642,43801,0.6539278131634819,0.8676056338028169,sensitivity,McIntire,McIntire,False,"November 2, 2016 Will Obama recognize Palestinian state?  US President Barack Obama will be stepping down from eight years in office in January, but not before at least one more last ditch effort to s","November 1, 2016 UN Chief urges South Africa to reconsider quitting ICC  The United Nations Secretary-General Ban Ki-moon regretted the South Africa’s decision to leave the International Criminal Cour",False
40180,43801,0.7573529411764706,0.8704225352112676,sensitivity,McIntire,McIntire,False,"November 1, 2016 Pope Francis Commemorates 500th Anniversary Of Protestant Reformation  Pope Francis is in Sweden to kick off the commemoration of 500 years since the Protestant Reformation. The refor","November 1, 2016 UN Chief urges South Africa to reconsider quitting ICC  The United Nations Secretary-General Ban Ki-moon regretted the South Africa’s decision to leave the International Criminal Cour",False
40371,43547,0.8518518518518519,0.92,sensitivity,McIntire,McIntire,False,"Notify me of follow-up comments by email. Notify me of new posts by email. Security Question: What is 5 + 13 ? Please leave these two fields as-is: IMPORTANT! To be able to proceed, you need to solve ","Notify me of follow-up comments by email. Notify me of new posts by email. Security Question: What is 8 + 7 ? Please leave these two fields as-is: IMPORTANT! To be able to proceed, you need to solve t",False
38058,38196,0.7345132743362832,0.8469387755102041,sensitivity,McIntire,McIntire,False,"Syrian War Report – October 31, 2016: Al-Nusra-led Forces Failed to Break Aleppo Siege ‹ › South Front Analysis & Intelligence is a public analytical project maintained by an independent team of exper",Trump Whistles His Dogs ‹ › South Front Analysis & Intelligence is a public analytical project maintained by an independent team of experts from the four corners of the Earth focusing on international,False
42471,43801,0.6739606126914661,0.8676056338028169,sensitivity,McIntire,McIntire,False,"October 31, 2016 Hillary Clinton demands answers and Democrats call foul  he FBI has announced it is investigating new emails sent by Hillary Clinton on a private server during her time as Secretary o","November 1, 2016 UN Chief urges South Africa to reconsider quitting ICC  The United Nations Secretary-General Ban Ki-moon regretted the South Africa’s decision to leave the International Criminal Cour",False
42087,43880,0.6896551724137931,0.8163265306122449,sensitivity,McIntire,McIntire,False,"Facebook Lets Advertisers Exclude Users by Race Julia Angwin and Terry Parris Jr., Pro Publica, October 28, 2016  Imagine if, during the Jim Crow era, a newspaper offered advertisers the option of pla","Imagine if, during the Jim Crow era, a newspaper offered advertisers the option of placing ads only in copies that went to white readers.  That’s basically what Facebook is doing nowadays.  The ubiqui",False
38196,43971,0.7981651376146789,0.8877551020408163,sensitivity,McIntire,McIntire,False,Trump Whistles His Dogs ‹ › South Front Analysis & Intelligence is a public analytical project maintained by an independent team of experts from the four corners of the Earth focusing on international,Vladimir Putin: The United States continues to sleep with al-Nusra ‹ › South Front Analysis & Intelligence is a public analytical project maintained by an independent team of experts from the four cor,False
38865,42670,0.7870370370370371,0.8947368421052632,sensitivity,McIntire,McIntire,False,"Email  Why does everyone think that presidential campaigns are about “issues,” when anyone over the age of consent knows they are all about sex? But it says a lot about the lasting power of Viagra tha","Sex and the Presidential City Sex and the Presidential City By 0 58  Why does everyone think that presidential campaigns are about “issues,” when anyone over the age of consent knows they are all abou",False
39461,41755,0.5811965811965812,0.7816091954022989,sensitivity,McIntire,McIntire,False,"link The oligarchy runs our society with Problem – Reaction – Solution. If anything, these leaks have proven beyond a shadow of a doubt that the two-party system is an illusion and the whole construct","Posted on October 28, 2016 by # 1 NWO Hatr Published on Oct 27, 2016 by Truthstream Media The oligarchy runs our society with Problem – Reaction – Solution. If anything, these leaks have proven beyond",False
38196,42005,0.7345132743362832,0.8469387755102041,sensitivity,McIntire,McIntire,False,Trump Whistles His Dogs ‹ › South Front Analysis & Intelligence is a public analytical project maintained by an independent team of experts from the four corners of the Earth focusing on international,I thought I was just scared of Trump – but it’s his America I fear ‹ › South Front Analysis & Intelligence is a public analytical project maintained by an independent team of experts from the four cor,False
39600,40765,0.6066350710900474,0.7757575757575758,sensitivity,McIntire,McIntire,False,"Black Activist Blasts Hillary Clinton Over Wikileaks Revelation Eric Garner's daughter speaks out against Clinton campaign for using her father's death Infowars Nightly News - October 28, 2016 Comment","Back Story Of FBI’s Hillary Cover-Up FBI corruption exposed Infowars Nightly News - October 28, 2016 Comments  Angry law enforcement investigators are talking about corruption at the top of the FBI’s ",False
39158,42977,0.8518518518518519,0.92,sensitivity,McIntire,McIntire,False,"Notify me of follow-up comments by email. Notify me of new posts by email. Security Question: What is 13 + 12 ? Please leave these two fields as-is: IMPORTANT! To be able to proceed, you need to solve","Notify me of follow-up comments by email. Notify me of new posts by email. Security Question: What is 12 + 15 ? Please leave these two fields as-is: IMPORTANT! To be able to proceed, you need to solve",False
39642,42471,0.5855513307984791,0.751219512195122,sensitivity,McIntire,McIntire,False,"November 2, 2016 Will Obama recognize Palestinian state?  US President Barack Obama will be stepping down from eight years in office in January, but not before at least one more last ditch effort to s","October 31, 2016 Hillary Clinton demands answers and Democrats call foul  he FBI has announced it is investigating new emails sent by Hillary Clinton on a private server during her time as Secretary o",False
41150,43801,0.6457023060796646,0.8676056338028169,sensitivity,McIntire,McIntire,False,"November 11, 2016 Top EU Official Disputes That Trump Could Upend Iran Nuclear Deal  Asked Thursday about President-elect Donald Trump’s threats to tear up the Iran nuclear deal once in office, the Eu","November 1, 2016 UN Chief urges South Africa to reconsider quitting ICC  The United Nations Secretary-General Ban Ki-moon regretted the South Africa’s decision to leave the International Criminal Cour",False
39642,43801,0.6539278131634819,0.8676056338028169,sensitivity,McIntire,McIntire,False,"November 2, 2016 Will Obama recognize Palestinian state?  US President Barack Obama will be stepping down from eight years in office in January, but not before at least one more last ditch effort to s","November 1, 2016 UN Chief urges South Africa to reconsider quitting ICC  The United Nations Secretary-General Ban Ki-moon regretted the South Africa’s decision to leave the International Criminal Cour",False
39119,43739,0.8518518518518519,0.92,sensitivity,McIntire,McIntire,False,"Notify me of follow-up comments by email. Notify me of new posts by email. Security Question: What is 14 + 5 ? Please leave these two fields as-is: IMPORTANT! To be able to proceed, you need to solve ","Notify me of follow-up comments by email. Notify me of new posts by email. Security Question: What is 3 + 12 ? Please leave these two fields as-is: IMPORTANT! To be able to proceed, you need to solve ",False
42095,42204,0.7777777777777778,0.8842105263157894,sensitivity,McIntire,McIntire,False,"Email  Will this be the most chaotic election day in modern American history? All across the nation, schools are being closed on election day due to safety fears. Traditionally, schools have been very","Schools All Over America Are Closing On Election Day Due To Fears Of Violence  Will this be the most chaotic election day in modern American history? All across the nation, schools are being closed on",False
39119,40371,0.8518518518518519,0.92,sensitivity,McIntire,McIntire,False,"Notify me of follow-up comments by email. Notify me of new posts by email. Security Question: What is 14 + 5 ? Please leave these two fields as-is: IMPORTANT! To be able to proceed, you need to solve ","Notify me of follow-up comments by email. Notify me of new posts by email. Security Question: What is 5 + 13 ? Please leave these two fields as-is: IMPORTANT! To be able to proceed, you need to solve ",False
39600,41817,0.6009615384615384,0.7861635220125787,sensitivity,McIntire,McIntire,False,"Black Activist Blasts Hillary Clinton Over Wikileaks Revelation Eric Garner's daughter speaks out against Clinton campaign for using her father's death Infowars Nightly News - October 28, 2016 Comment","This Viral Video Has Hillary Running Scared The wildest campaign ad you will ever see! Infowars.com - October 28, 2016 Comments  Share this video on YouTube and Facebook to join the fight and support ",False
41915,42894,0.6206896551724138,0.8901098901098901,sensitivity,McIntire,McIntire,False,Home › POLICE STATE › HOMESCHOOL FAMILIES TARGETED IN DISTRICT’S ‘OPERATION ROUND UP’ HOMESCHOOL FAMILIES TARGETED IN DISTRICT’S ‘OPERATION ROUND UP’ 0 SHARES  [10/31/16] A public school official in F,Off the Grid News – by Daniel Jennings  A public school official in Florida has urged citizens to fight truancy by reporting any children they suspect might not be in school or being educated — includ,False
40390,41589,0.7869318181818182,0.8993506493506493,sensitivity,McIntire,McIntire,False,"Posted on October 28, 2016 by DCG | 2 Comments  Ain’t multiculturalism grand?  From Daily Express : The father of the pupil at the girl’s primary school in German ski resort Garmisch-Partenkirchen dis",BNI Store Oct 27 2016 GERMANY: Parents outraged after German primary school ‘forces’ children to chant “Allahu Akbar” and “there is no God but Allah” in Muslim prayer The father of the pupil at the gi,False
38260,39342,0.525,0.7397555715312725,sensitivity,McIntire,McIntire,False,GOOGLE PLANNED MASSIVE AI INTEGRATED SOCIAL NETWORK SPY TOOL FOR HILLARY CAMPAIGN IN 2014   Source: Higgins News Network  A newly released Podesta email reveals that Google CEO Eric Schmidt contacted ,"Secondary verification by google.com DKIM key Fwd: 2016 thoughts From:cheryl.mills@gmail.com To: robbymook@gmail.com, john.podesta@gmail.com, daplouffe@icloud.com Date: 2014-04-15 17:16 Subject: Fwd: ",False
38058,43971,0.7345132743362832,0.8469387755102041,sensitivity,McIntire,McIntire,False,"Syrian War Report – October 31, 2016: Al-Nusra-led Forces Failed to Break Aleppo Siege ‹ › South Front Analysis & Intelligence is a public analytical project maintained by an independent team of exper",Vladimir Putin: The United States continues to sleep with al-Nusra ‹ › South Front Analysis & Intelligence is a public analytical project maintained by an independent team of experts from the four cor,False
39119,39158,0.8518518518518519,0.92,sensitivity,McIntire,McIntire,False,"Notify me of follow-up comments by email. Notify me of new posts by email. Security Question: What is 14 + 5 ? Please leave these two fields as-is: IMPORTANT! To be able to proceed, you need to solve ","Notify me of follow-up comments by email. Notify me of new posts by email. Security Question: What is 13 + 12 ? Please leave these two fields as-is: IMPORTANT! To be able to proceed, you need to solve",False
40047,41780,0.5,0.8,sensitivity,McIntire,McIntire,False,"Donald Trump and called out Hillary Clinton for her many lies.  ""I bet if Donald Trump had a brick for every lie Hillary has told he could build two walls,"" she told the enthusiastic crowd in attendan",Who can argue with this young lady’s speech? I bet if Donald Trump had a brick for every lie Hillary has told he could build two walls.  … As a thirteen year old even I know Hillary Clinton is working,False
42087,43880,0.6896551724137931,0.8163265306122449,sensitivity,McIntire,McIntire,False,"Facebook Lets Advertisers Exclude Users by Race Julia Angwin and Terry Parris Jr., Pro Publica, October 28, 2016  Imagine if, during the Jim Crow era, a newspaper offered advertisers the option of pla","Imagine if, during the Jim Crow era, a newspaper offered advertisers the option of placing ads only in copies that went to white readers.  That’s basically what Facebook is doing nowadays.  The ubiqui",False
40716,43028,0.7798165137614679,0.8762886597938144,sensitivity,McIntire,McIntire,False,"Print Side-by-side of Bill Clinton and Danney Williams  NEW YORK –YouTube on Wednesday suspended the account of Danney Williams, the 30-year-old who has claimed since the 1990s to be the black son of ","YOUTUBE BANS ‘CLINTON’S BLACK SON’   Tweet  NEW YORK –YouTube on Wednesday suspended the account of Danney Williams, the 30-year-old man who has claimed since the 1990s to be the black son of former P",False
42204,43935,0.7777777777777778,0.8842105263157894,sensitivity,McIntire,McIntire,False,"Schools All Over America Are Closing On Election Day Due To Fears Of Violence  Will this be the most chaotic election day in modern American history? All across the nation, schools are being closed on","in: Politics , Sleuth Journal , Special Interests Will this be the most chaotic election day in modern American history? All across the nation, schools are being closed on election day due to safety f",False
39119,43547,0.8518518518518519,0.92,sensitivity,McIntire,McIntire,False,"Notify me of follow-up comments by email. Notify me of new posts by email. Security Question: What is 14 + 5 ? Please leave these two fields as-is: IMPORTANT! To be able to proceed, you need to solve ","Notify me of follow-up comments by email. Notify me of new posts by email. Security Question: What is 8 + 7 ? Please leave these two fields as-is: IMPORTANT! To be able to proceed, you need to solve t",False
40677,40765,0.5252100840336135,0.7575757575757576,sensitivity,McIntire,McIntire,False,"Hillary Responds To Creepy Joe Biden Caught Groping Dozens of Young Women Also, Michelle Obama hosts an event for rappers who promote rape Alex Jones | Infowars.com - October 28, 2016 Comments  As if ","Back Story Of FBI’s Hillary Cover-Up FBI corruption exposed Infowars Nightly News - October 28, 2016 Comments  Angry law enforcement investigators are talking about corruption at the top of the FBI’s ",False
41215,42272,0.7818181818181819,0.8775510204081632,sensitivity,McIntire,McIntire,False,"Photo by Diego Torres Silvestre | CC BY 2.0   The American journalist, Edward Bernays, is often described as the man who invented modern propaganda.  The nephew of Sigmund Freud, the pioneer of psycho","License DMCA The American journalist, Edward Bernays, is often described as the man who invented modern propaganda. The nephew of Sigmund Freud, the pioneer of psycho-analysis, it was Bernays who coin",False
42204,43935,0.7777777777777778,0.8842105263157894,sensitivity,McIntire,McIntire,False,"Schools All Over America Are Closing On Election Day Due To Fears Of Violence  Will this be the most chaotic election day in modern American history? All across the nation, schools are being closed on","in: Politics , Sleuth Journal , Special Interests Will this be the most chaotic election day in modern American history? All across the nation, schools are being closed on election day due to safety f",False
42058,42569,0.6215080346106304,0.8704986149584487,sensitivity,McIntire,McIntire,False,"A dispatch from RT.com ABOVE: Democratic U.S. presidential candidate Hillary Clinton (L) and Julian Assange, Founder and Editor-in-Chief of WikiLeaks © Reuters / Darthmouth Films Hillary Clinton spark","Secrets of the US Election: Assange Talks to Pilger November 5, 2016  WikiLeaks founder Julian Assange denies the Russian government was the source of leaked emails about Hillary Clinton and says her ",False
39299,39982,0.6810344827586207,0.8144329896907216,sensitivity,McIntire,McIntire,False,"Leaked Email: ‘If She Wins, Hillary Will Own The Supreme Court for the Next 30 to 40 Years’   Tweet  This. Is. Horrifying.  In another Wikileaks email , this time from Chairman of the National Jewish ","Posted on October 27, 2016 by Melissa Dykes  This. Is. Horrifying.  In another Wikileaks email , this time from Chairman of the National Jewish Democratic Council Marc Stanley to Hillary campaign chai",False
43801,73025,0.7493917274939172,0.8676056338028169,sensitivity,McIntire,WELFake,False,"November 1, 2016 UN Chief urges South Africa to reconsider quitting ICC  The United Nations Secretary-General Ban Ki-moon regretted the South Africa’s decision to leave the International Criminal Cour","October 31, 2016 FBI in Internal Feud Over Hillary Clinton Probe The surprise disclosure that agents from the Federal Bureau of Investigation are taking a new look at Hillary Clinton’s email use lays ",False
42471,54411,0.6350515463917525,0.804177545691906,sensitivity,McIntire,WELFake,False,"October 31, 2016 Hillary Clinton demands answers and Democrats call foul  he FBI has announced it is investigating new emails sent by Hillary Clinton on a private server during her time as Secretary o","November 8, 2016 Palestinians say ‘oui’ to Paris peace conference after Israel balks  Palestinians on Monday welcomed a French plan to hold an international conference on the two-state solution in Par",False
41832,63445,0.6831683168316832,0.8313253012048193,sensitivity,McIntire,WELFake,False,"September New Homes Sales Rise Back To 1992 Level! By David Stockman. Posted On Wednesday, October 26th, 2016   David Stockman's Contra Corner is the only place where mainstream delusions and cant abo","Chart Of The Day: Automobile Demographics---Steadily Older Fleet, Fewer New Cars Needed By David Stockman. Posted On Thursday, November 24th, 2016  David Stockman's Contra Corner is the only place whe",False
39155,55523,0.5211267605633803,0.6981132075471698,sensitivity,McIntire,WELFake,False,"Trump Votes Are Being Flipped To Clinton There have already been multiple reports of faulty electronic voting machines The Alex Jones Show - October 28, 2016 Comments  The election fraud is already be","Grassroot Voter Fraud Investigation Hacked Election monitoring group hacked after exposing faulty electronic voting machines The Alex Jones Show - October 27, 2016 Comments  Roger Stone talks about wh",False
38922,67680,0.7984555984555984,0.9736346516007532,primary,McIntire,WELFake,False,"By Julian Assange / counterpunch.org  In recent months, WikiLeaks and I personally have come under enormous pressure to stop publishing what the Clinton campaign says about itself to itself. That pres","VIDEOS Assange tells the sordid truth about the US elections There’s so much information that it’s difficult to see the large mosaic created by the tiny parts By Daisy Luther - November 8, 2016  When ",False
43739,48720,0.8518518518518519,0.92,sensitivity,McIntire,WELFake,False,"Notify me of follow-up comments by email. Notify me of new posts by email. Security Question: What is 3 + 12 ? Please leave these two fields as-is: IMPORTANT! To be able to proceed, you need to solve ","Notify me of follow-up comments by email. Notify me of new posts by email. Security Question: What is 15 + 14 ? Please leave these two fields as-is: IMPORTANT! To be able to proceed, you need to solve",False
41150,104853,0.5965250965250966,0.7783375314861462,sensitivity,McIntire,WELFake,False,"November 11, 2016 Top EU Official Disputes That Trump Could Upend Iran Nuclear Deal  Asked Thursday about President-elect Donald Trump’s threats to tear up the Iran nuclear deal once in office, the Eu","November 11, 2016 Islamic State executes scores, stockpiles chemicals  Islamic State fighters have executed scores more people around Mosul this week and are reportedly stockpiling ammonia and sulfur ",False
43971,78668,0.7192982456140351,0.8367346938775511,sensitivity,McIntire,WELFake,False,Vladimir Putin: The United States continues to sleep with al-Nusra ‹ › South Front Analysis & Intelligence is a public analytical project maintained by an independent team of experts from the four cor,Trump’s grandfather was a pimp and tax evader; his father a member of the KKK ‹ › South Front Analysis & Intelligence is a public analytical project maintained by an independent team of experts from t,False
41604,76195,0.603448275862069,0.7526881720430108,sensitivity,McIntire,WELFake,False,Print  [Ed. – Hollywood wouldn’t dare dream this one up. What remarkable things life keeps organizing for us.]  It takes a lot for the FBI to reopen an investigation. It takes even more for the FBI to,Print  It takes a lot for the FBI to reopen an investigation. It takes even more for the FBI to reopen an investigation of a presidential candidate eleven days before the election. But that’s exactly ,False
39642,44293,0.5822306238185255,0.7457627118644068,sensitivity,McIntire,WELFake,False,"November 2, 2016 Will Obama recognize Palestinian state?  US President Barack Obama will be stepping down from eight years in office in January, but not before at least one more last ditch effort to s","November 3, 2016 Pope Francis Warns Nations Not to Take in More Refugees Than They Can Assimilate  In an unusually nuanced discourse, Pope Francis has seemed to walk back earlier statements encouragin",False
40765,98835,0.6157635467980296,0.7668711656441718,sensitivity,McIntire,WELFake,False,"Back Story Of FBI’s Hillary Cover-Up FBI corruption exposed Infowars Nightly News - October 28, 2016 Comments  Angry law enforcement investigators are talking about corruption at the top of the FBI’s ","Hillary Running Scared From Shocking New Developments Clinton campaign in the middle of a downward spiral Alex Jones | Infowars.com - October 28, 2016 Comments  Alex Details a powerful new video and a",False
39563,44370,0.6699029126213593,0.8625,sensitivity,McIntire,WELFake,False,What is going on with WikiLeaks? 28/10/2016 tweet WikiLeaks director and founder of the Centre for Investigative Journalism Gavin MacFadyen has died at age 76. The cause of death is yet unknown. His ‘,What is going on with WikiLeaks?   Defend Democracy  WikiLeaks director and founder of the Centre for Investigative Journalism Gavin MacFadyen has died at age 76. The cause of death is yet unknown. Hi,False
40008,54117,0.8518518518518519,0.92,sensitivity,McIntire,WELFake,False,"Notify me of follow-up comments by email. Notify me of new posts by email. Security Question: What is 15 + 14 ? Please leave these two fields as-is: IMPORTANT! To be able to proceed, you need to solve","Notify me of follow-up comments by email. Notify me of new posts by email. Security Question: What is 13 + 12 ? Please leave these two fields as-is: IMPORTANT! To be able to proceed, you need to solve",False
38399,95662,0.7589743589743589,0.896969696969697,sensitivity,McIntire,WELFake,False," A prankster in Stockton, California is not laughing after an attempt to scare people in a creepy clown costume ended with a man pulling out his pistol and striking him on the side of his head. Sadiq ","The Daily Sheeple – by Ryan Bannister  A prankster in Stockton, California is not laughing after an attempt to scare people in a creepy clown costume ended with a man pulling out his pistol and striki",False
39228,77765,0.7629127857747672,0.8956262425447317,sensitivity,McIntire,WELFake,False, The Failure of Democracy How The Oligarchs Plan To Steal The Election By Paul Craig Roberts  I am now convinced that the Oligarchy that rules America intends to steal the presidential election. In th,"45 Views October 28, 2016 GOLD , KWN King World News  Today former U.S. Treasury Secretary, Dr. Paul Craig Roberts, warned about the Matrix of lies and exposed what the elite are about to do.  (King W",False
39990,85620,0.7913043478260869,0.883495145631068,sensitivity,McIntire,WELFake,False,"1591 Views November 04, 2016 60 Comments Moveable Feast Herb Swanson  2016/11/04 02:30:02Welcome to the ‘Moveable Feast Cafe’. The ‘Moveable Feast’ is an open thread where readers can post wide rangin","971 Views October 31, 2016 23 Comments Moveable Feast Herb Swanson  2016/10/31 15:00:02Welcome to the ‘Moveable Feast Cafe’. The ‘Moveable Feast’ is an open thread where readers can post wide ranging ",False
42195,58225,0.6086956521739131,0.7777777777777778,sensitivity,McIntire,WELFake,False,"Feds: 275,000 Born to Illegals in One Year, Would Fill City the Size of Orlando Paul Bedard, Washington Examiner, October 26, 2016  Moms in the United States illegally gave birth to 275,000 babies in ","Feds: 275,000 born to illegals in 1 year 7% of all U.S. births, would fill city size of Orlando Published: 1 min ago  (WASHINGTON EXAMINER) Moms in the United States illegally gave birth to 275,000 ba",False
42005,74159,0.7345132743362832,0.8469387755102041,sensitivity,McIntire,WELFake,False,I thought I was just scared of Trump – but it’s his America I fear ‹ › South Front Analysis & Intelligence is a public analytical project maintained by an independent team of experts from the four cor,Vladimir Putin: The United States continues to sleep with al-Nusra ‹ › South Front Analysis & Intelligence is a public analytical project maintained by an independent team of experts from the four cor,False
43801,44293,0.6695652173913044,0.8676056338028169,sensitivity,McIntire,WELFake,False,"November 1, 2016 UN Chief urges South Africa to reconsider quitting ICC  The United Nations Secretary-General Ban Ki-moon regretted the South Africa’s decision to leave the International Criminal Cour","November 3, 2016 Pope Francis Warns Nations Not to Take in More Refugees Than They Can Assimilate  In an unusually nuanced discourse, Pope Francis has seemed to walk back earlier statements encouragin",False
40789,66011,0.7714285714285715,0.8780487804878049,sensitivity,McIntire,WELFake,False,This post was originally published on this site  A Suffolk University/USA Today poll released Friday found that 75.9% of Americans believe the mainstream media “would like to see [Hillary Clinton] ele,"Posted on November 1, 2016 by WashingtonsBlog 75% of Americans Believe the Media Is Biased For Hillary  A Suffolk University/USA Today poll released Friday found that 75.9% of Americans believe the ma",False
41251,96780,0.7650375939849624,0.8733905579399142,sensitivity,McIntire,WELFake,False,"  Edmondo Burr in News , World // 0 Comments Julian Assange claims that Hillary Clinton’s campaign used hackers to attack WikiLeaks’ servers.  WikiLeaks’ editor-in-chief says that despite the Ecuadori",Home / Be The Change / Government Corruption / Assange Claims ‘Crazed’ Clinton Campaign Tried to Hack WikiLeaks Assange Claims ‘Crazed’ Clinton Campaign Tried to Hack WikiLeaks The Free Thought Projec,False
43227,84639,0.6311475409836066,0.8324324324324325,sensitivity,McIntire,WELFake,False,"October 26, 2016 LDS Church’s new ‘Mormon and Gay’ website wins cheers and some jeers for ignoring controversial policy Much has changed for gays and lesbians since 2012 in the U.S. and many parts of ","November 8, 2016 Calif. Proposition Requires Permit to Buy Bullets  California residents will be voting tomorrow on a measure that would require individuals to purchase a permit to but bullets and for",False
40008,77902,0.8518518518518519,0.92,sensitivity,McIntire,WELFake,False,"Notify me of follow-up comments by email. Notify me of new posts by email. Security Question: What is 15 + 14 ? Please leave these two fields as-is: IMPORTANT! To be able to proceed, you need to solve","Notify me of follow-up comments by email. Notify me of new posts by email. Security Question: What is 14 + 5 ? Please leave these two fields as-is: IMPORTANT! To be able to proceed, you need to solve ",False
42033,56701,0.6302521008403361,0.78125,sensitivity,McIntire,WELFake,False,"By John Whitehead, the Rutherford Institute .  “The people have the power, all we have to do is awaken that power in the people. The people are unaware. They’re not educated to realize that they have ","Not guilty: The power of nullification to counteract government tyranny By John W. Whitehead Posted on November 2, 2016 by John W. Whitehead  “The people have the power, all we have to do is awaken th",False
42569,76983,0.6215080346106304,0.8704986149584487,sensitivity,McIntire,WELFake,False,"Secrets of the US Election: Assange Talks to Pilger November 5, 2016  WikiLeaks founder Julian Assange denies the Russian government was the source of leaked emails about Hillary Clinton and says her ","A dispatch from RT.com ABOVE: Democratic U.S. presidential candidate Hillary Clinton (L) and Julian Assange, Founder and Editor-in-Chief of WikiLeaks © Reuters / Darthmouth Films Hillary Clinton spark",False
39723,57593,0.7584869059165859,0.9536585365853658,primary,McIntire,WELFake,False,"40 Views November 09, 2016 GOLD , KWN King World News  Today former U.S. Treasury Secretary just warned that Trump could be assassinated.  (King World News) Former U.S. Treasury Secretary Dr. Paul Cra","Here's something interesting from The Unz Review... Recipient Name Recipient Email =>  The US presidential election is historic, because the American people were able to defeat the oligarchs. Hillary ",False
39299,46625,0.6810344827586207,0.8144329896907216,sensitivity,McIntire,WELFake,False,"Leaked Email: ‘If She Wins, Hillary Will Own The Supreme Court for the Next 30 to 40 Years’   Tweet  This. Is. Horrifying.  In another Wikileaks email , this time from Chairman of the National Jewish ","Posted on October 27, 2016 by Melissa Dykes  This. Is. Horrifying.  In another Wikileaks email , this time from Chairman of the National Jewish Democratic Council Marc Stanley to Hillary campaign chai",False
42868,66794,0.6086956521739131,0.7777777777777778,sensitivity,McIntire,WELFake,False,"Feds: 275,000 born to illegals in 1 year 7% of all U.S. births, would fill city size of Orlando Published: 1 min ago  (WASHINGTON EXAMINER) Moms in the United States illegally gave birth to 275,000 ba","Feds: 275,000 Born to Illegals in One Year, Would Fill City the Size of Orlando Paul Bedard, Washington Examiner, October 26, 2016  Moms in the United States illegally gave birth to 275,000 babies in ",False
38786,50507,0.6206896551724138,0.782608695652174,sensitivity,McIntire,WELFake,False,"Julian Assange October Surprise REVEALED 10/28/2016 In today’s video, Christopher Greene of AMTV reports on the Julian Assange October Surprise & Rants about a Complacent Mainstream Media. 10/27/2016 ","Alex Jones Declares Trump Landslide Victory 10/27/2016 In today’s video, Christopher Greene of AMTV reports on Alex Jones Prediction of a Donald Trump Landslide Victory. 10/27/2016 TRUTH REVOLT http:/",False
39642,62128,0.5669724770642202,0.7287735849056604,sensitivity,McIntire,WELFake,False,"November 2, 2016 Will Obama recognize Palestinian state?  US President Barack Obama will be stepping down from eight years in office in January, but not before at least one more last ditch effort to s","November 11, 2016 Top EU Official Disputes That Trump Could Upend Iran Nuclear Deal  Asked Thursday about President-elect Donald Trump’s threats to tear up the Iran nuclear deal once in office, the Eu",False
40390,99259,0.5609756097560976,0.71875,sensitivity,McIntire,WELFake,False,"Posted on October 28, 2016 by DCG | 2 Comments  Ain’t multiculturalism grand?  From Daily Express : The father of the pupil at the girl’s primary school in German ski resort Garmisch-Partenkirchen dis","From The Daily Express :  PUPILS at a primary school were forced to chant “Allahu Akhbar” and “there is no God but Allah”, an appalled father has claimed.  The father of the pupil at the girl’s primar",False
40180,68011,0.6443514644351465,0.850828729281768,sensitivity,McIntire,WELFake,False,"November 1, 2016 Pope Francis Commemorates 500th Anniversary Of Protestant Reformation  Pope Francis is in Sweden to kick off the commemoration of 500 years since the Protestant Reformation. The refor","November 2, 2016 Will Obama recognize Palestinian state?  US President Barack Obama will be stepping down from eight years in office in January, but not before at least one more last ditch effort to s",False
39703,82288,0.7476635514018691,0.9652777777777778,sensitivity,McIntire,WELFake,False,"Posted on October 27, 2016 by Pamela Geller  The bombshells about this criminal are now breaking daily. It’s not a question of Trump, it is an imperative that Hillary be defeated. If the people choose","Wikileaks: Bill Clinton BOASTS of Hillary’s ‘Working Relationship’ with Islamic Terrorist Organization Oct 29, 2016 Previous post  The bombshells about this criminal are now breaking daily. It’s not a",False
42274,56903,0.6228070175438597,0.7717391304347826,sensitivity,McIntire,WELFake,False,"Donald Trump: Hillary’s Syria Policy Would Lead to ‘World War Three’ Joe Raedle/Getty Images by Breitbart News 26 Oct 2016 0  26 Oct, 2016 26   (REUTERS) U.S. Republican presidential nominee Donald Tr","Trump: Hillary would lead to World War 3 Due to potential for conflict with nuclear-armed Russia Published: 28 mins ago  (REUTERS) — DORAL, Florida — U.S. Republican presidential nominee Donald Trump ",False
42977,77119,0.8518518518518519,0.92,sensitivity,McIntire,WELFake,False,"Notify me of follow-up comments by email. Notify me of new posts by email. Security Question: What is 12 + 15 ? Please leave these two fields as-is: IMPORTANT! To be able to proceed, you need to solve","Notify me of follow-up comments by email. Notify me of new posts by email. Security Question: What is 4 + 7 ? Please leave these two fields as-is: IMPORTANT! To be able to proceed, you need to solve t",False
42723,74159,0.75,0.8571428571428571,sensitivity,McIntire,WELFake,False,"Syrian War Report – October 27, 2016: Russian Strikes Destroyed Over 300 Terrorists’ Oil Facilities ‹ › South Front Analysis & Intelligence is a public analytical project maintained by an independent ",Vladimir Putin: The United States continues to sleep with al-Nusra ‹ › South Front Analysis & Intelligence is a public analytical project maintained by an independent team of experts from the four cor,False
42519,79155,0.8148148148148148,0.9009584664536742,sensitivity,McIntire,WELFake,False," On Sunday evening, side-by-side images of Hillary Clintonâ€™s campaign chairman John Podesta and his brother Tony next to police sketches of potential suspects in a 2007 kidnapping of a three-year-ol","We Are Change  On Sunday evening, side-by-side images of Hillary Clinton’s campaign chairman John Podesta and his brother Tony next to police sketches of potential suspects in a 2007 kidnapping of a t",False
42005,84428,0.7345132743362832,0.8469387755102041,sensitivity,McIntire,WELFake,False,I thought I was just scared of Trump – but it’s his America I fear ‹ › South Front Analysis & Intelligence is a public analytical project maintained by an independent team of experts from the four cor,Vladimir Putin: The United States continues to sleep with al-Nusra ‹ › South Front Analysis & Intelligence is a public analytical project maintained by an independent team of experts from the four cor,False
40180,44932,0.6539278131634819,0.850828729281768,sensitivity,McIntire,WELFake,False,"November 1, 2016 Pope Francis Commemorates 500th Anniversary Of Protestant Reformation  Pope Francis is in Sweden to kick off the commemoration of 500 years since the Protestant Reformation. The refor","November 11, 2016 French Plan for ‘Mega Database’ of Citizens’ Personal Data Triggers Protests  The French government is under fire for quietly issuing a decree establishing a mega-database of persona",False
38765,62385,0.7935828877005348,0.9699346405228758,primary,McIntire,WELFake,False,The Militarized Police at Standing Rock is Working for This Man The months long Dakota Access Keystone XL pipleine protest at the Standing Rock Indian Reservation ... Print Email http://humansarefree.,Pipeline Billionaire Who Militarized Police at Standing Rock 11 Shares Email  The months long Dakota Access Keystone XL pipleine protest at the Standing Rock Indian Reservation by Native Americans and,False
38945,84743,0.3943360304616849,0.9798935541099941,sensitivity,McIntire,WELFake,False," Yesterday, we reported that the FBI has found “ tens of thousands of emails ” belonging to Huma Adein on Anthony Weiner’s computer, raising questions how practical it is that any conclusive finding w","United States Marine Field McConnell  Plum City Online - ( AbelDanger.net )  October 31, 2016  1. Abel Danger ( AD ) claims that Clinton Foundation donors use 8(a) servers for online assassination bet",False
42244,60818,0.8317757009345794,0.9553805774278216,sensitivity,McIntire,WELFake,False,Email   It appears Bill and Hillary Clinton are making plans to flee the country in the event Donald Trump wins this election.  Reports are circulating that the Clintons have transferred 1.8 Billion d,Email   It appears Bill and Hillary Clinton are making plans to flee the country in the event Donald Trump wins this election. Reports are circulating that the Clinton’s have transferred 1.8 Billion d,False
42723,78668,0.7192982456140351,0.8367346938775511,sensitivity,McIntire,WELFake,False,"Syrian War Report – October 27, 2016: Russian Strikes Destroyed Over 300 Terrorists’ Oil Facilities ‹ › South Front Analysis & Intelligence is a public analytical project maintained by an independent ",Trump’s grandfather was a pimp and tax evader; his father a member of the KKK ‹ › South Front Analysis & Intelligence is a public analytical project maintained by an independent team of experts from t,False
40008,79505,0.8518518518518519,0.92,sensitivity,McIntire,WELFake,False,"Notify me of follow-up comments by email. Notify me of new posts by email. Security Question: What is 15 + 14 ? Please leave these two fields as-is: IMPORTANT! To be able to proceed, you need to solve","Notify me of follow-up comments by email. Notify me of new posts by email. Security Question: What is 3 + 12 ? Please leave these two fields as-is: IMPORTANT! To be able to proceed, you need to solve ",False
43739,49613,0.8518518518518519,0.92,sensitivity,McIntire,WELFake,False,"Notify me of follow-up comments by email. Notify me of new posts by email. Security Question: What is 3 + 12 ? Please leave these two fields as-is: IMPORTANT! To be able to proceed, you need to solve ","Notify me of follow-up comments by email. Notify me of new posts by email. Security Question: What is 4 + 2 ? Please leave these two fields as-is: IMPORTANT! To be able to proceed, you need to solve t",False
42471,73025,0.6681034482758621,0.8516483516483516,sensitivity,McIntire,WELFake,False,"October 31, 2016 Hillary Clinton demands answers and Democrats call foul  he FBI has announced it is investigating new emails sent by Hillary Clinton on a private server during her time as Secretary o","October 31, 2016 FBI in Internal Feud Over Hillary Clinton Probe The surprise disclosure that agents from the Federal Bureau of Investigation are taking a new look at Hillary Clinton’s email use lays ",False
41251,48198,0.75,0.9168704156479217,sensitivity,McIntire,WELFake,False,"  Edmondo Burr in News , World // 0 Comments Julian Assange claims that Hillary Clinton’s campaign used hackers to attack WikiLeaks’ servers.  WikiLeaks’ editor-in-chief says that despite the Ecuadori","Julian Assange has claimed the Hillary Clinton campaign has attacked the servers being used by WikiLeaks. Despite the Ecuadorian embassy shutting down his internet until the US election is over, the w",False
42360,87592,0.5757009345794393,0.7386091127098321,sensitivity,McIntire,WELFake,False,"November 2, 2016 Networks Continue to Ignore Obamacare Collapse  Bill Clinton’s startling description of Obamacare earlier this month as a “crazy system” yanked the Big Three broadcast networks out of","October 26, 2016 LDS Church’s new ‘Mormon and Gay’ website wins cheers and some jeers for ignoring controversial policy Much has changed for gays and lesbians since 2012 in the U.S. and many parts of ",False
39244,44602,0.4746376811594203,0.9097222222222222,sensitivity,McIntire,WELFake,False,The Most Interesting Chart In The World - Part 2 By Lee Adler.   In Part 1 of this report you saw the rollercoaster shape of the European Central Bank balance sheet. The ECB’s assets grew massively un,"November 11: Daily Contrarian Reads   My daily contrarian reads for Friday, November 11th, 2016. You need to login to view this content.  David Stockman’s Contra Corner isn’t your typical financial ti",False
38462,54069,0.71875,0.0,sensitivity,McIntire,WELFake,False,"Next Story → Judge Judy LOSES IT on Hood Rat: “You Sound Stupid! You’re 19-Yrs-Old, You Have a 2-Yr-Old Child, a Dead Boyfriend…” You may also like...","Videos New Posts Judge Judy LOSES IT on Hood Rat: “You Sound Stupid! You’re 19-Yrs-Old, You Have a 2-Yr-Old Child, a Dead Boyfriend…”",False
93841,103452,0.5658823529411765,0.7233082706766917,sensitivity,WELFake,WELFake,False,(Reuters) - U.S. President-elect Donald Trump said in an interview aired on Friday that he expected to have most members of his Cabinet announced next week. Trump takes office on Jan. 20. Below are pe,"(Reuters) - U.S. President-elect Donald Trump announced two additional nominees for his Cabinet on Wednesday, and his transition team said he is holding meetings as he prepares to make high-level appo",False
46976,78574,0.5555555555555556,0.7142857142857143,sensitivity,WELFake,WELFake,False,Tune in to the Alternate Current Radio Network (ACR) for another LIVE broadcast of  The Boiler Room  starting at 6:00 PM PST | 8:00 PM CST | 9:00 PM EST for this special broadcast. Join us for uncenso,Tune in to the Alternate Current Radio Network (ACR) for another LIVE broadcast of  The Boiler Room  starting at 6:00 PM PST | 8:00 PM CST | 9:00 PM EST for this special broadcast. Join us for uncenso,True
77921,96638,0.5725806451612904,0.7319587628865979,sensitivity,WELFake,WELFake,False,"Tune in to the Alternate Current Radio Network (ACR) for another LIVE broadcast of  The Boiler Room  tonight 6:00 PM PST | 8:00 PM CST | 9:00 PM EST for this special broadcast. Join us for uncensored,","Tune in to the Alternate Current Radio Network (ACR) for another LIVE broadcast of  The Boiler Room  tonight 6:00 PM PST | 8:00 PM CST | 9:00 PM EST for this special broadcast. Join us for uncensored,",True
73215,77921,0.5476190476190477,0.711340206185567,sensitivity,WELFake,WELFake,False,"Tune in to the Alternate Current Radio Network (ACR) for another LIVE broadcast of  The Boiler Room tonight 6:00 PM PST | 8:00 PM CST | 9:00 PM EST for this special broadcast. Join us for uncensored, ","Tune in to the Alternate Current Radio Network (ACR) for another LIVE broadcast of  The Boiler Room  tonight 6:00 PM PST | 8:00 PM CST | 9:00 PM EST for this special broadcast. Join us for uncensored,",True
55109,65932,0.5,0.6701030927835051,sensitivity,WELFake,WELFake,False,"Tune in to the Alternate Current Radio Network (ACR) for another LIVE broadcast of  The Boiler Room  starting at 6 PM PST | 9 PM EST every Wednesday.Join us for uncensored, uninterruptible talk radio,","Tune in to the Alternate Current Radio Network (ACR) for another LIVE broadcast of  The Boiler Room  starting at 6 PM PST | 9 PM EST every Wednesday. Join us for uncensored, uninterruptible talk radio",True
47243,98835,0.6157635467980296,0.7668711656441718,sensitivity,WELFake,WELFake,False,"Trump Votes Are Being Flipped To Clinton There have already been multiple reports of faulty electronic voting machines The Alex Jones Show - October 28, 2016 Comments  The election fraud is already be","Hillary Running Scared From Shocking New Developments Clinton campaign in the middle of a downward spiral Alex Jones | Infowars.com - October 28, 2016 Comments  Alex Details a powerful new video and a",False
57482,72907,0.6574074074074074,0.8352941176470589,sensitivity,WELFake,WELFake,False,"Chart Of The Day: Russia Must Want War---Look How Close They Have Put Their Borders To Our Military Bases! By David Stockman. Posted On Saturday, November 12th, 2016   David Stockman's Contra Corner i","Chart Of The Day: Mind The Russell 2000---Epic Breakdown Underway By David Stockman. Posted On Wednesday, October 26th, 2016  David Stockman's Contra Corner is the only place where mainstream delusion",False
51903,70816,0.6896551724137931,0.8163265306122449,sensitivity,WELFake,WELFake,False,"Tune in to the Alternate Current Radio Network (ACR) for another LIVE broadcast of  The Boiler Room tonight 6:00 PM PST | 8:00 PM CST | 9:00 PM EST for this special broadcast. Join us for uncensored, ","Tune in to the Alternate Current Radio Network (ACR) for another LIVE broadcast of  The Boiler Room  tonight 6:00 PM PST | 8:00 PM CST | 9:00 PM EST for this special broadcast. Join us for uncensored,",True
55775,59889,0.6610169491525424,0.7959183673469388,sensitivity,WELFake,WELFake,False,"Tune in to the Alternate Current Radio Network (ACR) for another LIVE broadcast of  The Boiler Room  tonight 6:00 PM PST | 8:00 PM CST | 9:00 PM EST for this special broadcast. Join us for uncensored,","Tune in to the Alternate Current Radio Network (ACR) for another LIVE broadcast of  The Boiler Room tonight 6:00 PM PST | 8:00 PM CST | 9:00 PM EST for this special broadcast. Join us for uncensored, ",True
64726,88672,0.5235042735042735,0.7122093023255814,sensitivity,WELFake,WELFake,False,Yeah because everyone wants these guys living in their hometown Republican Sens. Lindsey Graham of South Carolina and Pat Roberts of Kansas are up in arms about reports that the Pentagon is scouting s,Obama is hell bent on closing GITMO before he leaves office even if it s the wrong move. His legacy comes before what s right for all Americans and he s got a couple Senators really peeved. Obama s la,False
62407,72994,0.6281800391389433,0.8316062176165803,sensitivity,WELFake,WELFake,False,"The media will lose it again because Melania Trump wore stilettos on her way to Texas. Nevermind that she ll probably change when she gets there. FLOTUS ROCKS!Pres. Trump, Melania Trump depart for Tex",President Trump and the First Lady took the time to visit the Coast Guard ahead of the Thanksgiving Day holiday. Melania proved once again that her fashion choices continue to provoke a response Accor,False
56369,105171,0.552,0.711340206185567,sensitivity,WELFake,WELFake,False," Posted by Martin Walsh | Nov 23, 2016 | Breaking News If they want to go, we will let them  This feeling of a President Trump is a breathe of fresh air. You can feel it in your communities all across"," Posted by Martin Walsh | Nov 11, 2016 | Liberal Corruption Trump Delivering His FIRST Order  This feeling of a President Trump is a breathe of fresh air. You can feel it in your communities all acros",False
71825,88481,0.5934959349593496,0.7448979591836735,sensitivity,WELFake,WELFake,False,"Tune in to the Alternate Current Radio Network (ACR) for another LIVE broadcast of  The Boiler Room tonight 6:00 PM PST | 8:00 PM CST | 9:00 PM EST for this special broadcast. Join us for uncensored, ","Tune in to the Alternate Current Radio Network (ACR) for another LIVE broadcast of  The Boiler Room tonight 6:00 PM PST | 8:00 PM CST | 9:00 PM EST for this special broadcast. Join us for uncensored, ",True
63195,85276,0.5901639344262295,0.75,sensitivity,WELFake,WELFake,False,"Tune in to the Alternate Current Radio Network (ACR) for another LIVE broadcast of  The Boiler Room tonight 6:00 PM PST | 8:00 PM CST | 9:00 PM EST for this special broadcast. Join us for uncensored, ","Tune in to the Alternate Current Radio Network (ACR) for another LIVE broadcast of  The Boiler Room tonight 6:00 PM PST | 8:00 PM CST | 9:00 PM EST for this special broadcast. Join us for uncensored, ",True
50923,70979,0.5901639344262295,0.7422680412371134,sensitivity,WELFake,WELFake,False,"Tune in to the Alternate Current Radio Network (ACR) for another LIVE broadcast of  The Boiler Room  starting at 6 PM PST | 9 PM EST every Wednesday. Join us for uncensored, uninterruptible talk radio","Tune in to the Alternate Current Radio Network (ACR) for another LIVE broadcast of  The Boiler Room  starting at 6 PM PST | 9 PM EST every Wednesday. Join us for uncensored, uninterruptible talk radio",True
44187,44734,0.568,0.7244897959183674,sensitivity,WELFake,WELFake,False,"Tune in to the Alternate Current Radio Network (ACR) for another LIVE broadcast of  The Boiler Room tonight 6:00 PM PST | 8:00 PM CST | 9:00 PM EST for this special broadcast. Join us for uncensored, ","Tune in to the Alternate Current Radio Network (ACR) for another LIVE broadcast of  The Boiler Room tonight 6:00 PM PST | 8:00 PM CST | 9:00 PM EST for this special broadcast. Join us for uncensored, ",True
69985,101782,0.6333333333333333,0.7755102040816326,sensitivity,WELFake,WELFake,False,  Ian Greenhalgh is a photographer and historian with a particular interest in military history and the real causes of conflicts. His studies in history and background in the media industry have given,NEO – RT’s Bank Accounts Closed – It’s Nothing to Do With Syria ‹ › Ian Greenhalgh is a photographer and historian with a particular interest in military history and the real causes of conflicts. His ,False
78090,94668,0.5433070866141733,0.7040816326530612,sensitivity,WELFake,WELFake,False,"Welcome to Our Picks, a guide to the best stuff to read, watch and listen to from around the internet. Check this space for the     article, the next great podcast for your commute, the   tweetstorm. ","Welcome to Our Picks, a guide to the best stuff to read, watch and listen to from around the internet. Check this space for the     article, the next great podcast for your commute, the   tweetstorm. ",False
61333,90165,0.5,0.6701030927835051,sensitivity,WELFake,WELFake,False,"Tune in to the Alternate Current Radio Network (ACR) for another LIVE broadcast of  The Boiler Room  starting at 6 PM PST | 9 PM EST every Wednesday. Join us for uncensored, uninterruptible talk radio","Tune in to the Alternate Current Radio Network (ACR) for another LIVE broadcast of  The Boiler Room  starting at 6 PM PST | 9 PM EST every Wednesday. Join us for uncensored, uninterruptible talk radio",True
53252,88481,0.568,0.7244897959183674,sensitivity,WELFake,WELFake,False,"Tune in to the Alternate Current Radio Network (ACR) for another LIVE broadcast of  The Boiler Room  tonight 6:00 PM PST | 8:00 PM CST | 9:00 PM EST for this special broadcast. Join us for uncensored,","Tune in to the Alternate Current Radio Network (ACR) for another LIVE broadcast of  The Boiler Room tonight 6:00 PM PST | 8:00 PM CST | 9:00 PM EST for this special broadcast. Join us for uncensored, ",True
44293,45309,0.5900383141762452,0.7457627118644068,sensitivity,WELFake,WELFake,False,"November 3, 2016 Pope Francis Warns Nations Not to Take in More Refugees Than They Can Assimilate  In an unusually nuanced discourse, Pope Francis has seemed to walk back earlier statements encouragin","November 2, 2016 Networks Continue to Ignore Obamacare Collapse  Bill Clinton’s startling description of Obamacare earlier this month as a “crazy system” yanked the Big Three broadcast networks out of",False
63445,83218,0.7171717171717171,0.8554216867469879,sensitivity,WELFake,WELFake,False,"Chart Of The Day: Automobile Demographics---Steadily Older Fleet, Fewer New Cars Needed By David Stockman. Posted On Thursday, November 24th, 2016  David Stockman's Contra Corner is the only place whe","Chart Of The Day: The Ever-Widening Wage Gap By David Stockman. Posted On Wednesday, November 9th, 2016  David Stockman's Contra Corner is the only place where mainstream delusions and cant about the ",False
51628,88481,0.53125,0.6938775510204082,sensitivity,WELFake,WELFake,False,Tune in to the Alternate Current Radio Network (ACR) for another LIVE broadcast of  The Boiler Room tonight at 6:00 PM PST | 8:00 PM CST | 9:00 PM EST for this special broadcast. Join us for uncensore,"Tune in to the Alternate Current Radio Network (ACR) for another LIVE broadcast of  The Boiler Room tonight 6:00 PM PST | 8:00 PM CST | 9:00 PM EST for this special broadcast. Join us for uncensored, ",False
59889,64867,0.5555555555555556,0.7142857142857143,sensitivity,WELFake,WELFake,False,"Tune in to the Alternate Current Radio Network (ACR) for another LIVE broadcast of  The Boiler Room tonight 6:00 PM PST | 8:00 PM CST | 9:00 PM EST for this special broadcast. Join us for uncensored, ","Tune in to the Alternate Current Radio Network (ACR) for another LIVE broadcast of  The Boiler Room tonight 6:00 PM PST | 8:00 PM CST | 9:00 PM EST for this special broadcast. Join us for uncensored, ",True
80805,88801,0.2828054298642534,0.984251968503937,sensitivity,WELFake,WELFake,False,DUBLIN (Reuters) - British Prime Minister Theresa May told her Irish counterpart Leo Varadkar that she would propose suggestions to Brexit negotiators over the next 24 hours to try to break an impasse,DUBLIN (Reuters) - British Prime Minister Theresa May told her Irish counterpart Leo Varadkar that she would propose suggestions to Brexit negotiators over the next 24 hours to try to break an impasse,False
44187,46356,0.568,0.7244897959183674,sensitivity,WELFake,WELFake,False,"Tune in to the Alternate Current Radio Network (ACR) for another LIVE broadcast of  The Boiler Room tonight 6:00 PM PST | 8:00 PM CST | 9:00 PM EST for this special broadcast. Join us for uncensored, ","Tune in to the Alternate Current Radio Network (ACR) for another LIVE broadcast of  The Boiler Room  tonight 6:00 PM PST | 8:00 PM CST | 9:00 PM EST for this special broadcast. Join us for uncensored,",True
55003,65924,0.7345132743362832,0.8469387755102041,sensitivity,WELFake,WELFake,False,I thought I was just scared of Trump – but it’s his America I fear ‹ › South Front Analysis & Intelligence is a public analytical project maintained by an independent team of experts from the four cor,"Syrian War Report – October 27, 2016: Russian Strikes Destroyed Over 300 Terrorists’ Oil Facilities ‹ › South Front Analysis & Intelligence is a public analytical project maintained by an independent ",False
61333,65932,0.5934959349593496,0.7638888888888888,sensitivity,WELFake,WELFake,False,"Tune in to the Alternate Current Radio Network (ACR) for another LIVE broadcast of  The Boiler Room  starting at 6 PM PST | 9 PM EST every Wednesday. Join us for uncensored, uninterruptible talk radio","Tune in to the Alternate Current Radio Network (ACR) for another LIVE broadcast of  The Boiler Room  starting at 6 PM PST | 9 PM EST every Wednesday. Join us for uncensored, uninterruptible talk radio",True
53635,55070,0.6324786324786325,0.7789473684210526,sensitivity,WELFake,WELFake,False,"Last week, Alex Jones scooped NBC and Megyn Kelly with a secretly recorded conversation he had with Kelly, where she begged him to agree to allow her interview him. Kelly can be heard offering her ass","Alex Jones scooped NBC and Megyn Kelly with a secretly recorded conversation he had with Kelly, where she begged him to agree to allow her interview him. Kelly can be heard offering her assurances tha",False
65332,69691,0.6112852664576802,0.9069767441860465,sensitivity,WELFake,WELFake,False,"The So-Called OPEC Cartel Whiffs Again Marathon Talks, No Deal By Wall Street Journal. Posted On Monday, October 31st, 2016 A weekend marathon of talks between major oil producers failed to finalize p","November 17: Daily Contrarian Reads By David Stockman. Posted On Thursday, November 17th, 2016 My daily contrarian reads for Thursday, November 17th, 2016. You need to login to view this content.  Dav",False
45704,59242,0.6065573770491803,0.7551020408163265,sensitivity,WELFake,WELFake,False,"Tune in to the Alternate Current Radio Network (ACR) for another LIVE broadcast of  The Boiler Room  starting at 6 PM PST | 9 PM EST every Wednesday. Join us for uncensored, uninterruptible talk radio","Tune in to the Alternate Current Radio Network (ACR) for another LIVE broadcast of  The Boiler Room  starting at 6 PM PST | 9 PM EST every Wednesday. Join us for uncensored, uninterruptible talk radio",True
55197,91533,0.625,0.7731958762886598,sensitivity,WELFake,WELFake,False,"Tune in to the Alternate Current Radio Network (ACR) for another LIVE broadcast of  The Boiler Room tonight 6:00 PM PST | 8:00 PM CST | 9:00 PM EST for this special broadcast. Join us for uncensored, ","Tune in to the Alternate Current Radio Network (ACR) for another LIVE broadcast of  The Boiler Room tonight 6:00 PM PST | 8:00 PM CST | 9:00 PM EST for this special broadcast. Join us for uncensored, ",True
64867,88481,0.568,0.7244897959183674,sensitivity,WELFake,WELFake,False,"Tune in to the Alternate Current Radio Network (ACR) for another LIVE broadcast of  The Boiler Room tonight 6:00 PM PST | 8:00 PM CST | 9:00 PM EST for this special broadcast. Join us for uncensored, ","Tune in to the Alternate Current Radio Network (ACR) for another LIVE broadcast of  The Boiler Room tonight 6:00 PM PST | 8:00 PM CST | 9:00 PM EST for this special broadcast. Join us for uncensored, ",True
70438,104070,0.8148148148148148,0.8979591836734694,sensitivity,WELFake,WELFake,False,"UNITED NATIONS (Reuters) - Russia on Thursday cast its 10th veto of United Nations Security Council action on Syria since the war began in 2011, blocking a U.S.-drafted resolution to renew an internat","UNITED NATIONS (Reuters) - Russia cast its 10th veto on Thursday of United Nations Security Council action on Syria since the war began in 2011, blocking a U.S.-drafted resolution to renew an internat",False
44127,47893,0.7192982456140351,0.8367346938775511,sensitivity,WELFake,WELFake,False,"Tune in to the Alternate Current Radio Network (ACR) for another LIVE broadcast of  The Boiler Room tonight 6:00 PM PST | 8:00 PM CST | 9:00 PM EST for this special broadcast. Join us for uncensored, ","Tune in to the Alternate Current Radio Network (ACR) for another LIVE broadcast of  The Boiler Room  tonight 6:00 PM PST | 8:00 PM CST | 9:00 PM EST for this special broadcast. Join us for uncensored,",True
47243,81908,0.5841121495327103,0.7575757575757576,sensitivity,WELFake,WELFake,False,"Trump Votes Are Being Flipped To Clinton There have already been multiple reports of faulty electronic voting machines The Alex Jones Show - October 28, 2016 Comments  The election fraud is already be","Black Activist Blasts Hillary Clinton Over Wikileaks Revelation Eric Garner's daughter speaks out against Clinton campaign for using her father's death Infowars Nightly News - October 28, 2016 Comment",False
57986,96638,0.7657657657657657,0.8673469387755102,sensitivity,WELFake,WELFake,False,"Tune in to the Alternate Current Radio Network (ACR) for another LIVE broadcast of  The Boiler Room  tonight 6:00 PM PST | 8:00 PM CST | 9:00 PM EST for this special broadcast. Join us for uncensored,","Tune in to the Alternate Current Radio Network (ACR) for another LIVE broadcast of  The Boiler Room  tonight 6:00 PM PST | 8:00 PM CST | 9:00 PM EST for this special broadcast. Join us for uncensored,",True
58597,103452,0.5832349468713105,0.7428571428571429,sensitivity,WELFake,WELFake,False,"(Reuters) - U.S. President-elect Donald Trump said on Thursday he would nominate retired Marine Corps General James Mattis for defense secretary, the latest of about a dozen picks he has announced for","(Reuters) - U.S. President-elect Donald Trump announced two additional nominees for his Cabinet on Wednesday, and his transition team said he is holding meetings as he prepares to make high-level appo",False
45309,104853,0.6086956521739131,0.7758186397984886,sensitivity,WELFake,WELFake,False,"November 2, 2016 Networks Continue to Ignore Obamacare Collapse  Bill Clinton’s startling description of Obamacare earlier this month as a “crazy system” yanked the Big Three broadcast networks out of","November 11, 2016 Islamic State executes scores, stockpiles chemicals  Islamic State fighters have executed scores more people around Mosul this week and are reportedly stockpiling ammonia and sulfur ",False
48237,59793,0.7732919254658385,0.994408945686901,primary,WELFake,WELFake,False,"By Michael Snyder, the Economic Collapse Blog .  In the world of politics, the cover-up is often worse than the original crime. It was his role in the Watergate cover-up that took down Richard Nixon, ","Archives Michael On Television If Hillary Clinton Is Charged With Obstruction Of Justice She Could Go To Prison For 20 Years By Michael Snyder, on October 30th, 2016  In the world of politics, the cov",False
44127,46356,0.7657657657657657,0.8673469387755102,sensitivity,WELFake,WELFake,False,"Tune in to the Alternate Current Radio Network (ACR) for another LIVE broadcast of  The Boiler Room tonight 6:00 PM PST | 8:00 PM CST | 9:00 PM EST for this special broadcast. Join us for uncensored, ","Tune in to the Alternate Current Radio Network (ACR) for another LIVE broadcast of  The Boiler Room  tonight 6:00 PM PST | 8:00 PM CST | 9:00 PM EST for this special broadcast. Join us for uncensored,",True
49309,99927,0.5839267548321465,0.8355167394468704,sensitivity,WELFake,WELFake,False, Aren’t you surprised that Hillary and the presstitutes haven’t blamed Putin for FBI director Comey’s reopening of the Hillary email case? But the presstitutes have done the next best thing for Hillar,Here's something interesting from The Unz Review... Recipient Name Recipient Email =>  I am surprised that Hillary and the presstitutes haven’t blamed Putin for FBI director Comey’s reopening of the H,False
76925,88330,0.6609442060085837,0.8392370572207084,sensitivity,WELFake,WELFake,False,"November 10, 2016 Signs of divine intervention in Trump victory  Election eve 2016 began without any real sign of a gathering storm. No hint a popular revolt was brewing. In fact, just the opposite.  ","October 27, 2016 Palestinian rivals, Mideast regional powers growing uneasy with Abbas  Saudi Arabia, Egypt and other Arab states are piling pressure on Palestinian Authority President Mahmoud Abbas t",False
62647,104345,0.6431095406360424,0.8097886540600667,sensitivity,WELFake,WELFake,False,"JOHANNESBURG (Reuters) - The nearly man of South African politics, Cyril Ramaphosa, is at last in with a chance of becoming president after being overlooked for years. Ramaphosa s political abilities ","JOHANNESBURG (Reuters) - The nearly man of South African politics, deputy president Cyril Ramaphosa, took a big step towards the top job on Monday when he was elected by a whisker as head of the rulin",False
46695,57482,0.6454545454545455,0.8160919540229885,sensitivity,WELFake,WELFake,False,"Chart Of The Day: Bondmageddon Foreign Central Banks Have Dumped $400 Billion USTs By David Stockman. Posted On Wednesday, November 16th, 2016  David Stockman's Contra Corner is the only place where m","Chart Of The Day: Russia Must Want War---Look How Close They Have Put Their Borders To Our Military Bases! By David Stockman. Posted On Saturday, November 12th, 2016   David Stockman's Contra Corner i",False
56901,73215,0.568,0.7244897959183674,sensitivity,WELFake,WELFake,False,"Tune in to the Alternate Current Radio Network (ACR) for another LIVE broadcast of  The Boiler Room tonight 6:00 PM PST | 8:00 PM CST | 9:00 PM EST for this special broadcast. Join us for uncensored, ","Tune in to the Alternate Current Radio Network (ACR) for another LIVE broadcast of  The Boiler Room tonight 6:00 PM PST | 8:00 PM CST | 9:00 PM EST for this special broadcast. Join us for uncensored, ",True
47685,85092,0.622792937399679,0.9076023391812865,sensitivity,WELFake,WELFake,True,Stop counting the votes! Your candidates nomination based strictly on the number of delegates they are able to obtain from each state following their elections.WATCH this great video explaining how Hi,"(Reuters) - The nominating contests that will determine the Democratic and Republican nominees for the Nov. 8 U.S. presidential election are about to enter a critical phase. On March 1, known as Super",False
61677,89378,0.6410256410256411,0.78125,sensitivity,WELFake,WELFake,False," Episode #154 of SUNDAY WIRE SHOW resumes this Sunday September 25, 2016 as host Patrick Henningsen broadcasts a 3 HOUR SPECIAL of LIVE power-packed talk radio on ACR LISTEN LIVE ON THIS PAGE AT THE F"," Episode #159 of SUNDAY WIRE SHOW resumes this November 6, 2016 as host Patrick Henningsen brings a 3 HOURS special broadcast of LIVE power-packed talk radio on ACR LISTEN LIVE ON THIS PAGE AT THE FOL",False
80122,91533,0.5555555555555556,0.7142857142857143,sensitivity,WELFake,WELFake,False,"Tune in to the Alternate Current Radio Network (ACR) for another LIVE broadcast of  The Boiler Room tonight 6:00 PM PST | 8:00 PM CST | 9:00 PM EST for this special broadcast. Join us for uncensored, ","Tune in to the Alternate Current Radio Network (ACR) for another LIVE broadcast of  The Boiler Room tonight 6:00 PM PST | 8:00 PM CST | 9:00 PM EST for this special broadcast. Join us for uncensored, ",True
55197,71825,0.5853658536585366,0.7422680412371134,sensitivity,WELFake,WELFake,False,"Tune in to the Alternate Current Radio Network (ACR) for another LIVE broadcast of  The Boiler Room tonight 6:00 PM PST | 8:00 PM CST | 9:00 PM EST for this special broadcast. Join us for uncensored, ","Tune in to the Alternate Current Radio Network (ACR) for another LIVE broadcast of  The Boiler Room tonight 6:00 PM PST | 8:00 PM CST | 9:00 PM EST for this special broadcast. Join us for uncensored, ",True
