seed,model,cond,S,L,E,T,rand_of,train,test,kind,n_train,n_test,f1,acc,ap,auc,f1_in,auc_in,gap_f1,gap_auc,pair
0,distilbert,C0,0,0,0,0,,ISOT,McIntire,cross,2990,1590,0.6684636118598383,0.5358490566037736,0.6017311027472496,0.6022633598354495,0.9969788519637462,0.999857732830385,0.328515240103908,0.3975943729949355,ISOT->McIntire
0,distilbert,C0,0,0,0,0,,ISOT,WELFake_residual,cross,2990,1588,0.6828174069089278,0.5547858942065491,0.7781959162511946,0.7543533364211435,0.9969788519637462,0.999857732830385,0.31416144505481847,0.2455043964092415,ISOT->WELFake_residual
0,distilbert,C0,0,0,0,0,,McIntire,ISOT,cross,2988,1588,0.6949152542372882,0.7506297229219143,0.8118168896833564,0.7655574871993351,0.9672544080604534,0.9952923178338442,0.2723391538231652,0.22973483063450906,McIntire->ISOT
0,distilbert,C0,0,0,0,0,,McIntire,WELFake_residual,cross,2988,1588,0.8422260470453241,0.8268261964735516,0.9377721639266045,0.9269093135544292,0.9672544080604534,0.9952923178338442,0.12502836101512926,0.06838300427941502,McIntire->WELFake_residual
0,distilbert,C0,0,0,0,0,,WELFake_residual,ISOT,cross,2988,1588,0.6965394853593612,0.5692695214105793,0.8281372421738744,0.8221746537317032,0.995959595959596,0.9990001475192184,0.2994201106002349,0.17682549378751522,WELFake_residual->ISOT
0,distilbert,C0,0,0,0,0,,WELFake_residual,McIntire,cross,2988,1590,0.6849912739965096,0.5459119496855346,0.9361660904724188,0.9216225623986394,0.995959595959596,0.9990001475192184,0.31096832196308644,0.07737758512057902,WELFake_residual->McIntire
0,distilbert,S,1,0,0,0,,ISOT,McIntire,cross,2990,1590,0.6659574468085107,0.6050314465408805,0.677430452240809,0.6730793876824492,0.9929078014184396,0.9992520811654526,0.32695035460992894,0.3261726934830034,ISOT->McIntire
0,distilbert,S,1,0,0,0,,ISOT,WELFake_residual,cross,2990,1588,0.7295173961840629,0.6964735516372796,0.7701122153875202,0.766069037935651,0.9929078014184396,0.9992520811654526,0.26339040523437673,0.23318304322980166,ISOT->WELFake_residual
0,distilbert,S,1,0,0,0,,McIntire,ISOT,cross,2988,1588,0.7291981845688351,0.77455919395466,0.8767355516282862,0.851596355538072,0.9374201787994892,0.9852550668217236,0.20822199423065413,0.1336587112836516,McIntire->ISOT
0,distilbert,S,1,0,0,0,,McIntire,WELFake_residual,cross,2988,1588,0.8534583821805393,0.8425692695214105,0.9487062763525252,0.9362568127454652,0.9374201787994892,0.9852550668217236,0.08396179661894998,0.04899825407625835,McIntire->WELFake_residual
0,distilbert,S,1,0,0,0,,WELFake_residual,ISOT,cross,2988,1588,0.6837310195227766,0.5409319899244333,0.8237185691952706,0.8484747063936703,0.9929078014184396,0.999387385467718,0.309176781895663,0.1509126790740477,WELFake_residual->ISOT
0,distilbert,S,1,0,0,0,,WELFake_residual,McIntire,cross,2988,1590,0.6763948497854078,0.5257861635220126,0.9241038930694538,0.9060456469285234,0.9929078014184396,0.999387385467718,0.31651295163303184,0.09334173853919459,WELFake_residual->McIntire
0,distilbert,L,0,1,0,0,,ISOT,McIntire,cross,2990,1590,0.6657706093189965,0.5308176100628931,0.5977522941001382,0.621371781179542,0.997983870967742,0.999914639698231,0.33221326164874554,0.3785428585186891,ISOT->McIntire
0,distilbert,L,0,1,0,0,,ISOT,WELFake_residual,cross,2990,1588,0.6816720257234726,0.5636020151133502,0.741083360784357,0.720287229790177,0.997983870967742,0.999914639698231,0.31631184524426936,0.279627409908054,ISOT->WELFake_residual
0,distilbert,L,0,1,0,0,,McIntire,ISOT,cross,2988,1588,0.6702954898911353,0.7329974811083123,0.8147823003823514,0.7583109149858194,0.9527458492975734,0.9892413604393008,0.28245035940643815,0.2309304454534814,McIntire->ISOT
0,distilbert,L,0,1,0,0,,McIntire,WELFake_residual,cross,2988,1588,0.8447488584474886,0.8287153652392947,0.9402889593858844,0.9306012029769872,0.9527458492975734,0.9892413604393008,0.10799699085008485,0.05864015746231355,McIntire->WELFake_residual
0,distilbert,L,0,1,0,0,,WELFake_residual,ISOT,cross,2988,1588,0.7706601466992665,0.7046599496221663,0.9697782466810289,0.9683504749094276,0.9949238578680204,0.9993648478093397,0.22426371116875388,0.031014372899912046,WELFake_residual->ISOT
0,distilbert,L,0,1,0,0,,WELFake_residual,McIntire,cross,2988,1590,0.6816027574321413,0.5352201257861635,0.9388902704551052,0.9267323286262412,0.9949238578680204,0.9993648478093397,0.31332110043587913,0.07263251918309843,WELFake_residual->McIntire
0,distilbert,E,0,0,1,0,,ISOT,McIntire,cross,2990,1590,0.6565608716248224,0.5440251572327044,0.6338432285937745,0.6214659230251969,0.9969727547931384,0.9998780567117586,0.34041188316831605,0.3784121336865617,ISOT->McIntire
0,distilbert,E,0,0,1,0,,ISOT,WELFake_residual,cross,2990,1588,0.7092337917485265,0.6272040302267002,0.7514820460383451,0.7417890158556935,0.9969727547931384,0.9998780567117586,0.2877389630446119,0.2580890408560651,ISOT->WELFake_residual
0,distilbert,E,0,0,1,0,,McIntire,ISOT,cross,2988,1588,0.6974729241877257,0.7361460957178841,0.8124071864429305,0.8003413510649773,0.9407313997477932,0.9861163798732596,0.24325847556006752,0.18577502880828234,McIntire->ISOT
0,distilbert,E,0,0,1,0,,McIntire,WELFake_residual,cross,2988,1588,0.821590909090909,0.8022670025188917,0.9171298192612264,0.9071356965655516,0.9407313997477932,0.9861163798732596,0.11914049065688415,0.07898068330770802,McIntire->WELFake_residual
0,distilbert,E,0,0,1,0,,WELFake_residual,ISOT,cross,2988,1588,0.8248215266337178,0.7991183879093199,0.9274256853063824,0.92422387046425,0.980632008154944,0.998031028208953,0.15581048152122623,0.07380715774470292,WELFake_residual->ISOT
0,distilbert,E,0,0,1,0,,WELFake_residual,McIntire,cross,2988,1590,0.7529296875,0.6817610062893081,0.9295554444628495,0.9155848265495824,0.980632008154944,0.998031028208953,0.227702320654944,0.08244620165937055,WELFake_residual->McIntire
0,distilbert,LE,0,1,1,0,,ISOT,McIntire,cross,2990,1590,0.6735294117647059,0.5811320754716981,0.5962928864522573,0.6241177168624659,0.9949443882709808,0.99943093132154,0.3214149765062748,0.3753132144590742,ISOT->McIntire
0,distilbert,LE,0,1,1,0,,ISOT,WELFake_residual,cross,2990,1588,0.7219307450157397,0.6662468513853904,0.7206838168368666,0.7323701374921483,0.9949443882709808,0.99943093132154,0.273013643255241,0.26706079382939174,ISOT->WELFake_residual
0,distilbert,LE,0,1,1,0,,McIntire,ISOT,cross,2988,1588,0.7180212014134275,0.7487405541561712,0.8528931818752319,0.8287938823290548,0.9505703422053232,0.9896393679143788,0.2325491407918957,0.16084548558532397,McIntire->ISOT
0,distilbert,LE,0,1,1,0,,McIntire,WELFake_residual,cross,2988,1588,0.7975863960504662,0.767632241813602,0.9043809510108954,0.8951067197939204,0.9505703422053232,0.9896393679143788,0.152983946154857,0.09453264812045836,McIntire->WELFake_residual
0,distilbert,LE,0,1,1,0,,WELFake_residual,ISOT,cross,2988,1588,0.7483124397299904,0.6712846347607053,0.8631624561925327,0.8713438001636964,0.9857433808553973,0.9989018013735678,0.23743094112540686,0.12755800120987137,WELFake_residual->ISOT
0,distilbert,LE,0,1,1,0,,WELFake_residual,McIntire,cross,2988,1590,0.7143512150389729,0.6081761006289308,0.920150927716945,0.9044879553815118,0.9857433808553973,0.9989018013735678,0.27139216581642434,0.09441384599205593,WELFake_residual->McIntire
0,distilbert,SLE,1,1,1,0,,ISOT,McIntire,cross,2990,1590,0.6808252427184466,0.6691823899371069,0.6789128908785331,0.7102772833353111,0.9929221435793733,0.9997805020811656,0.3120969008609267,0.2895032187458545,ISOT->McIntire
0,distilbert,SLE,1,1,1,0,,ISOT,WELFake_residual,cross,2990,1588,0.7246376811594203,0.7248110831234257,0.7938761801957953,0.7829145226478182,0.9929221435793733,0.9997805020811656,0.26828446241995296,0.2168659794333474,ISOT->WELFake_residual
0,distilbert,SLE,1,1,1,0,,McIntire,ISOT,cross,2988,1588,0.7018867924528301,0.7512594458438288,0.8501740031589737,0.8385411048861422,0.930718954248366,0.9821798371900672,0.2288321617955359,0.143638732303925,McIntire->ISOT
0,distilbert,SLE,1,1,1,0,,McIntire,WELFake_residual,cross,2988,1588,0.8181276088252832,0.8079345088161209,0.9175139352337288,0.8984147478887626,0.930718954248366,0.9821798371900672,0.1125913454230828,0.08376508930130455,McIntire->WELFake_residual
0,distilbert,SLE,1,1,1,0,,WELFake_residual,ISOT,cross,2988,1588,0.743849493487699,0.6656171284634761,0.9021603301584832,0.8986280923043735,0.97119341563786,0.9972401612876788,0.22734392215016097,0.09861206898330532,WELFake_residual->ISOT
0,distilbert,SLE,1,1,1,0,,WELFake_residual,McIntire,cross,2988,1590,0.7461240310077519,0.670440251572327,0.8834264085066571,0.8824540168505992,0.97119341563786,0.9972401612876788,0.22506938463010806,0.11478614443707957,WELFake_residual->McIntire
0,distilbert,R_E,0,0,0,0,E,ISOT,McIntire,cross,2990,1590,0.6697163769441903,0.5459119496855346,0.6690211693210611,0.6583821842490408,0.9949647532729105,0.9999065101456815,0.32524837632872017,0.3415243258966407,ISOT->McIntire
0,distilbert,R_E,0,0,0,0,E,ISOT,WELFake_residual,cross,2990,1588,0.773555439875065,0.7260705289672544,0.8679831252739224,0.8647562956430154,0.9949647532729105,0.9999065101456815,0.22140931339784542,0.13515021450266618,ISOT->WELFake_residual
0,distilbert,R_E,0,0,0,0,E,McIntire,ISOT,cross,2988,1588,0.6182380216383307,0.6889168765743073,0.774355698261401,0.7206044705568844,0.950191570881226,0.9916418430233642,0.3319535492428952,0.27103737246647985,McIntire->ISOT
0,distilbert,R_E,0,0,0,0,E,McIntire,WELFake_residual,cross,2988,1588,0.8096304591265397,0.7858942065491183,0.9143313218958956,0.90158160384242,0.950191570881226,0.9916418430233642,0.14056111175468622,0.09006023918094419,McIntire->WELFake_residual
0,distilbert,R_E,0,0,0,0,E,WELFake_residual,ISOT,cross,2988,1588,0.7930489731437599,0.7525188916876574,0.9379992789616096,0.9271242441738732,0.9818181818181818,0.9986436427412348,0.18876920867442193,0.07151939856736167,WELFake_residual->ISOT
0,distilbert,R_E,0,0,0,0,E,WELFake_residual,McIntire,cross,2988,1590,0.7436511739338764,0.6635220125786163,0.9427312380847076,0.9306704639848108,0.9818181818181818,0.9986436427412348,0.23816700788430545,0.06797317875642406,WELFake_residual->McIntire
1,distilbert,C0,0,0,0,0,,ISOT,McIntire,cross,2988,1590,0.6713780918727915,0.5320754716981132,0.5907568254967922,0.6038257980301412,0.998992950654582,1.0,0.32761485878179053,0.39617420196985875,ISOT->McIntire
1,distilbert,C0,0,0,0,0,,ISOT,WELFake_residual,cross,2988,1588,0.7373929590865842,0.6523929471032746,0.8217730944571151,0.8328815296080808,0.998992950654582,1.0,0.26159999156799785,0.16711847039191918,ISOT->WELFake_residual
1,distilbert,C0,0,0,0,0,,McIntire,ISOT,cross,2990,1588,0.680731364275668,0.7141057934508817,0.7951977247291772,0.7298036596894848,0.9527272727272728,0.994501379010016,0.2719959084516047,0.2646977193205312,McIntire->ISOT
1,distilbert,C0,0,0,0,0,,McIntire,WELFake_residual,cross,2990,1588,0.8523451071221771,0.8394206549118388,0.9417095109568586,0.9323777512705492,0.9527272727272728,0.994501379010016,0.10038216560509561,0.06212362773946678,McIntire->WELFake_residual
1,distilbert,C0,0,0,0,0,,WELFake_residual,ISOT,cross,2992,1588,0.8067484662576687,0.7619647355163728,0.9441159427267196,0.9523076093370302,0.993939393939394,0.9994021018263444,0.1871909276817253,0.04709449248931419,WELFake_residual->ISOT
1,distilbert,C0,0,0,0,0,,WELFake_residual,McIntire,cross,2992,1590,0.6819757365684576,0.5383647798742138,0.9492571215259172,0.935572168822436,0.993939393939394,0.9994021018263444,0.31196365737093645,0.06382993300390838,WELFake_residual->McIntire
1,distilbert,S,1,0,0,0,,ISOT,McIntire,cross,2988,1590,0.6236183827806865,0.5930817610062893,0.6585324427111183,0.6470899094181402,0.9867482161060144,0.9994797086368368,0.3631298333253279,0.3523897992186966,ISOT->McIntire
1,distilbert,S,1,0,0,0,,ISOT,WELFake_residual,cross,2988,1588,0.721558768070396,0.7210327455919395,0.7901701416079002,0.7704398225989633,0.9867482161060144,0.9994797086368368,0.2651894480356184,0.2290398860378735,ISOT->WELFake_residual
1,distilbert,S,1,0,0,0,,McIntire,ISOT,cross,2990,1588,0.7624548736462093,0.7928211586901763,0.8741252750348691,0.8519778375600378,0.9261083743842364,0.9863492524314124,0.1636535007380271,0.1343714148713746,McIntire->ISOT
1,distilbert,S,1,0,0,0,,McIntire,WELFake_residual,cross,2990,1588,0.8705035971223022,0.8639798488664987,0.9514033439717482,0.9392840827617712,0.9261083743842364,0.9863492524314124,0.055604777261934246,0.04706516966964114,McIntire->WELFake_residual
1,distilbert,S,1,0,0,0,,WELFake_residual,ISOT,cross,2992,1588,0.7059348505131637,0.5850125944584383,0.9089597879439618,0.91318627108858,0.9959514170040484,0.9988225691255994,0.2900165664908847,0.08563629803701944,WELFake_residual->ISOT
1,distilbert,S,1,0,0,0,,WELFake_residual,McIntire,cross,2992,1590,0.6773218142548596,0.530188679245283,0.8800516608264907,0.8593861002333768,0.9959514170040484,0.9988225691255994,0.31862960274918883,0.1394364688922226,WELFake_residual->McIntire
1,distilbert,L,0,1,0,0,,ISOT,McIntire,cross,2988,1590,0.673972602739726,0.5509433962264151,0.6606820363700063,0.6568308215656026,0.995959595959596,0.999983740894901,0.32198699321987,0.3431529193292985,ISOT->McIntire
1,distilbert,L,0,1,0,0,,ISOT,WELFake_residual,cross,2988,1588,0.7249633610161211,0.6454659949622166,0.8010272891285735,0.792496780006218,0.995959595959596,0.999983740894901,0.2709962349434749,0.20748696088868301,ISOT->WELFake_residual
1,distilbert,L,0,1,0,0,,McIntire,ISOT,cross,2990,1588,0.6721423682409309,0.6983627204030227,0.7715125950881752,0.7329657570316417,0.9495192307692308,0.9944200899985484,0.27737686252829996,0.2614543329669067,McIntire->ISOT
1,distilbert,L,0,1,0,0,,McIntire,WELFake_residual,cross,2990,1588,0.8527746319365799,0.836272040302267,0.9539674510011216,0.9446295896807924,0.9495192307692308,0.9944200899985484,0.09674459883265096,0.049790500317756003,McIntire->WELFake_residual
1,distilbert,L,0,1,0,0,,WELFake_residual,ISOT,cross,2992,1588,0.6778206778206778,0.5270780856423174,0.7810364531339935,0.7892759931222202,0.9969727547931384,0.9996857463524133,0.3191520769724606,0.21040975323019306,WELFake_residual->ISOT
1,distilbert,L,0,1,0,0,,WELFake_residual,McIntire,cross,2992,1590,0.6677908937605397,0.5044025157232704,0.9209864027106318,0.9073573039041178,0.9969727547931384,0.9996857463524133,0.3291818610325987,0.09232844244829541,WELFake_residual->McIntire
1,distilbert,E,0,0,1,0,,ISOT,McIntire,cross,2988,1590,0.6701708278580815,0.5264150943396226,0.5869733247202209,0.6070622206400063,1.0,1.0,0.32982917214191854,0.39293777935999374,ISOT->McIntire
1,distilbert,E,0,0,1,0,,ISOT,WELFake_residual,cross,2988,1588,0.6869409660107334,0.5591939546599496,0.7289053995978105,0.7311717604959107,1.0,1.0,0.3130590339892666,0.2688282395040893,ISOT->WELFake_residual
1,distilbert,E,0,0,1,0,,McIntire,ISOT,cross,2990,1588,0.665751544269046,0.6933249370277078,0.7882598988949372,0.7712971657709902,0.937046004842615,0.9883379300333864,0.271294460573569,0.21704076426239627,McIntire->ISOT
1,distilbert,E,0,0,1,0,,McIntire,WELFake_residual,cross,2990,1588,0.8074602303894679,0.7789672544080605,0.923383894667254,0.912222652259706,0.937046004842615,0.9883379300333864,0.12958577445314712,0.07611527777368043,McIntire->WELFake_residual
1,distilbert,E,0,0,1,0,,WELFake_residual,ISOT,cross,2992,1588,0.8451834862385321,0.8299748110831234,0.9420087922645032,0.9401279432012132,0.9805924412665986,0.9981471278440974,0.1354089550280665,0.05801918464288425,WELFake_residual->ISOT
1,distilbert,E,0,0,1,0,,WELFake_residual,McIntire,cross,2992,1590,0.7675350701402806,0.7081761006289308,0.9302728443487838,0.916385427791622,0.9805924412665986,0.9981471278440974,0.21305737112631806,0.0817617000524754,WELFake_residual->McIntire
1,distilbert,LE,0,1,1,0,,ISOT,McIntire,cross,2988,1590,0.6578346276838739,0.5289308176100629,0.5728076995089002,0.5683034690083462,0.995959595959596,0.9999837408949012,0.33812496827572214,0.431680271886555,ISOT->McIntire
1,distilbert,LE,0,1,1,0,,ISOT,WELFake_residual,cross,2988,1588,0.6868029739776952,0.575566750629723,0.6708874266309698,0.6624582035289863,0.995959595959596,0.9999837408949012,0.30915662198190086,0.33752553736591484,ISOT->WELFake_residual
1,distilbert,LE,0,1,1,0,,McIntire,ISOT,cross,2990,1588,0.6632124352331606,0.7134760705289672,0.8246245096896959,0.8092407476730389,0.9402985074626866,0.9912353026564088,0.27708607222952597,0.18199455498336992,McIntire->ISOT
1,distilbert,LE,0,1,1,0,,McIntire,WELFake_residual,cross,2990,1588,0.7995495495495496,0.7758186397984886,0.9077754782737384,0.8936791363437366,0.9402985074626866,0.9912353026564088,0.14074895791313702,0.09755616631267217,McIntire->WELFake_residual
1,distilbert,LE,0,1,1,0,,WELFake_residual,ISOT,cross,2992,1588,0.8370572207084469,0.8117128463476071,0.955774650362392,0.9545568463729864,0.9784615384615384,0.9992021222324252,0.14140431775309148,0.04464527585943878,WELFake_residual->ISOT
1,distilbert,LE,0,1,1,0,,WELFake_residual,McIntire,cross,2992,1590,0.7484246243334949,0.6735849056603773,0.917648099547724,0.9066247379454928,0.9784615384615384,0.9992021222324252,0.2300369141280435,0.09257738428693241,WELFake_residual->McIntire
1,distilbert,SLE,1,1,1,0,,ISOT,McIntire,cross,2988,1590,0.6478511866581141,0.6547169811320754,0.6676726472338158,0.7008599343380405,0.987878787878788,0.9984472554630592,0.3400276012206739,0.29758732112501873,ISOT->McIntire
1,distilbert,SLE,1,1,1,0,,ISOT,WELFake_residual,cross,2988,1588,0.7141896435776731,0.732367758186398,0.775987389041755,0.7889349592980097,0.987878787878788,0.9984472554630592,0.2736891443011149,0.20951229616504952,ISOT->WELFake_residual
1,distilbert,SLE,1,1,1,0,,McIntire,ISOT,cross,2990,1588,0.7415891195418755,0.7726700251889169,0.8687446208799608,0.8578586882728778,0.9154228855721394,0.9824328639860648,0.1738337660302639,0.12457417571318696,McIntire->ISOT
1,distilbert,SLE,1,1,1,0,,McIntire,WELFake_residual,cross,2990,1588,0.8094435075885329,0.7865239294710328,0.90894702764861,0.8968658198453134,0.9154228855721394,0.9824328639860648,0.10597937798360646,0.08556704414075134,McIntire->WELFake_residual
1,distilbert,SLE,1,1,1,0,,WELFake_residual,ISOT,cross,2992,1588,0.7208976157082749,0.6240554156171285,0.885695357732613,0.8755631023609058,0.9768378650553876,0.9973104785225998,0.2559402493471127,0.12174737616169395,WELFake_residual->ISOT
1,distilbert,SLE,1,1,1,0,,WELFake_residual,McIntire,cross,2992,1590,0.7255726975222067,0.630817610062893,0.8930558827236943,0.8826233139511885,0.9768378650553876,0.9973104785225998,0.25126516753318096,0.11468716457141126,WELFake_residual->McIntire
1,distilbert,R_E,0,0,0,0,E,ISOT,McIntire,cross,2988,1590,0.6594847775175644,0.5427672955974843,0.5976112446118064,0.5986076500138444,0.997983870967742,0.9999268340270552,0.3384990934501776,0.40131918401321076,ISOT->McIntire
1,distilbert,R_E,0,0,0,0,E,ISOT,WELFake_residual,cross,2988,1588,0.8111239860950173,0.7947103274559194,0.8612632757276747,0.8717038684339093,0.997983870967742,0.9999268340270552,0.18685988487272465,0.12822296559314583,ISOT->WELFake_residual
1,distilbert,R_E,0,0,0,0,E,McIntire,ISOT,cross,2990,1588,0.6913925822253324,0.7222921914357683,0.8090443986336208,0.7715882341744444,0.9531812725090036,0.9935375235883293,0.26178869028367124,0.2219492894138848,McIntire->ISOT
1,distilbert,R_E,0,0,0,0,E,McIntire,WELFake_residual,cross,2990,1588,0.841743119266055,0.8261964735516373,0.9305338640336266,0.9232316999663726,0.9531812725090036,0.9935375235883293,0.11143815324294859,0.0703058236219567,McIntire->WELFake_residual
1,distilbert,R_E,0,0,0,0,E,WELFake_residual,ISOT,cross,2992,1588,0.7618110236220472,0.6952141057934509,0.9053727358100668,0.9146344751885996,0.984924623115578,0.9987348229772472,0.22311359949353082,0.08410034778864761,WELFake_residual->ISOT
1,distilbert,R_E,0,0,0,0,E,WELFake_residual,McIntire,cross,2992,1590,0.694653115333628,0.5654088050314465,0.92902096238883,0.9145635061904196,0.984924623115578,0.9987348229772472,0.2902715077819501,0.08417131678682765,WELFake_residual->McIntire
2,distilbert,C0,0,0,0,0,,ISOT,McIntire,cross,2992,1590,0.6714542190305206,0.539622641509434,0.5803275583101385,0.601028440330683,0.9969604863221884,0.9997561835139076,0.32550626729166776,0.39872774318322457,ISOT->McIntire
2,distilbert,C0,0,0,0,0,,ISOT,WELFake_residual,cross,2992,1588,0.6890833717181023,0.5749370277078085,0.7372774120401583,0.7250529792080401,0.9969604863221884,0.9997561835139076,0.30787711460408607,0.2747032043058675,ISOT->WELFake_residual
2,distilbert,C0,0,0,0,0,,McIntire,ISOT,cross,2988,1588,0.669964664310954,0.7059193954659949,0.778666393836452,0.724916565678356,0.9646464646464646,0.9936372659543182,0.2946818003355106,0.2687207002759622,McIntire->ISOT
2,distilbert,C0,0,0,0,0,,McIntire,WELFake_residual,cross,2988,1588,0.8461538461538461,0.8312342569269522,0.9360501072282976,0.928119587079418,0.9646464646464646,0.9936372659543182,0.1184926184926185,0.06551767887490023,McIntire->WELFake_residual
2,distilbert,C0,0,0,0,0,,WELFake_residual,ISOT,cross,2988,1588,0.6956521739130435,0.5680100755667506,0.8763917468524887,0.8934015506728678,0.9929221435793733,0.99906161386025,0.2972699696663298,0.1056600631873823,WELFake_residual->ISOT
2,distilbert,C0,0,0,0,0,,WELFake_residual,McIntire,cross,2988,1590,0.6781411359724613,0.529559748427673,0.8957896007634296,0.883515683715043,0.9929221435793733,0.99906161386025,0.31478100760691197,0.11554593014520709,WELFake_residual->McIntire
2,distilbert,S,1,0,0,0,,ISOT,McIntire,cross,2992,1590,0.6588235294117647,0.6169811320754717,0.7119325259153811,0.6957351370594518,0.9888097660223804,0.9989263879099806,0.32998623661061566,0.3031912508505288,ISOT->McIntire
2,distilbert,S,1,0,0,0,,ISOT,WELFake_residual,cross,2992,1588,0.7440191387559809,0.7304785894206549,0.807418102503308,0.8039071372827695,0.9888097660223804,0.9989263879099806,0.24479062726639944,0.19501925062721104,ISOT->WELFake_residual
2,distilbert,S,1,0,0,0,,McIntire,ISOT,cross,2988,1588,0.7019667170953101,0.7518891687657431,0.8501092646128909,0.8411337550520592,0.929757343550447,0.9836321194000588,0.22779062645513692,0.14249836434799956,McIntire->ISOT
2,distilbert,S,1,0,0,0,,McIntire,WELFake_residual,cross,2988,1588,0.8404441846873174,0.8280856423173804,0.9430675035203658,0.931672683666542,0.929757343550447,0.9836321194000588,0.08931315886312963,0.0519594357335168,McIntire->WELFake_residual
2,distilbert,S,1,0,0,0,,WELFake_residual,ISOT,cross,2988,1588,0.6889952153110048,0.5497481108312342,0.7825201473089098,0.819881002988408,0.9928934010152284,0.9994078742480615,0.30389818570422356,0.1795268712596535,WELFake_residual->ISOT
2,distilbert,S,1,0,0,0,,WELFake_residual,McIntire,cross,2988,1590,0.6706638115631691,0.5163522012578616,0.8990615840481335,0.8869562121751512,0.9928934010152284,0.9994078742480615,0.32222958945205926,0.11245166207291035,WELFake_residual->McIntire
2,distilbert,L,0,1,0,0,,ISOT,McIntire,cross,2992,1590,0.6615450277422108,0.5012578616352201,0.7132196519087092,0.7033527154780269,0.9969666329625884,0.9988956547394646,0.33542160522037756,0.2955429392614377,ISOT->McIntire
2,distilbert,L,0,1,0,0,,ISOT,WELFake_residual,cross,2992,1588,0.6758739749676306,0.5270780856423174,0.8170092944475063,0.8008981086105489,0.9969666329625884,0.9988956547394646,0.3210926579949578,0.19799754612891574,ISOT->WELFake_residual
2,distilbert,L,0,1,0,0,,McIntire,ISOT,cross,2988,1588,0.6102941176470589,0.6662468513853904,0.7437695316061846,0.6667877468926267,0.9444444444444444,0.9888399421625332,0.33415032679738554,0.3220521952699066,McIntire->ISOT
2,distilbert,L,0,1,0,0,,McIntire,WELFake_residual,cross,2988,1588,0.8245219347581553,0.8035264483627204,0.935744354735648,0.9210141870070871,0.9444444444444444,0.9888399421625332,0.11992250968628915,0.06782575515544609,McIntire->WELFake_residual
2,distilbert,L,0,1,0,0,,WELFake_residual,ISOT,cross,2988,1588,0.7101123595505618,0.5938287153652393,0.9392119519830584,0.9418259744050148,0.9939271255060728,0.999377141077546,0.2838147659555109,0.05755116667253124,WELFake_residual->ISOT
2,distilbert,L,0,1,0,0,,WELFake_residual,McIntire,cross,2988,1590,0.6709021601016518,0.5113207547169811,0.9068114963195116,0.8982666824888256,0.9939271255060728,0.999377141077546,0.32302496540442094,0.10111045858872048,WELFake_residual->McIntire
2,distilbert,E,0,0,1,0,,ISOT,McIntire,cross,2992,1590,0.6734603455914931,0.5364779874213836,0.5957770550590404,0.602688975910763,0.9989868287740628,1.0,0.3255264831825696,0.397311024089237,ISOT->McIntire
2,distilbert,E,0,0,1,0,,ISOT,WELFake_residual,cross,2992,1588,0.6911231884057971,0.570528967254408,0.7269398223291008,0.7099443876935961,0.9989868287740628,1.0,0.30786364036826563,0.29005561230640386,ISOT->WELFake_residual
2,distilbert,E,0,0,1,0,,McIntire,ISOT,cross,2988,1588,0.6811989100817438,0.7052896725440806,0.8084085085055943,0.76489604020075,0.940880503144654,0.9842539947064012,0.25968159306291017,0.2193579545056512,McIntire->ISOT
2,distilbert,E,0,0,1,0,,McIntire,WELFake_residual,cross,2988,1588,0.7861771058315334,0.7506297229219143,0.9093535475983368,0.8959466147237783,0.940880503144654,0.9842539947064012,0.15470339731312055,0.08830737998262284,McIntire->WELFake_residual
2,distilbert,E,0,0,1,0,,WELFake_residual,ISOT,cross,2988,1588,0.840021990104453,0.8167506297229219,0.9465354654300928,0.9438372808659404,0.982635342185904,0.9988567260568112,0.14261335208145098,0.055019445190870764,WELFake_residual->ISOT
2,distilbert,E,0,0,1,0,,WELFake_residual,McIntire,cross,2988,1590,0.7587223587223587,0.6911949685534591,0.9140058457611484,0.910479806969661,0.982635342185904,0.9988567260568112,0.22391298346354527,0.08837691908715017,WELFake_residual->McIntire
2,distilbert,LE,0,1,1,0,,ISOT,McIntire,cross,2992,1590,0.7020327218641547,0.6220125786163522,0.7233925959573353,0.7254444048890472,0.9959349593495936,1.0,0.293902237485439,0.27455559511095284,ISOT->McIntire
2,distilbert,LE,0,1,1,0,,ISOT,WELFake_residual,cross,2992,1588,0.730669434353918,0.6731738035264484,0.7720926625735166,0.7758678121173282,0.9959349593495936,1.0,0.2652655249956757,0.22413218788267175,ISOT->WELFake_residual
2,distilbert,LE,0,1,1,0,,McIntire,ISOT,cross,2988,1588,0.6794136392606756,0.6832493702770781,0.7874021370180021,0.7609368754322405,0.945273631840796,0.9858132781099892,0.2658599925801205,0.22487640267774867,McIntire->ISOT
2,distilbert,LE,0,1,1,0,,McIntire,WELFake_residual,cross,2988,1588,0.7810140237324703,0.7443324937027708,0.9025794423572876,0.8866974601704217,0.945273631840796,0.9858132781099892,0.16425960810832574,0.09911581793956747,McIntire->WELFake_residual
2,distilbert,LE,0,1,1,0,,WELFake_residual,ISOT,cross,2988,1588,0.8184405236198065,0.7991183879093199,0.9091013269175672,0.9005188472739502,0.9711340206185568,0.9982543559147012,0.15269349699875034,0.09773550864075109,WELFake_residual->ISOT
2,distilbert,LE,0,1,1,0,,WELFake_residual,McIntire,cross,2988,1590,0.7715430861723447,0.7132075471698113,0.9236079390716954,0.9153783473754994,0.9711340206185568,0.9982543559147012,0.19959093444621212,0.08287600853920185,WELFake_residual->McIntire
2,distilbert,SLE,1,1,1,0,,ISOT,McIntire,cross,2992,1590,0.6586538461538461,0.6427672955974842,0.7012490945136145,0.7070305763221392,0.9837728194726166,0.9986333983510628,0.3251189733187705,0.2916028220289236,ISOT->McIntire
2,distilbert,SLE,1,1,1,0,,ISOT,WELFake_residual,cross,2992,1588,0.7147415443522654,0.7185138539042821,0.77851381646534,0.7805407686109297,0.9837728194726166,0.9986333983510628,0.2690312751203512,0.2180926297401331,ISOT->WELFake_residual
2,distilbert,SLE,1,1,1,0,,McIntire,ISOT,cross,2988,1588,0.7086505190311418,0.7348866498740554,0.8445386434071728,0.8296425013799973,0.90537084398977,0.9752444613273208,0.19672032495862812,0.1456019599473235,McIntire->ISOT
2,distilbert,SLE,1,1,1,0,,McIntire,WELFake_residual,cross,2988,1588,0.7951945080091534,0.77455919395466,0.9093557363650746,0.8936426536555653,0.90537084398977,0.9752444613273208,0.1101763359806166,0.08160180767175551,McIntire->WELFake_residual
2,distilbert,SLE,1,1,1,0,,WELFake_residual,ISOT,cross,2988,1588,0.7635639621702339,0.7008816120906801,0.911551167509966,0.9068144902892602,0.9776422764227642,0.9966193512432592,0.21407831425253032,0.08980486095399898,WELFake_residual->ISOT
2,distilbert,SLE,1,1,1,0,,WELFake_residual,McIntire,cross,2988,1590,0.7376023110255175,0.6572327044025157,0.8286537609526498,0.833990744037024,0.9776422764227642,0.9966193512432592,0.2400399653972467,0.16262860720623518,WELFake_residual->McIntire
2,distilbert,R_E,0,0,0,0,E,ISOT,McIntire,cross,2992,1590,0.6766616691654173,0.5930817610062893,0.6721501335989799,0.6671967089909419,0.9908629441624366,0.999668081758429,0.31420127499701933,0.33247137276748717,ISOT->McIntire
2,distilbert,R_E,0,0,0,0,E,ISOT,WELFake_residual,cross,2992,1588,0.7757774140752864,0.7411838790931989,0.84160500763206,0.8399869296804117,0.9908629441624366,0.999668081758429,0.21508553008715015,0.15968115207801736,ISOT->WELFake_residual
2,distilbert,R_E,0,0,0,0,E,McIntire,ISOT,cross,2988,1588,0.6339825386165212,0.656801007556675,0.7496570917987255,0.688349015601901,0.9384615384615383,0.9870325213214391,0.30447899984501714,0.29868350571953817,McIntire->ISOT
2,distilbert,R_E,0,0,0,0,E,McIntire,WELFake_residual,cross,2988,1588,0.8280542986425339,0.8085642317380353,0.9239079115061778,0.9161429550342935,0.9384615384615383,0.9870325213214391,0.11040723981900447,0.0708895662871456,McIntire->WELFake_residual
2,distilbert,R_E,0,0,0,0,E,WELFake_residual,ISOT,cross,2988,1588,0.8176972281449894,0.7846347607052897,0.956049944235881,0.9531332284323863,0.9888776541961576,0.9986620826435444,0.17118042605116823,0.04552885421115804,WELFake_residual->ISOT
2,distilbert,R_E,0,0,0,0,E,WELFake_residual,McIntire,cross,2988,1590,0.7062528115159694,0.5893081761006289,0.9363450761829268,0.9197595031842096,0.9888776541961576,0.9986620826435444,0.28262484268018817,0.07890257945933477,WELFake_residual->McIntire
0,distilbert,SL,1,1,0,0,,ISOT,McIntire,cross,2990,1590,0.6395759717314488,0.6150943396226415,0.6747391254959794,0.666996558680432,0.9929078014184396,0.9997174980489076,0.35333182968699084,0.3327209393684757,ISOT->McIntire
0,distilbert,SL,1,1,0,0,,ISOT,WELFake_residual,cross,2990,1588,0.706500328299409,0.7185138539042821,0.7890284394756648,0.7784810829330813,0.9929078014184396,0.9997174980489076,0.2864074731190306,0.22123641511582637,ISOT->WELFake_residual
0,distilbert,SL,1,1,0,0,,McIntire,ISOT,cross,2988,1588,0.7343867569601203,0.7777078085642317,0.8664518807873739,0.8343297337081004,0.9395109395109396,0.985547353561234,0.2051241825508192,0.15121761985313364,McIntire->ISOT
0,distilbert,SL,1,1,0,0,,McIntire,WELFake_residual,cross,2988,1588,0.8610944076969332,0.8545340050377834,0.9474842214592314,0.9317694421003878,0.9395109395109396,0.985547353561234,0.07841653181400632,0.053777911460846206,McIntire->WELFake_residual
0,distilbert,SL,1,1,0,0,,WELFake_residual,ISOT,cross,2988,1588,0.6845753899480069,0.5415617128463476,0.7502098238649628,0.7795271843612992,0.9908629441624366,0.9976642790407972,0.30628755421442966,0.21813709467949804,WELFake_residual->ISOT
0,distilbert,SL,1,1,0,0,,WELFake_residual,McIntire,cross,2988,1590,0.6740994854202401,0.5220125786163522,0.8912222028350307,0.8692638740556149,0.9908629441624366,0.9976642790407972,0.31676345874219647,0.12840040498518235,WELFake_residual->McIntire
0,distilbert,SE,1,0,1,0,,ISOT,McIntire,cross,2990,1590,0.6537142857142857,0.6188679245283019,0.6269049833548188,0.66291127724378,0.9909547738693468,0.9988537330905308,0.33724048815506114,0.33594245584675086,ISOT->McIntire
0,distilbert,SE,1,0,1,0,,ISOT,WELFake_residual,cross,2990,1588,0.7429934406678592,0.7285894206549118,0.7685454411447493,0.7847045536739652,0.9909547738693468,0.9988537330905308,0.2479613332014876,0.21414917941656564,ISOT->WELFake_residual
0,distilbert,SE,1,0,1,0,,McIntire,ISOT,cross,2988,1588,0.7530249110320285,0.7814861460957179,0.8847841366517356,0.8687297362460265,0.9280205655526992,0.9781655586718988,0.17499565452067067,0.10943582242587235,McIntire->ISOT
0,distilbert,SE,1,0,1,0,,McIntire,WELFake_residual,cross,2988,1588,0.8364269141531323,0.8224181360201511,0.9215568052288144,0.9145281995317528,0.9280205655526992,0.9781655586718988,0.09159365139956688,0.06363735914014601,McIntire->WELFake_residual
0,distilbert,SE,1,0,1,0,,WELFake_residual,ISOT,cross,2988,1588,0.7202632816173014,0.6253148614609572,0.8577117266374257,0.8603982006103712,0.97119341563786,0.9958879017849828,0.25093013402055864,0.13548970117461157,WELFake_residual->ISOT
0,distilbert,SE,1,0,1,0,,WELFake_residual,McIntire,cross,2988,1590,0.7225378787878788,0.6314465408805031,0.8933365718632814,0.8774368102527589,0.97119341563786,0.9958879017849828,0.2486555368499812,0.11845109153222388,WELFake_residual->McIntire
1,distilbert,SL,1,1,0,0,,ISOT,McIntire,cross,2988,1590,0.6964180857310628,0.6748427672955974,0.7512716329272697,0.7481096475614097,0.995959595959596,0.9998658623829344,0.29954151022853326,0.25175621482152466,ISOT->McIntire
1,distilbert,SL,1,1,0,0,,ISOT,WELFake_residual,cross,2988,1588,0.7461734693877551,0.7493702770780857,0.7993304096277265,0.7998726278321671,0.995959595959596,0.9998658623829344,0.24978612657184096,0.19999323455076734,ISOT->WELFake_residual
1,distilbert,SL,1,1,0,0,,McIntire,ISOT,cross,2990,1588,0.7738619676945668,0.8060453400503779,0.9028763077735792,0.884220602884353,0.9364303178484108,0.9861605457976484,0.16256835015384397,0.10193994291329544,McIntire->ISOT
1,distilbert,SL,1,1,0,0,,McIntire,WELFake_residual,cross,2990,1588,0.8651887357699221,0.8583123425692695,0.9515109788455788,0.938640084005355,0.9364303178484108,0.9861605457976484,0.07124158207848874,0.04752046179229341,McIntire->WELFake_residual
1,distilbert,SL,1,1,0,0,,WELFake_residual,ISOT,cross,2992,1588,0.7494033412887828,0.6693954659949622,0.8835864202846636,0.894315997182902,0.991869918699187,0.9991919191919192,0.24246657741040412,0.10487592200901719,WELFake_residual->ISOT
1,distilbert,SL,1,1,0,0,,WELFake_residual,McIntire,cross,2992,1590,0.6986547085201794,0.5773584905660377,0.929637422363821,0.9096989834262884,0.991869918699187,0.9991919191919192,0.29321521017900753,0.08949293576563078,WELFake_residual->McIntire
1,distilbert,SE,1,0,1,0,,ISOT,McIntire,cross,2988,1590,0.6357096141268803,0.6496855345911949,0.7081661497836373,0.6976148095407619,0.9908814589665652,0.9993455710197712,0.3551718448396849,0.30173076147900924,ISOT->McIntire
1,distilbert,SE,1,0,1,0,,ISOT,WELFake_residual,cross,2988,1588,0.6789115646258503,0.7027707808564232,0.7830129024382317,0.7767021553337691,0.9908814589665652,0.9993455710197712,0.31196989434071487,0.2226434156860021,ISOT->WELFake_residual
1,distilbert,SE,1,0,1,0,,McIntire,ISOT,cross,2990,1588,0.718772826880935,0.7575566750629723,0.8612417699272192,0.8557775888432767,0.9211822660098522,0.9838002612861084,0.20240943912891718,0.12802267244283172,McIntire->ISOT
1,distilbert,SE,1,0,1,0,,McIntire,WELFake_residual,cross,2990,1588,0.8393480791618161,0.8261964735516373,0.9274354499237992,0.9167718848542912,0.9211822660098522,0.9838002612861084,0.08183418684803612,0.06702837643181725,McIntire->WELFake_residual
1,distilbert,SE,1,0,1,0,,WELFake_residual,ISOT,cross,2992,1588,0.744140625,0.6700251889168766,0.8955893112173181,0.8813535394552342,0.9721362229102168,0.9989001122334455,0.22799559791021684,0.11754657277821134,WELFake_residual->ISOT
1,distilbert,SE,1,0,1,0,,WELFake_residual,McIntire,cross,2992,1590,0.7481734047735021,0.6748427672955974,0.9131262569683714,0.8978948617538862,0.9721362229102168,0.9989001122334455,0.2239628181367147,0.10100525047955933,WELFake_residual->McIntire
2,distilbert,SL,1,1,0,0,,ISOT,McIntire,cross,2992,1590,0.6978672985781991,0.6792452830188679,0.7454480820032698,0.7365650092955184,0.992878942014242,0.9995021226376436,0.2950116434360429,0.2629371133421252,ISOT->McIntire
2,distilbert,SL,1,1,0,0,,ISOT,WELFake_residual,cross,2992,1588,0.7459807073954984,0.7512594458438288,0.8169083608567911,0.8165618714667309,0.992878942014242,0.9995021226376436,0.2468982346187436,0.18294025117091273,ISOT->WELFake_residual
2,distilbert,SL,1,1,0,0,,McIntire,ISOT,cross,2988,1588,0.7692307692307693,0.7978589420654912,0.8929809360375922,0.8770842718372682,0.9309462915601024,0.9790982501715518,0.16171552232933317,0.1020139783342836,McIntire->ISOT
2,distilbert,SL,1,1,0,0,,McIntire,WELFake_residual,cross,2988,1588,0.831002331002331,0.8173803526448362,0.9425024417640744,0.924679904066392,0.9309462915601024,0.9790982501715518,0.09994396055777144,0.05441834610515983,McIntire->WELFake_residual
2,distilbert,SL,1,1,0,0,,WELFake_residual,ISOT,cross,2988,1588,0.6857142857142857,0.5428211586901763,0.81731865130104,0.8201990368570323,0.9929221435793733,0.9990001475192184,0.30720785786508753,0.17880111066218607,WELFake_residual->ISOT
2,distilbert,SL,1,1,0,0,,WELFake_residual,McIntire,cross,2988,1590,0.6746575342465754,0.5220125786163522,0.8566144118707457,0.8484521973023218,0.9929221435793733,0.9990001475192184,0.3182646093327979,0.1505479502168966,WELFake_residual->McIntire
2,distilbert,SE,1,0,1,0,,ISOT,McIntire,cross,2992,1590,0.6583034647550776,0.640251572327044,0.6435592275124931,0.674540564059966,0.9867751780264497,0.9994529495648182,0.32847171327137203,0.32491238550485224,ISOT->McIntire
2,distilbert,SE,1,0,1,0,,ISOT,WELFake_residual,cross,2992,1588,0.7339331619537275,0.739294710327456,0.7793162004792706,0.7882386158150867,0.9867751780264497,0.9994529495648182,0.25284201607272216,0.21121433374973153,ISOT->WELFake_residual
2,distilbert,SE,1,0,1,0,,McIntire,ISOT,cross,2988,1588,0.7408431237042156,0.7638539042821159,0.8671527769576848,0.8420355119314253,0.9338422391857506,0.9832124301539064,0.19299911548153503,0.14117691822248102,McIntire->ISOT
2,distilbert,SE,1,0,1,0,,McIntire,WELFake_residual,cross,2988,1588,0.8183856502242153,0.7959697732997482,0.9098025329586696,0.9008043639639868,0.9338422391857506,0.9832124301539064,0.11545658896153532,0.08240806618991958,McIntire->WELFake_residual
2,distilbert,SE,1,0,1,0,,WELFake_residual,ISOT,cross,2988,1588,0.6931608133086876,0.5818639798488665,0.879006285601342,0.8505478748041039,0.98159509202454,0.9977441852841384,0.28843427871585237,0.14719631048003456,WELFake_residual->ISOT
2,distilbert,SE,1,0,1,0,,WELFake_residual,McIntire,cross,2988,1590,0.7223796033994334,0.630188679245283,0.8559125170578356,0.8534306396107748,0.98159509202454,0.9977441852841384,0.25921548862510657,0.14431354567336363,WELFake_residual->McIntire
0,distilbert,R_S,0,0,0,0,S,ISOT,McIntire,cross,2990,1590,0.6802168021680217,0.5547169811320755,0.6159992287319965,0.6154107828013132,0.995959595959596,0.9998333441727366,0.3157427937915743,0.3844225613714234,ISOT->McIntire
0,distilbert,R_S,0,0,0,0,S,ISOT,WELFake_residual,cross,2990,1588,0.723404255319149,0.6316120906801007,0.8451129771516241,0.8398806540235647,0.995959595959596,0.9998333441727366,0.27255534064044706,0.1599526901491719,ISOT->WELFake_residual
0,distilbert,R_S,0,0,0,0,S,McIntire,ISOT,cross,2988,1588,0.7412280701754386,0.7770780856423174,0.853796483551158,0.8094271266234796,0.958490566037736,0.9936318803987536,0.2172624958622974,0.184204753775274,McIntire->ISOT
0,distilbert,R_S,0,0,0,0,S,McIntire,WELFake_residual,cross,2988,1588,0.8678802113916618,0.8583123425692695,0.9531734202421832,0.9449960027663394,0.958490566037736,0.9936318803987536,0.09061035464607414,0.04863587763241417,McIntire->WELFake_residual
0,distilbert,R_S,0,0,0,0,S,WELFake_residual,ISOT,cross,2988,1588,0.7808015833745671,0.7210327455919395,0.9541361105517692,0.9600919046501152,0.9949545913218972,0.9987727220574012,0.21415300794733017,0.03868081740728602,WELFake_residual->ISOT
0,distilbert,R_S,0,0,0,0,S,WELFake_residual,McIntire,cross,2988,1590,0.6872822299651568,0.5484276729559748,0.9198043173497752,0.9041944543332938,0.9949545913218972,0.9987727220574012,0.3076723613567405,0.09457826772410738,WELFake_residual->McIntire
0,distilbert,R_SE,0,0,0,0,SE,ISOT,McIntire,cross,2990,1590,0.6515970515970516,0.5540880503144654,0.634241230612482,0.6268438748467229,0.993939393939394,0.999857732830385,0.3423423423423424,0.37301385798366216,ISOT->McIntire
0,distilbert,R_SE,0,0,0,0,SE,ISOT,WELFake_residual,cross,2990,1588,0.7291220556745182,0.681360201511335,0.7965334043656287,0.7841977615491501,0.993939393939394,0.999857732830385,0.26481733826487586,0.21565997128123493,ISOT->WELFake_residual
0,distilbert,R_SE,0,0,0,0,SE,McIntire,ISOT,cross,2988,1588,0.674945215485756,0.7197732997481109,0.7923464213946708,0.7336065833803908,0.9619289340101524,0.9889832774671798,0.2869837185243964,0.2553766940867891,McIntire->ISOT
0,distilbert,R_SE,0,0,0,0,SE,McIntire,WELFake_residual,cross,2988,1588,0.8192371475953566,0.7940806045340051,0.9212550894963596,0.9107815860769372,0.9619289340101524,0.9889832774671798,0.14269178641479585,0.07820169139024269,McIntire->WELFake_residual
0,distilbert,R_SE,0,0,0,0,SE,WELFake_residual,ISOT,cross,2988,1588,0.7439613526570048,0.6662468513853904,0.9211129723704398,0.9128999612966264,0.9817813765182186,0.9975782261633528,0.23782002386121381,0.08467826486672636,WELFake_residual->ISOT
0,distilbert,R_SE,0,0,0,0,SE,WELFake_residual,McIntire,cross,2988,1590,0.7069681587448085,0.60062893081761,0.9210022508283766,0.8994786598631384,0.9817813765182186,0.9975782261633528,0.27481321777341017,0.09809956630021444,WELFake_residual->McIntire
1,distilbert,R_S,0,0,0,0,S,ISOT,McIntire,cross,2988,1590,0.6774921064501579,0.550314465408805,0.6601254616377281,0.6681784739527709,1.0,1.0,0.3225078935498421,0.33182152604722914,ISOT->McIntire
1,distilbert,R_S,0,0,0,0,S,ISOT,WELFake_residual,cross,2988,1588,0.7371031746031746,0.6662468513853904,0.84940246446553,0.8494050149420401,1.0,1.0,0.26289682539682535,0.15059498505795987,ISOT->WELFake_residual
1,distilbert,R_S,0,0,0,0,S,McIntire,ISOT,cross,2990,1588,0.7023319615912208,0.7267002518891688,0.810848614546152,0.7604578418745123,0.960193003618818,0.9945362171577876,0.2578610420275972,0.23407837528327535,McIntire->ISOT
1,distilbert,R_S,0,0,0,0,S,McIntire,WELFake_residual,cross,2990,1588,0.8099084544964997,0.7777078085642317,0.916041850756154,0.913611373715968,0.960193003618818,0.9945362171577876,0.15028454912231826,0.0809248434418196,McIntire->WELFake_residual
1,distilbert,R_S,0,0,0,0,S,WELFake_residual,ISOT,cross,2992,1588,0.7756504663721159,0.7122166246851386,0.9261170038318572,0.9380666713195313,0.993939393939394,0.9990205081114172,0.21828892756727813,0.06095383679188593,WELFake_residual->ISOT
1,distilbert,R_S,0,0,0,0,S,WELFake_residual,McIntire,cross,2992,1590,0.6848721283051582,0.5427672955974843,0.9496777865604163,0.9379692259008744,0.993939393939394,0.9990205081114172,0.3090672656342358,0.06105128221054279,WELFake_residual->McIntire
1,distilbert,R_SE,0,0,0,0,SE,ISOT,McIntire,cross,2988,1590,0.6672905942910622,0.5528301886792453,0.6445450180691475,0.6421605158023813,0.9989909182643796,0.9999918704474506,0.3317003239733174,0.3578313546450693,ISOT->McIntire
1,distilbert,R_SE,0,0,0,0,SE,ISOT,WELFake_residual,cross,2988,1588,0.7969348659003831,0.7663727959697733,0.8705183910229399,0.8730894174825041,0.9989909182643796,0.9999918704474506,0.20205605236399649,0.1269024529649465,ISOT->WELFake_residual
1,distilbert,R_SE,0,0,0,0,SE,McIntire,ISOT,cross,2990,1588,0.6429930247305009,0.6454659949622166,0.7741223156282828,0.7083510459428077,0.9578820697954272,0.9926026999564525,0.3148890450649263,0.2842516540136447,McIntire->ISOT
1,distilbert,R_SE,0,0,0,0,SE,McIntire,WELFake_residual,cross,2990,1588,0.8078602620087336,0.7783375314861462,0.9143552803866466,0.9104215178067244,0.9578820697954272,0.9926026999564525,0.1500218077866936,0.08218118214972803,McIntire->WELFake_residual
1,distilbert,R_SE,0,0,0,0,SE,WELFake_residual,ISOT,cross,2992,1588,0.8658057271195957,0.8494962216624685,0.9612936737118458,0.9598975946805068,0.9868020304568528,0.998759310274462,0.12099630333725708,0.038861715593955126,WELFake_residual->ISOT
1,distilbert,R_SE,0,0,0,0,SE,WELFake_residual,McIntire,cross,2992,1590,0.7112349117920148,0.6088050314465409,0.9078326503290804,0.8864143032316759,0.9868020304568528,0.998759310274462,0.27556711866483796,0.11234500704278605,WELFake_residual->McIntire
2,distilbert,R_S,0,0,0,0,S,ISOT,McIntire,cross,2992,1590,0.6811791383219955,0.5578616352201258,0.6526890989177196,0.6641746766346268,0.9979757085020244,0.9999713157075184,0.31679657018002894,0.3357966390728916,ISOT->McIntire
2,distilbert,R_S,0,0,0,0,S,ISOT,WELFake_residual,cross,2992,1588,0.7612456747404844,0.6958438287153652,0.8334528003069527,0.8487372231281207,0.9979757085020244,0.9999713157075184,0.23673003376154,0.15123409257939768,ISOT->WELFake_residual
2,distilbert,R_S,0,0,0,0,S,McIntire,ISOT,cross,2988,1588,0.623938223938224,0.6933249370277078,0.7670129258833303,0.7306046926254213,0.9544303797468354,0.9896149887265956,0.33049215580861147,0.2590102961011743,McIntire->ISOT
2,distilbert,R_S,0,0,0,0,S,McIntire,WELFake_residual,cross,2988,1588,0.8063112078346029,0.7758186397984886,0.931162487550895,0.917612572886066,0.9544303797468354,0.9896149887265956,0.14811917191223256,0.07200241584052958,McIntire->WELFake_residual
2,distilbert,R_S,0,0,0,0,S,WELFake_residual,ISOT,cross,2988,1588,0.8121402407116692,0.7739294710327456,0.940405336379737,0.9422233184653162,0.997979797979798,0.9999221426346931,0.18583955726812873,0.057698824169376994,WELFake_residual->ISOT
2,distilbert,R_S,0,0,0,0,S,WELFake_residual,McIntire,cross,2988,1590,0.6900790166812993,0.5559748427672956,0.9267707698419628,0.9163347968830348,0.997979797979798,0.9999221426346931,0.3079007812984986,0.08358734575165838,WELFake_residual->McIntire
2,distilbert,R_SE,0,0,0,0,SE,ISOT,McIntire,cross,2992,1590,0.6893787575150301,0.610062893081761,0.6562301516321148,0.6692828606463351,0.994934143870314,0.9999221426346931,0.3055553863552839,0.330639281988358,ISOT->McIntire
2,distilbert,R_SE,0,0,0,0,SE,ISOT,WELFake_residual,cross,2992,1588,0.8327444051825678,0.8211586901763224,0.895315735204136,0.8947347549949559,0.994934143870314,0.9999221426346931,0.16218973868774622,0.10518738763973723,ISOT->WELFake_residual
2,distilbert,R_SE,0,0,0,0,SE,McIntire,ISOT,cross,2988,1588,0.6021798365122616,0.6322418136020151,0.7104145816426239,0.6665545749290966,0.9529860228716646,0.9902491177335556,0.35080618635940297,0.323694542804459,McIntire->ISOT
2,distilbert,R_SE,0,0,0,0,SE,McIntire,WELFake_residual,cross,2988,1588,0.8193979933110368,0.7959697732997482,0.9187937642459516,0.9102660698310374,0.9529860228716646,0.9902491177335556,0.13358802956062776,0.0799830479025182,McIntire->WELFake_residual
2,distilbert,R_SE,0,0,0,0,SE,WELFake_residual,ISOT,cross,2988,1588,0.7897489539748954,0.7468513853904282,0.92399733736591,0.9152871980661004,0.9837728194726166,0.996844727827042,0.19402386549772122,0.08155752976094166,WELFake_residual->ISOT
2,distilbert,R_SE,0,0,0,0,SE,WELFake_residual,McIntire,cross,2988,1590,0.7132352941176471,0.6075471698113207,0.8786426695716371,0.873225742652585,0.9837728194726166,0.996844727827042,0.27053752535496955,0.12361898517445702,WELFake_residual->McIntire
3,distilbert,C0,0,0,0,0,,ISOT,McIntire,cross,2990,1590,0.6708185053380783,0.5345911949685535,0.6170726813341064,0.6378727107313793,0.997979797979798,0.9999836751351904,0.32716129264171967,0.3621109644038111,ISOT->McIntire
3,distilbert,C0,0,0,0,0,,ISOT,WELFake_residual,cross,2990,1588,0.7077625570776256,0.5969773299748111,0.8191355918165903,0.8198405547906528,0.997979797979798,0.9999836751351904,0.2902172409021724,0.1801431203445376,ISOT->WELFake_residual
3,distilbert,C0,0,0,0,0,,McIntire,ISOT,cross,2992,1588,0.6772633033863165,0.7059193954659949,0.8017024214118073,0.7495392077863574,0.9523809523809524,0.9924418499357074,0.275117648994636,0.24290264214934998,McIntire->ISOT
3,distilbert,C0,0,0,0,0,,McIntire,WELFake_residual,cross,2992,1588,0.8414496036240091,0.8236775818639799,0.9331827459996708,0.9284344485403752,0.9523809523809524,0.9924418499357074,0.11093134875694333,0.06400740139533223,McIntire->WELFake_residual
3,distilbert,C0,0,0,0,0,,WELFake_residual,ISOT,cross,2994,1588,0.6689390711546656,0.510705289672544,0.8409972692223227,0.8481241553464587,0.9969849246231156,0.9997114008844952,0.32804585346845005,0.15158724553803649,WELFake_residual->ISOT
3,distilbert,C0,0,0,0,0,,WELFake_residual,McIntire,cross,2994,1590,0.6669480793583791,0.5037735849056604,0.9367699869731844,0.920350460820379,0.9969849246231156,0.9997114008844952,0.33003684526473653,0.0793609400641162,WELFake_residual->McIntire
3,distilbert,S,1,0,0,0,,ISOT,McIntire,cross,2990,1590,0.6465256797583081,0.6320754716981132,0.7329361741960039,0.7086491831810451,0.9929078014184396,0.999571472298745,0.3463821216601315,0.2909222891176999,ISOT->McIntire
3,distilbert,S,1,0,0,0,,ISOT,WELFake_residual,cross,2990,1588,0.7383419689119171,0.7455919395465995,0.8236404315275154,0.810917365125088,0.9929078014184396,0.999571472298745,0.25456583250652254,0.18865410717365694,ISOT->WELFake_residual
3,distilbert,S,1,0,0,0,,McIntire,ISOT,cross,2992,1588,0.7650727650727651,0.7865239294710328,0.8783496058344769,0.851517838448312,0.9316455696202532,0.98822208404518,0.16657280454748813,0.136704245596868,McIntire->ISOT
3,distilbert,S,1,0,0,0,,McIntire,WELFake_residual,cross,2992,1588,0.8559573206876111,0.8469773299748111,0.942878194294288,0.9332239910157416,0.9316455696202532,0.98822208404518,0.07568824893264214,0.054998093029438366,McIntire->WELFake_residual
3,distilbert,S,1,0,0,0,,WELFake_residual,ISOT,cross,2994,1588,0.6786478391099701,0.5270780856423174,0.9067054079302606,0.9010763979214385,0.995967741935484,0.99907729578564,0.3173199028255139,0.09800089786420152,WELFake_residual->ISOT
3,distilbert,S,1,0,0,0,,WELFake_residual,McIntire,cross,2994,1590,0.6749146757679181,0.5207547169811321,0.915844837946524,0.9000893951979747,0.995967741935484,0.99907729578564,0.3210530661675659,0.09898790058766527,WELFake_residual->McIntire
3,distilbert,R_E,0,0,0,0,E,ISOT,McIntire,cross,2990,1590,0.655688622754491,0.5660377358490566,0.6165744386842346,0.6179541948498872,0.9969727547931384,0.9998979695949392,0.3412841320386474,0.3819437747450519,ISOT->McIntire
3,distilbert,R_E,0,0,0,0,E,ISOT,WELFake_residual,cross,2990,1588,0.8076235854675402,0.7965994962216625,0.8597520497845078,0.8648403644461928,0.9969727547931384,0.9998979695949392,0.1893491693255982,0.13505760514874632,ISOT->WELFake_residual
3,distilbert,R_E,0,0,0,0,E,McIntire,ISOT,cross,2992,1588,0.6588061901252763,0.7084382871536524,0.7996416003629933,0.7476429011033634,0.9565217391304348,0.9919558826192733,0.2977155490051585,0.24431298151590986,McIntire->ISOT
3,distilbert,R_E,0,0,0,0,E,McIntire,WELFake_residual,cross,2992,1588,0.848381601362862,0.8318639798488665,0.9333996040868704,0.9274311746156628,0.9565217391304348,0.9919558826192733,0.10814013776757281,0.06452470800361043,McIntire->WELFake_residual
3,distilbert,R_E,0,0,0,0,E,WELFake_residual,ISOT,cross,2994,1588,0.7357512953367875,0.6467254408060453,0.9083035447227944,0.9147169577879436,0.9899598393574296,0.9993577653485952,0.2542085440206421,0.08464080756065162,WELFake_residual->ISOT
3,distilbert,R_E,0,0,0,0,E,WELFake_residual,McIntire,cross,2994,1590,0.6953818827708703,0.5685534591194968,0.921428219784303,0.9057782524425458,0.9899598393574296,0.9993577653485952,0.2945779565865593,0.09357951290604938,WELFake_residual->McIntire
3,distilbert,R_S,0,0,0,0,S,ISOT,McIntire,cross,2990,1590,0.6645101663585952,0.5433962264150943,0.6979873430164644,0.6744179423282306,0.9959514170040484,0.9999510254055708,0.33144125064545327,0.3255330830773402,ISOT->McIntire
3,distilbert,R_S,0,0,0,0,S,ISOT,WELFake_residual,cross,2990,1588,0.7258536585365853,0.646095717884131,0.8254015019433395,0.8125432240544639,0.9959514170040484,0.9999510254055708,0.2700977584674631,0.1874078013511069,ISOT->WELFake_residual
3,distilbert,R_S,0,0,0,0,S,McIntire,ISOT,cross,2992,1588,0.6616654163540885,0.7159949622166247,0.804321249641537,0.7355314417323883,0.959493670886076,0.9945668250336556,0.29782825453198747,0.2590353833012673,McIntire->ISOT
3,distilbert,R_S,0,0,0,0,S,McIntire,WELFake_residual,cross,2992,1588,0.8537313432835821,0.8457178841309824,0.941847833734303,0.9323452340919618,0.959493670886076,0.9945668250336556,0.10576232760249382,0.06222159094169377,McIntire->WELFake_residual
3,distilbert,R_S,0,0,0,0,S,WELFake_residual,ISOT,cross,2994,1588,0.6663844199830652,0.5037783375314862,0.9375329563139352,0.9210133939051705,0.9949748743718592,0.9991321702653486,0.328590454388794,0.07811877636017817,WELFake_residual->ISOT
3,distilbert,R_S,0,0,0,0,S,WELFake_residual,McIntire,cross,2994,1590,0.6680707666385847,0.5044025157232704,0.942412228250412,0.9293065938847356,0.9949748743718592,0.9991321702653486,0.3269041077332745,0.06982557638061304,WELFake_residual->McIntire
3,distilbert,R_SE,0,0,0,0,SE,ISOT,McIntire,cross,2990,1590,0.6732263076126359,0.6031446540880503,0.6721838726670717,0.6796020727028202,0.9969604863221884,0.9999755127027854,0.32373417870955246,0.32037343999996515,ISOT->McIntire
3,distilbert,R_SE,0,0,0,0,SE,ISOT,WELFake_residual,cross,2990,1588,0.7698412698412699,0.7443324937027708,0.827782100561632,0.8275820226002322,0.9969604863221884,0.9999755127027854,0.22711921648091848,0.17239349010255323,ISOT->WELFake_residual
3,distilbert,R_SE,0,0,0,0,SE,McIntire,ISOT,cross,2992,1588,0.611353711790393,0.663727959697733,0.7509356360559967,0.6939372117074531,0.9521410579345088,0.991005077000163,0.34078734614411577,0.2970678652927099,McIntire->ISOT
3,distilbert,R_SE,0,0,0,0,SE,McIntire,WELFake_residual,cross,2992,1588,0.8386721025043681,0.825566750629723,0.9353977772045106,0.9231048036596894,0.9521410579345088,0.991005077000163,0.11346895543014068,0.06790027334047366,McIntire->WELFake_residual
3,distilbert,R_SE,0,0,0,0,SE,WELFake_residual,ISOT,cross,2994,1588,0.8212927756653993,0.7928211586901763,0.9466744054693442,0.9390382211675729,0.9858870967741936,0.997528616024974,0.16459432110879435,0.05849039485740115,WELFake_residual->ISOT
3,distilbert,R_SE,0,0,0,0,SE,WELFake_residual,McIntire,cross,2994,1590,0.7415516420752023,0.6584905660377358,0.9153394700429952,0.905368458526166,0.9858870967741936,0.997528616024974,0.24433545469899132,0.09216015749880802,WELFake_residual->McIntire
3,distilbert,SLE,1,1,1,0,,ISOT,McIntire,cross,2990,1590,0.6597267404033832,0.6710691823899371,0.7231093492193872,0.7393955935287368,0.9785495403472932,0.9980532598714416,0.31882279994391005,0.2586576663427047,ISOT->McIntire
3,distilbert,SLE,1,1,1,0,,ISOT,WELFake_residual,cross,2990,1588,0.7196064652143359,0.7487405541561712,0.814296147439977,0.8086554384584637,0.9785495403472932,0.9980532598714416,0.25894307513295733,0.1893978214129779,ISOT->WELFake_residual
3,distilbert,SLE,1,1,1,0,,McIntire,ISOT,cross,2992,1588,0.7565745111260958,0.7726700251889169,0.8710745932398806,0.8654320184761022,0.9271356783919598,0.9806307312449818,0.170561167265864,0.11519871276887961,McIntire->ISOT
3,distilbert,SLE,1,1,1,0,,McIntire,WELFake_residual,cross,2992,1588,0.8218554354012522,0.802896725440806,0.9192185419146296,0.9054463894828342,0.9271356783919598,0.9806307312449818,0.1052802429907076,0.07518434176214761,McIntire->WELFake_residual
3,distilbert,SLE,1,1,1,0,,WELFake_residual,ISOT,cross,2994,1588,0.7128532360984503,0.6032745591939547,0.8897572243856399,0.8849256704883603,0.972644376899696,0.9972115634755464,0.25979114080124566,0.11228589298718605,WELFake_residual->ISOT
3,distilbert,SLE,1,1,1,0,,WELFake_residual,McIntire,cross,2994,1590,0.7140221402214022,0.610062893081761,0.8861903598939528,0.8692504252205212,0.972644376899696,0.9972115634755464,0.25862223667829376,0.1279611382550252,WELFake_residual->McIntire
4,distilbert,C0,0,0,0,0,,ISOT,McIntire,cross,2994,1590,0.6649328131772865,0.5138364779874214,0.5841517989156461,0.5847577231913295,0.9969604863221884,0.9998115032208362,0.3320276731449019,0.41505378002950677,ISOT->McIntire
4,distilbert,C0,0,0,0,0,,ISOT,WELFake_residual,cross,2994,1588,0.6941334527541424,0.5698992443324937,0.8172630042467641,0.8063165809059127,0.9969604863221884,0.9998115032208362,0.30282703356804597,0.1934949223149235,ISOT->WELFake_residual
4,distilbert,C0,0,0,0,0,,McIntire,ISOT,cross,2988,1588,0.6303448275862069,0.6624685138539043,0.76237478620064,0.6852503664130856,0.9572649572649572,0.994311027677938,0.3269201296787503,0.30906066126485243,McIntire->ISOT
4,distilbert,C0,0,0,0,0,,McIntire,WELFake_residual,cross,2988,1588,0.8555045871559633,0.8413098236775819,0.9433979534019112,0.937871568248006,0.9572649572649572,0.994311027677938,0.10176037010899386,0.056439459429932004,McIntire->WELFake_residual
4,distilbert,C0,0,0,0,0,,WELFake_residual,ISOT,cross,2992,1588,0.6766852726492056,0.5258186397984886,0.9395159914855594,0.9390834279768286,0.9939516129032258,0.9949597600354044,0.3172663402540201,0.055876332058575784,WELFake_residual->ISOT
4,distilbert,C0,0,0,0,0,,WELFake_residual,McIntire,cross,2992,1590,0.672311600338696,0.5132075471698113,0.6957911490544688,0.729127803488786,0.9939516129032258,0.9949597600354044,0.3216400125645298,0.2658319565466184,WELFake_residual->McIntire
4,distilbert,S,1,0,0,0,,ISOT,McIntire,cross,2994,1590,0.6693973083674664,0.6446540880503144,0.6963581782807655,0.6976053162454017,0.9928644240570846,0.9998770673179368,0.3234671156896183,0.3022717510725351,ISOT->McIntire
4,distilbert,S,1,0,0,0,,ISOT,WELFake_residual,cross,2994,1588,0.7297633872976339,0.7267002518891688,0.7889044220098678,0.7854143798894734,0.9928644240570846,0.9998770673179368,0.26310103675945073,0.21446268742846342,ISOT->WELFake_residual
4,distilbert,S,1,0,0,0,,McIntire,ISOT,cross,2988,1588,0.7310549777117384,0.7720403022670025,0.8645549576504603,0.8395721373779416,0.9391304347826088,0.9893718092534513,0.20807545707087038,0.1497996718755097,McIntire->ISOT
4,distilbert,S,1,0,0,0,,McIntire,WELFake_residual,cross,2988,1588,0.8443627450980392,0.8400503778337531,0.9361263315034558,0.9183644335031628,0.9391304347826088,0.9893718092534513,0.09476768968456961,0.07100737575028848,McIntire->WELFake_residual
4,distilbert,S,1,0,0,0,,WELFake_residual,ISOT,cross,2992,1588,0.6839378238341969,0.5390428211586902,0.8648834080889102,0.87005183714128,0.9929506545820744,0.9988772148371552,0.30901283074787755,0.1288253776958752,WELFake_residual->ISOT
4,distilbert,S,1,0,0,0,,WELFake_residual,McIntire,cross,2992,1590,0.6745964316057774,0.5182389937106918,0.9014882226016888,0.8794936909141252,0.9929506545820744,0.9988772148371552,0.318354222976297,0.11938352392302998,WELFake_residual->McIntire
4,distilbert,R_E,0,0,0,0,E,ISOT,McIntire,cross,2994,1590,0.6745778183477864,0.5515723270440251,0.6555948549350632,0.6542945294885487,1.0,1.0,0.3254221816522136,0.3457054705114513,ISOT->McIntire
4,distilbert,R_E,0,0,0,0,E,ISOT,WELFake_residual,cross,2994,1588,0.7865757734661772,0.7437027707808564,0.8772653977752599,0.8813511601494839,1.0,1.0,0.21342422653382276,0.11864883985051611,ISOT->WELFake_residual
4,distilbert,R_E,0,0,0,0,E,McIntire,ISOT,cross,2988,1588,0.6657122405153901,0.7059193954659949,0.78737430528466,0.7428755654816667,0.9530864197530864,0.9906109063437192,0.28737417923769626,0.2477353408620525,McIntire->ISOT
4,distilbert,R_E,0,0,0,0,E,McIntire,WELFake_residual,cross,2988,1588,0.8420434527304757,0.8306045340050378,0.926657541847694,0.9154267840034516,0.9530864197530864,0.9906109063437192,0.11104296702261074,0.07518412234026761,McIntire->WELFake_residual
4,distilbert,R_E,0,0,0,0,E,WELFake_residual,ISOT,cross,2992,1588,0.8002054442732409,0.7550377833753149,0.9628554607296842,0.9598278017118312,0.9879275653923542,0.9985780786441344,0.18772212111911324,0.03875027693230315,WELFake_residual->ISOT
4,distilbert,R_E,0,0,0,0,E,WELFake_residual,McIntire,cross,2992,1590,0.6905710491367862,0.560377358490566,0.910438416895142,0.8916522289466398,0.9879275653923542,0.9985780786441344,0.2973565162555679,0.10692584969749463,WELFake_residual->McIntire
4,distilbert,R_S,0,0,0,0,S,ISOT,McIntire,cross,2994,1590,0.6764574988874055,0.5427672955974843,0.617638085949957,0.6259997626676159,0.9979757085020244,0.9999877067317936,0.32151820961461897,0.3739879440641777,ISOT->McIntire
4,distilbert,R_S,0,0,0,0,S,ISOT,WELFake_residual,cross,2994,1588,0.7159353348729792,0.6127204030226701,0.8460473806211185,0.8366693843625681,0.9979757085020244,0.9999877067317936,0.2820403736290452,0.1633183223692255,ISOT->WELFake_residual
4,distilbert,R_S,0,0,0,0,S,McIntire,ISOT,cross,2988,1588,0.6123260437375746,0.6316120906801007,0.7391663974903262,0.671676427107589,0.9564164648910412,0.9943940157047686,0.34409042115346655,0.3227175885971796,McIntire->ISOT
4,distilbert,R_S,0,0,0,0,S,McIntire,WELFake_residual,cross,2988,1588,0.8141304347826087,0.7846347607052897,0.922113923992353,0.9197214308827542,0.9564164648910412,0.9943940157047686,0.14228603010843244,0.07467258482201444,McIntire->WELFake_residual
4,distilbert,R_S,0,0,0,0,S,WELFake_residual,ISOT,cross,2992,1588,0.6780253385757973,0.5358942065491183,0.9367492242931938,0.9321881999124416,0.9909182643794148,0.9987174023504728,0.3128929258036175,0.06652920243803118,WELFake_residual->ISOT
4,distilbert,R_S,0,0,0,0,S,WELFake_residual,McIntire,cross,2992,1590,0.670076726342711,0.5132075471698113,0.8967812148911269,0.8778972350777263,0.9909182643794148,0.9987174023504728,0.3208415380367038,0.12082016727274647,WELFake_residual->McIntire
4,distilbert,R_SE,0,0,0,0,SE,ISOT,McIntire,cross,2994,1590,0.6637889688249401,0.5591194968553459,0.5936011150350756,0.5963387524227681,0.9979716024340772,0.999979511219656,0.33418263360913714,0.4036407587968879,ISOT->McIntire
4,distilbert,R_SE,0,0,0,0,SE,ISOT,WELFake_residual,cross,2994,1588,0.7675070028011205,0.7386649874055415,0.8503482715477746,0.8352188009567982,0.9979716024340772,0.999979511219656,0.23046459963295673,0.16476071026285777,ISOT->WELFake_residual
4,distilbert,R_SE,0,0,0,0,SE,McIntire,ISOT,cross,2988,1588,0.6097902097902098,0.6486146095717884,0.7452135642701896,0.6670899187229156,0.9534313725490196,0.993787344612074,0.34364116275880974,0.3266974258891584,McIntire->ISOT
4,distilbert,R_SE,0,0,0,0,SE,McIntire,WELFake_residual,cross,2988,1588,0.8369942196531792,0.8224181360201511,0.9226626927881628,0.9157392661586584,0.9534313725490196,0.993787344612074,0.11643715289584033,0.07804807845341555,McIntire->WELFake_residual
4,distilbert,R_SE,0,0,0,0,SE,WELFake_residual,ISOT,cross,2992,1588,0.8839127872716559,0.8759445843828715,0.9628266688491396,0.9536971238952092,0.9807497467071936,0.9969307807044864,0.09683695943553772,0.043233656809277154,WELFake_residual->ISOT
4,distilbert,R_SE,0,0,0,0,SE,WELFake_residual,McIntire,cross,2992,1590,0.753763963088878,0.6811320754716981,0.9180082092555076,0.9085890589770976,0.9807497467071936,0.9969307807044864,0.22698578361831556,0.08834172172738874,WELFake_residual->McIntire
4,distilbert,SLE,1,1,1,0,,ISOT,McIntire,cross,2994,1590,0.6632522407170295,0.6691823899371069,0.6771212860940401,0.7192492385586012,0.982635342185904,0.9991066891770066,0.3193831014688745,0.2798574506184054,ISOT->McIntire
4,distilbert,SLE,1,1,1,0,,ISOT,WELFake_residual,cross,2994,1588,0.6920551543007223,0.7046599496221663,0.7574383097381755,0.762235183269991,0.982635342185904,0.9991066891770066,0.2905801878851817,0.23687150590701567,ISOT->WELFake_residual
4,distilbert,SLE,1,1,1,0,,McIntire,ISOT,cross,2988,1588,0.7189728958630528,0.7518891687657431,0.8673981262708079,0.8541755229714039,0.9493201483312732,0.9942995810535472,0.2303472524682204,0.14012405808214334,McIntire->ISOT
4,distilbert,SLE,1,1,1,0,,McIntire,WELFake_residual,cross,2988,1588,0.7916666666666666,0.7670025188916877,0.9021027792781734,0.8869687010259566,0.9493201483312732,0.9942995810535472,0.15765348166460658,0.10733088002759061,McIntire->WELFake_residual
4,distilbert,SLE,1,1,1,0,,WELFake_residual,ISOT,cross,2992,1588,0.7046918123275069,0.5957178841309824,0.8764381146635238,0.8605925105799797,0.9684638860630722,0.9953818289104888,0.2637720737355653,0.1347893183305091,WELFake_residual->ISOT
4,distilbert,SLE,1,1,1,0,,WELFake_residual,McIntire,cross,2992,1590,0.7140204271123491,0.6125786163522012,0.8794573236115433,0.8684537795182155,0.9684638860630722,0.9953818289104888,0.25444345895072307,0.1269280493922733,WELFake_residual->McIntire
3,distilbert,L,0,1,0,0,,ISOT,McIntire,cross,2990,1590,0.673403766651355,0.5528301886792453,0.6831019199023387,0.6906324908033701,0.9989909182643796,1.0,0.32558715161302454,0.3093675091966299,ISOT->McIntire
3,distilbert,L,0,1,0,0,,ISOT,WELFake_residual,cross,2990,1588,0.7443267776096822,0.6807304785894207,0.8429395183800754,0.8395404133012709,0.9989909182643796,1.0,0.25466414065469734,0.16045958669872906,ISOT->WELFake_residual
3,distilbert,L,0,1,0,0,,McIntire,ISOT,cross,2992,1588,0.6698950766747377,0.7424433249370277,0.8562288910497624,0.8301032935936399,0.9622166246851386,0.9944400509511075,0.2923215480104009,0.16433675735746767,McIntire->ISOT
3,distilbert,L,0,1,0,0,,McIntire,WELFake_residual,cross,2992,1588,0.8700834326579261,0.8627204030226701,0.9515936490284184,0.9427467657303834,0.9622166246851386,0.9944400509511075,0.09213319202721248,0.05169328522072414,McIntire->WELFake_residual
3,distilbert,L,0,1,0,0,,WELFake_residual,ISOT,cross,2994,1588,0.6752027315407597,0.5207808564231738,0.9221711278261506,0.9255626264997556,0.9969849246231156,0.9992236277315296,0.3217821930823559,0.07366100123177399,WELFake_residual->ISOT
3,distilbert,L,0,1,0,0,,WELFake_residual,McIntire,cross,2994,1590,0.6675094816687737,0.5037735849056604,0.8828707449347527,0.8674822989596931,0.9969849246231156,0.9992236277315296,0.32947544295434195,0.13174132877183653,WELFake_residual->McIntire
3,distilbert,E,0,0,1,0,,ISOT,McIntire,cross,2990,1590,0.6633809758501725,0.570440251572327,0.6231677882695359,0.6322416043669159,0.9979757085020244,1.0,0.3345947326518519,0.3677583956330841,ISOT->McIntire
3,distilbert,E,0,0,1,0,,ISOT,WELFake_residual,cross,2990,1588,0.7245934959349594,0.6586901763224181,0.7878804013730617,0.7835363145505649,0.9979757085020244,1.0,0.2733822125670651,0.21646368544943506,ISOT->WELFake_residual
3,distilbert,E,0,0,1,0,,McIntire,ISOT,cross,2992,1588,0.6798469387755102,0.6838790931989924,0.7779566942931202,0.7578065021667544,0.951310861423221,0.9884816690713496,0.2714639226477108,0.23067516690459522,McIntire->ISOT
3,distilbert,E,0,0,1,0,,McIntire,WELFake_residual,cross,2992,1588,0.8002183406113537,0.7695214105793451,0.9068850459579992,0.8943802384381603,0.951310861423221,0.9884816690713496,0.1510925208118673,0.09410143063318932,McIntire->WELFake_residual
3,distilbert,E,0,0,1,0,,WELFake_residual,ISOT,cross,2994,1588,0.7295238095238096,0.6423173803526449,0.8852822721947653,0.8856814966150408,0.98,0.996811183012487,0.2504761904761904,0.11112968639744614,WELFake_residual->ISOT
3,distilbert,E,0,0,1,0,,WELFake_residual,McIntire,cross,2994,1590,0.7298930729893073,0.6345911949685534,0.9130491862985316,0.9080257901190618,0.98,0.996811183012487,0.2501069270106927,0.08878539289342513,WELFake_residual->McIntire
3,distilbert,LE,0,1,1,0,,ISOT,McIntire,cross,2990,1590,0.6747311827956989,0.5433962264150943,0.6684642148135869,0.6689062932637159,0.997979797979798,0.9999836751351904,0.3232486151840991,0.3310773818714745,ISOT->McIntire
3,distilbert,LE,0,1,1,0,,ISOT,WELFake_residual,cross,2990,1588,0.6930063578564941,0.5743073047858942,0.7781249388157878,0.7584877767132587,0.997979797979798,0.9999836751351904,0.30497344012330385,0.24149589842193164,ISOT->WELFake_residual
3,distilbert,LE,0,1,1,0,,McIntire,ISOT,cross,2992,1588,0.7108196721311475,0.7222921914357683,0.8359201870773314,0.8138597732363,0.953922789539228,0.9905523124196344,0.24310311740808055,0.17669253918333439,McIntire->ISOT
3,distilbert,LE,0,1,1,0,,McIntire,WELFake_residual,cross,2992,1588,0.7928802588996764,0.7581863979848866,0.927573012282649,0.911601653458876,0.953922789539228,0.9905523124196344,0.16104253063955165,0.07895065896075837,McIntire->WELFake_residual
3,distilbert,LE,0,1,1,0,,WELFake_residual,ISOT,cross,2994,1588,0.844542447629548,0.8224181360201511,0.9532661821958922,0.9510140601107804,0.9737373737373738,0.9971709157127993,0.1291949261078258,0.046156855602018876,WELFake_residual->ISOT
3,distilbert,LE,0,1,1,0,,WELFake_residual,McIntire,cross,2994,1590,0.7358937885253675,0.6496855345911949,0.9054036937497538,0.8973624461057711,0.9737373737373738,0.9971709157127993,0.23784358521200633,0.09980846960702816,WELFake_residual->McIntire
3,distilbert,SL,1,1,0,0,,ISOT,McIntire,cross,2990,1590,0.6278026905829597,0.6345911949685534,0.7106375663852886,0.7019769787587516,0.9939148073022313,0.9998245077032956,0.3661121167192716,0.2978475289445439,ISOT->McIntire
3,distilbert,SL,1,1,0,0,,ISOT,WELFake_residual,cross,2990,1588,0.6888426888426888,0.7172544080604534,0.8101719973694362,0.784407140455177,0.9939148073022313,0.9998245077032956,0.3050721184595424,0.21541736724811855,ISOT->WELFake_residual
3,distilbert,SL,1,1,0,0,,McIntire,ISOT,cross,2992,1588,0.7825475017593244,0.8054156171284634,0.8949668049080508,0.8723383499673242,0.931297709923664,0.9838634703499568,0.1487502081643396,0.11152512038263263,McIntire->ISOT
3,distilbert,SL,1,1,0,0,,McIntire,WELFake_residual,cross,2992,1588,0.844574780058651,0.8331234256926953,0.9454358942894848,0.9333334390802556,0.931297709923664,0.9838634703499568,0.08672292986501295,0.05053003126970124,McIntire->WELFake_residual
3,distilbert,SL,1,1,0,0,,WELFake_residual,ISOT,cross,2994,1588,0.7022900763358778,0.5824937027707808,0.8641049444270068,0.8620462663934166,0.9919028340080972,0.9993374414672216,0.2896127576722194,0.13729117507380495,WELFake_residual->ISOT
3,distilbert,SL,1,1,0,0,,WELFake_residual,McIntire,cross,2994,1590,0.7042505592841163,0.5842767295597484,0.8938770869261371,0.8815268383370911,0.9919028340080972,0.9993374414672216,0.2876522747239809,0.11781060313013048,WELFake_residual->McIntire
3,distilbert,SE,1,0,1,0,,ISOT,McIntire,cross,2990,1590,0.6607142857142857,0.6415094339622641,0.6928400948385005,0.7003512519283256,0.9807106598984772,0.9974329150086726,0.31999637418419147,0.297081663080347,ISOT->McIntire
3,distilbert,SE,1,0,1,0,,ISOT,WELFake_residual,cross,2990,1588,0.7670886075949367,0.7682619647355163,0.8374638964190753,0.8316553940447564,0.9807106598984772,0.9974329150086726,0.21362205230354048,0.16577752096391618,ISOT->WELFake_residual
3,distilbert,SE,1,0,1,0,,McIntire,ISOT,cross,2992,1588,0.7528314457028648,0.7663727959697733,0.8692008525373967,0.8566547595632228,0.9335038363171356,0.9863325465291066,0.18067239061427087,0.12967778696588383,McIntire->ISOT
3,distilbert,SE,1,0,1,0,,McIntire,WELFake_residual,cross,2992,1588,0.8306784660766962,0.8192695214105793,0.9209545035648684,0.9112439644944132,0.9335038363171356,0.9863325465291066,0.10282537024043947,0.07508858203469337,McIntire->WELFake_residual
3,distilbert,SE,1,0,1,0,,WELFake_residual,ISOT,cross,2994,1588,0.7195178488641631,0.6190176322418136,0.8856189481788209,0.878898889022835,0.9757575757575756,0.9976993366285118,0.25623972689341246,0.11880044760567687,WELFake_residual->ISOT
3,distilbert,SE,1,0,1,0,,WELFake_residual,McIntire,cross,2994,1590,0.7202241943017281,0.6232704402515723,0.8954866442962137,0.877833946441992,0.9757575757575756,0.9976993366285118,0.2555333814558475,0.11986539018651987,WELFake_residual->McIntire
4,distilbert,L,0,1,0,0,,ISOT,McIntire,cross,2994,1590,0.6797385620915033,0.5377358490566038,0.6797921043974356,0.6819564099521379,0.9969666329625884,0.9998811650740054,0.31722807087108507,0.31792475512186746,ISOT->McIntire
4,distilbert,L,0,1,0,0,,ISOT,WELFake_residual,cross,2994,1588,0.6829268292682927,0.5415617128463476,0.8165299033262822,0.8019291411023484,0.9969666329625884,0.9998811650740054,0.3140398036942956,0.197952023971657,ISOT->WELFake_residual
4,distilbert,L,0,1,0,0,,McIntire,ISOT,cross,2988,1588,0.6764705882352942,0.7367758186397985,0.8201420006735345,0.7596655330596602,0.9617755856966708,0.9954413818364964,0.2853049974613766,0.23577584877683622,McIntire->ISOT
4,distilbert,L,0,1,0,0,,McIntire,WELFake_residual,cross,2988,1588,0.8318077803203662,0.8148614609571788,0.933354573342976,0.9211751866961913,0.9617755856966708,0.9954413818364964,0.1299678053763046,0.07426619514030519,McIntire->WELFake_residual
4,distilbert,L,0,1,0,0,,WELFake_residual,ISOT,cross,2992,1588,0.6938954765041722,0.5610831234256927,0.751667380319296,0.8095222988534918,0.993963782696177,0.9976724745529348,0.30006830619200486,0.18815017569944303,WELFake_residual->ISOT
4,distilbert,L,0,1,0,0,,WELFake_residual,McIntire,cross,2992,1590,0.6683587140439933,0.5069182389937107,0.8525196971269904,0.8243597958941498,0.993963782696177,0.9976724745529348,0.32560506865218375,0.17331267865878508,WELFake_residual->McIntire
4,distilbert,E,0,0,1,0,,ISOT,McIntire,cross,2994,1590,0.666371289322109,0.5264150943396226,0.6208578486172772,0.6164582097227167,0.9969666329625884,0.9997705256601486,0.3305953436404794,0.38331231593743187,ISOT->McIntire
4,distilbert,E,0,0,1,0,,ISOT,WELFake_residual,cross,2994,1588,0.6758682101513802,0.5415617128463476,0.7215898041419891,0.6924747317729316,0.9969666329625884,0.9997705256601486,0.32109842281120815,0.30729579388721695,ISOT->WELFake_residual
4,distilbert,E,0,0,1,0,,McIntire,ISOT,cross,2988,1588,0.7002039428959891,0.7222921914357683,0.8263705385833376,0.7892323725167979,0.9511002444987776,0.9923965797486322,0.25089630160278853,0.20316420723183426,McIntire->ISOT
4,distilbert,E,0,0,1,0,,McIntire,WELFake_residual,cross,2988,1588,0.8457598178713717,0.8293450881612091,0.9238888110488148,0.9254103509317362,0.9511002444987776,0.9923965797486322,0.10534042662740595,0.06698622881689598,McIntire->WELFake_residual
4,distilbert,E,0,0,1,0,,WELFake_residual,ISOT,cross,2992,1588,0.7932960893854749,0.7437027707808564,0.9499041228785016,0.9502740960224352,0.9736842105263158,0.99557852120179,0.1803881211408409,0.045304425179354846,WELFake_residual->ISOT
4,distilbert,E,0,0,1,0,,WELFake_residual,McIntire,cross,2992,1590,0.7307146237576905,0.6421383647798742,0.9132868730799252,0.9020980182745936,0.9736842105263158,0.99557852120179,0.24296958676862535,0.09348050292719645,WELFake_residual->McIntire
4,distilbert,LE,0,1,1,0,,ISOT,McIntire,cross,2994,1590,0.6712983065566652,0.5238993710691824,0.6558341902874749,0.6751299394802421,0.997979797979798,0.9995328558081596,0.32668149142313274,0.3244029163279175,ISOT->McIntire
4,distilbert,LE,0,1,1,0,,ISOT,WELFake_residual,cross,2994,1588,0.6666666666666666,0.5138539042821159,0.7576341426946324,0.7376315756079921,0.997979797979798,0.9995328558081596,0.33131313131313134,0.26190128020016756,ISOT->WELFake_residual
4,distilbert,LE,0,1,1,0,,McIntire,ISOT,cross,2988,1588,0.6700215672178289,0.7109571788413098,0.8159216930633086,0.7876636169254293,0.9572649572649572,0.9954699983974726,0.2872433900471283,0.20780638147204333,McIntire->ISOT
4,distilbert,LE,0,1,1,0,,McIntire,WELFake_residual,cross,2988,1588,0.8101123595505618,0.7871536523929471,0.9150371816762188,0.9014245696629,0.9572649572649572,0.9954699983974726,0.14715259771439537,0.09404542873457267,McIntire->WELFake_residual
4,distilbert,LE,0,1,1,0,,WELFake_residual,ISOT,cross,2992,1588,0.8719441210710128,0.8614609571788413,0.964005968889446,0.9594399748745313,0.9714867617107944,0.995035568522677,0.09954264063978158,0.035595593648145796,WELFake_residual->ISOT
4,distilbert,LE,0,1,1,0,,WELFake_residual,McIntire,cross,2992,1590,0.7636181909045477,0.7025157232704402,0.9205446012938826,0.9098326806692772,0.9714867617107944,0.995035568522677,0.20786857080624666,0.0852028878533998,WELFake_residual->McIntire
4,distilbert,SL,1,1,0,0,,ISOT,McIntire,cross,2994,1590,0.6815217391304348,0.6314465408805031,0.7154289522386911,0.7099228669751987,0.98159509202454,0.9991353734694882,0.3000733528941052,0.28921250649428953,ISOT->McIntire
4,distilbert,SL,1,1,0,0,,ISOT,WELFake_residual,cross,2994,1588,0.7389048991354467,0.714735516372796,0.8205216786537315,0.8020481063898636,0.98159509202454,0.9991353734694882,0.24269019288909333,0.19708726707962465,ISOT->WELFake_residual
4,distilbert,SL,1,1,0,0,,McIntire,ISOT,cross,2988,1588,0.7613554434030281,0.7915617128463476,0.8783284421284125,0.8694427348692016,0.9538834951456312,0.9910859412559236,0.19252805174260312,0.12164320638672199,McIntire->ISOT
4,distilbert,SL,1,1,0,0,,McIntire,WELFake_residual,cross,2988,1588,0.8256672345258376,0.8066750629722922,0.9445295728968776,0.9258695569415452,0.9538834951456312,0.9910859412559236,0.12821626061979363,0.06521638431437848,McIntire->WELFake_residual
4,distilbert,SL,1,1,0,0,,WELFake_residual,ISOT,cross,2992,1588,0.6845058264997842,0.5396725440806045,0.762859478931599,0.7838281760559358,0.9898785425101214,0.9983301644019734,0.3053727160103372,0.21450198834603762,WELFake_residual->ISOT
4,distilbert,SL,1,1,0,0,,WELFake_residual,McIntire,cross,2992,1590,0.6775021385799829,0.5257861635220126,0.8965876874799652,0.8783537043629602,0.9898785425101214,0.9983301644019734,0.31237640393013855,0.11997646003901319,WELFake_residual->McIntire
4,distilbert,SE,1,0,1,0,,ISOT,McIntire,cross,2994,1590,0.66270783847981,0.6427672955974842,0.6713060127345493,0.6849349313713856,0.98685540950455,0.9993730433214773,0.32414757102474,0.31443811195009164,ISOT->McIntire
4,distilbert,SE,1,0,1,0,,ISOT,WELFake_residual,cross,2994,1588,0.7240319606637984,0.7172544080604534,0.7829582612193371,0.7755458127391202,0.98685540950455,0.9993730433214773,0.2628234488407516,0.2238272305823571,ISOT->WELFake_residual
4,distilbert,SE,1,0,1,0,,McIntire,ISOT,cross,2988,1588,0.7046413502109705,0.7355163727959698,0.8289891477703213,0.8170456636359599,0.9297163995067818,0.9890799203314944,0.22507504929581124,0.17203425669553452,McIntire->ISOT
4,distilbert,SE,1,0,1,0,,McIntire,WELFake_residual,cross,2988,1588,0.8189806678383128,0.8054156171284634,0.913712354705744,0.9027569808830712,0.9297163995067818,0.9890799203314944,0.11073573166846895,0.08632293944842317,McIntire->WELFake_residual
4,distilbert,SE,1,0,1,0,,WELFake_residual,ISOT,cross,2992,1588,0.7022141888838681,0.5850125944584383,0.8794894157268733,0.8689668737191404,0.980788675429727,0.997088544313134,0.2785744865458589,0.1281216705939936,WELFake_residual->ISOT
4,distilbert,SE,1,0,1,0,,WELFake_residual,McIntire,cross,2992,1590,0.7183294663573085,0.6182389937106918,0.8719922270226811,0.8637941537122741,0.980788675429727,0.997088544313134,0.2624592090724185,0.1332943906008599,WELFake_residual->McIntire
5,distilbert,C0,0,0,0,0,,ISOT,McIntire,cross,2992,1590,0.671837130392632,0.5742138364779874,0.710508857082883,0.6837411494798464,1.0,1.0,0.32816286960736796,0.31625885052015357,ISOT->McIntire
5,distilbert,C0,0,0,0,0,,ISOT,WELFake_residual,cross,2992,1588,0.750132625994695,0.7034005037783375,0.8345513138462153,0.8214632413123615,1.0,1.0,0.249867374005305,0.17853675868763852,ISOT->WELFake_residual
5,distilbert,C0,0,0,0,0,,McIntire,ISOT,cross,2990,1588,0.7026239067055393,0.743073047858942,0.822848070759406,0.7854706901255639,0.9564134495641344,0.9888488994646044,0.2537895428585951,0.2033782093390405,McIntire->ISOT
5,distilbert,C0,0,0,0,0,,McIntire,WELFake_residual,cross,2990,1588,0.8525345622119815,0.8387909319899244,0.9416929090709114,0.93411781687594,0.9564134495641344,0.9888488994646044,0.1038788873521529,0.05473108258866444,McIntire->WELFake_residual
5,distilbert,C0,0,0,0,0,,WELFake_residual,ISOT,cross,2994,1588,0.7037366548042705,0.5806045340050378,0.8554394226537666,0.8710955592637476,0.9969788519637462,0.999532550728408,0.29324219715947575,0.12843699146466037,WELFake_residual->ISOT
5,distilbert,C0,0,0,0,0,,WELFake_residual,McIntire,cross,2994,1590,0.6717687074829932,0.5144654088050314,0.8913668940929279,0.8810600846485503,0.9969788519637462,0.999532550728408,0.325210144480753,0.11847246607985762,WELFake_residual->McIntire
5,distilbert,S,1,0,0,0,,ISOT,McIntire,cross,2992,1590,0.6802469135802469,0.6742138364779874,0.7485555480232222,0.7310509869071634,0.9939024390243902,0.999885725946332,0.3136555254441433,0.26883473903916855,ISOT->McIntire
5,distilbert,S,1,0,0,0,,ISOT,WELFake_residual,cross,2992,1588,0.7609692206941716,0.7701511335012594,0.837225829313132,0.8202093471819504,0.9939024390243902,0.999885725946332,0.23293321833021863,0.17967637876438158,ISOT->WELFake_residual
5,distilbert,S,1,0,0,0,,McIntire,ISOT,cross,2990,1588,0.7509293680297398,0.7890428211586902,0.883716709479192,0.8606075795163982,0.9338422391857506,0.9877602617489588,0.18291287115601085,0.1271526822325606,McIntire->ISOT
5,distilbert,S,1,0,0,0,,McIntire,WELFake_residual,cross,2990,1588,0.8520071899340923,0.8444584382871536,0.9449749290168664,0.933026508638466,0.9338422391857506,0.9877602617489588,0.0818350492516583,0.05473375311049278,McIntire->WELFake_residual
5,distilbert,S,1,0,0,0,,WELFake_residual,ISOT,cross,2994,1588,0.6757679180887372,0.5214105793450882,0.9331596128091166,0.9399835986523614,0.990990990990991,0.998735854578564,0.3152230729022538,0.05875225592620259,WELFake_residual->ISOT
5,distilbert,S,1,0,0,0,,WELFake_residual,McIntire,cross,2994,1590,0.6663851351351351,0.5031446540880503,0.9252298398083492,0.9032799335469324,0.990990990990991,0.998735854578564,0.3246058558558559,0.09545592103163159,WELFake_residual->McIntire
5,distilbert,L,0,1,0,0,,ISOT,McIntire,cross,2992,1590,0.6760431317393343,0.5654088050314465,0.7277050911744953,0.7169700565642181,1.0,1.0,0.3239568682606657,0.2830299434357819,ISOT->McIntire
5,distilbert,L,0,1,0,0,,ISOT,WELFake_residual,cross,2992,1588,0.6977401129943502,0.5957178841309824,0.7895036878285917,0.7731205070776416,1.0,1.0,0.30225988700564976,0.22687949292235843,ISOT->WELFake_residual
5,distilbert,L,0,1,0,0,,McIntire,ISOT,cross,2990,1588,0.6927899686520376,0.7531486146095718,0.8372074445933203,0.8069098211396557,0.9576059850374063,0.9926085663295656,0.2648160163853688,0.18569874518990992,McIntire->ISOT
5,distilbert,L,0,1,0,0,,McIntire,WELFake_residual,cross,2990,1588,0.859465737514518,0.8476070528967254,0.9483660488647117,0.9404634253120064,0.9576059850374063,0.9926085663295656,0.0981402475228883,0.05214514101755918,McIntire->WELFake_residual
5,distilbert,L,0,1,0,0,,WELFake_residual,ISOT,cross,2994,1588,0.7045149754135003,0.5837531486146096,0.881991881840336,0.8880370093078441,0.992936427850656,0.9997174980489074,0.28842145243715567,0.11168048874106329,WELFake_residual->ISOT
5,distilbert,L,0,1,0,0,,WELFake_residual,McIntire,cross,2994,1590,0.6737558485750744,0.5176100628930818,0.9419672320164788,0.9312827815355406,0.992936427850656,0.9997174980489074,0.3191805792755815,0.06843471651336686,WELFake_residual->McIntire
5,distilbert,E,0,0,1,0,,ISOT,McIntire,cross,2992,1590,0.6763092269326684,0.5918238993710692,0.7820373312176702,0.738021439025355,0.9989888776541962,1.0,0.3226796507215278,0.261978560974645,ISOT->McIntire
5,distilbert,E,0,0,1,0,,ISOT,WELFake_residual,cross,2992,1588,0.7351524879614767,0.6882871536523929,0.8243616738175448,0.8004055923202356,0.9989888776541962,1.0,0.2638363896927195,0.19959440767976444,ISOT->WELFake_residual
5,distilbert,E,0,0,1,0,,McIntire,ISOT,cross,2990,1588,0.6924795234549516,0.7399244332493703,0.8390957354288786,0.8094429886618151,0.9435382685069008,0.9895716835217132,0.25105874505194925,0.18012869485989813,McIntire->ISOT
5,distilbert,E,0,0,1,0,,McIntire,WELFake_residual,cross,2990,1588,0.8160983789826719,0.7928211586901763,0.9193849828672084,0.9089368310185332,0.9435382685069008,0.9895716835217132,0.1274398895242289,0.08063485250318003,McIntire->WELFake_residual
5,distilbert,E,0,0,1,0,,WELFake_residual,ISOT,cross,2994,1588,0.7652859960552268,0.7002518891687658,0.8996402058416282,0.9033303935688952,0.9747729566094854,0.9977318548387096,0.20948696055425853,0.09440146126981441,WELFake_residual->ISOT
5,distilbert,E,0,0,1,0,,WELFake_residual,McIntire,cross,2994,1590,0.7359846669861044,0.6534591194968553,0.936934999470848,0.9196930501166882,0.9747729566094854,0.9977318548387096,0.23878828962338094,0.0780388047220214,WELFake_residual->McIntire
5,distilbert,SL,1,1,0,0,,ISOT,McIntire,cross,2992,1590,0.6827458256029685,0.6773584905660377,0.7560266683035909,0.7410323958704166,0.9939271255060728,0.9999061320273442,0.3111812999031043,0.25887373615692766,ISOT->McIntire
5,distilbert,SL,1,1,0,0,,ISOT,WELFake_residual,cross,2992,1588,0.7095046854082999,0.7267002518891688,0.800843252410912,0.7832325565164426,0.9939271255060728,0.9999061320273442,0.28442244009777284,0.2166735755109016,ISOT->WELFake_residual
5,distilbert,SL,1,1,0,0,,McIntire,ISOT,cross,2990,1588,0.757396449704142,0.7934508816120907,0.893965094946781,0.8803692999765242,0.9461827284105132,0.9896609161213564,0.1887862787063712,0.10929161614483218,McIntire->ISOT
5,distilbert,SL,1,1,0,0,,McIntire,WELFake_residual,cross,2990,1588,0.8609271523178808,0.8545340050377834,0.9464501041024758,0.9327949228787696,0.9461827284105132,0.9896609161213564,0.08525557609263246,0.05686599324258679,McIntire->WELFake_residual
5,distilbert,SL,1,1,0,0,,WELFake_residual,ISOT,cross,2994,1588,0.6964912280701754,0.5642317380352645,0.8909845027824248,0.9004078130056024,0.9939271255060728,0.9998333441727368,0.2974358974358974,0.09942553116713448,WELFake_residual->ISOT
5,distilbert,SL,1,1,0,0,,WELFake_residual,McIntire,cross,2994,1590,0.682800345721694,0.5383647798742138,0.9114879451380238,0.8971939401131284,0.9939271255060728,0.9998333441727368,0.31112677978437875,0.10263940405960847,WELFake_residual->McIntire
5,distilbert,SE,1,0,1,0,,ISOT,McIntire,cross,2992,1590,0.6413612565445026,0.6553459119496855,0.6833826459524033,0.7057307859657451,0.9939148073022313,0.9997469645954496,0.35255355075772865,0.2940161786297045,ISOT->McIntire
5,distilbert,SE,1,0,1,0,,ISOT,WELFake_residual,cross,2992,1588,0.7310529845741114,0.7474811083123426,0.7997301226289546,0.8006823848891877,0.9939148073022313,0.9997469645954496,0.26286182272811986,0.1990645797062619,ISOT->WELFake_residual
5,distilbert,SE,1,0,1,0,,McIntire,ISOT,cross,2990,1588,0.7704011065006916,0.7909319899244333,0.8865868460809534,0.8706649049229422,0.9366459627329192,0.9882659131469363,0.16624485623222762,0.11760100822399411,McIntire->ISOT
5,distilbert,SE,1,0,1,0,,McIntire,WELFake_residual,cross,2990,1588,0.8,0.7726700251889169,0.903747057562334,0.8888697663204513,0.9366459627329192,0.9882659131469363,0.13664596273291918,0.09939614682648501,McIntire->WELFake_residual
5,distilbert,SE,1,0,1,0,,WELFake_residual,ISOT,cross,2994,1588,0.7110507246376812,0.5982367758186398,0.9006528380024776,0.8941074113787917,0.9715447154471544,0.9966303004682622,0.2604939908094732,0.10252288908947049,WELFake_residual->ISOT
5,distilbert,SE,1,0,1,0,,WELFake_residual,McIntire,cross,2994,1590,0.7098565478944933,0.6056603773584905,0.902482367556668,0.8804889047110478,0.9715447154471544,0.9966303004682622,0.2616881675526611,0.11614139575721438,WELFake_residual->McIntire
5,distilbert,LE,0,1,1,0,,ISOT,McIntire,cross,2992,1590,0.6698162729658793,0.6044025157232704,0.672062274783525,0.6659649539179622,0.9969604863221884,1.0,0.32714421335630905,0.3340350460820378,ISOT->McIntire
5,distilbert,LE,0,1,1,0,,ISOT,WELFake_residual,cross,2992,1588,0.736482640865111,0.7084382871536524,0.803050136869704,0.7846276227880388,0.9969604863221884,1.0,0.2604778454570774,0.21537237721196123,ISOT->WELFake_residual
5,distilbert,LE,0,1,1,0,,McIntire,ISOT,cross,2990,1588,0.6844319775596073,0.716624685138539,0.8050102753709998,0.7824140753383373,0.9236545682102628,0.9840809042236764,0.23922259065065554,0.20166682888533916,McIntire->ISOT
5,distilbert,LE,0,1,1,0,,McIntire,WELFake_residual,cross,2990,1588,0.7986942328618063,0.7670025188916877,0.9211733976342368,0.904527977463216,0.9236545682102628,0.9840809042236764,0.12496033534845652,0.07955292676046044,McIntire->WELFake_residual
5,distilbert,LE,0,1,1,0,,WELFake_residual,ISOT,cross,2994,1588,0.8909405654933641,0.8809823677581864,0.9609226187492468,0.9654334460595524,0.9735772357723578,0.9977318548387096,0.08263667027899368,0.03229840877915724,WELFake_residual->ISOT
5,distilbert,LE,0,1,1,0,,WELFake_residual,McIntire,cross,2994,1590,0.7517039922103214,0.6792452830188679,0.926942933239862,0.9131403029943436,0.9735772357723578,0.9977318548387096,0.22187324356203642,0.08459155184436606,WELFake_residual->McIntire
5,distilbert,SLE,1,1,1,0,,ISOT,McIntire,cross,2992,1590,0.6826424870466321,0.6918238993710691,0.7398396647148462,0.7536743008583522,0.9939271255060728,0.998991939598,0.31128463845944065,0.24531763873964785,ISOT->McIntire
5,distilbert,SLE,1,1,1,0,,ISOT,WELFake_residual,cross,2992,1588,0.7019423978566645,0.7197732997481109,0.7924453706528489,0.7783470487091474,0.9939271255060728,0.998991939598,0.2919847276494083,0.22064489088885264,ISOT->WELFake_residual
5,distilbert,SLE,1,1,1,0,,McIntire,ISOT,cross,2990,1588,0.7555555555555555,0.785264483627204,0.883282288977774,0.858355170072775,0.933832709113608,0.9867073170731706,0.17827715355805251,0.12835214700039566,McIntire->ISOT
5,distilbert,SLE,1,1,1,0,,McIntire,WELFake_residual,cross,2990,1588,0.804851157662624,0.7770780856423174,0.9179149197534656,0.9001833651631569,0.933832709113608,0.9867073170731706,0.128981551450984,0.08652395191001372,McIntire->WELFake_residual
5,distilbert,SLE,1,1,1,0,,WELFake_residual,ISOT,cross,2994,1588,0.7330791229742613,0.6473551637279596,0.8772300158633871,0.876402204188847,0.9725330620549338,0.997152624219563,0.23945393908067258,0.12075042003071601,WELFake_residual->ISOT
5,distilbert,SLE,1,1,1,0,,WELFake_residual,McIntire,cross,2994,1590,0.7250811312007418,0.6270440251572327,0.9019627959565816,0.8980791899054625,0.9725330620549338,0.997152624219563,0.24745193085419204,0.09907343431410043,WELFake_residual->McIntire
5,distilbert,R_S,0,0,0,0,S,ISOT,McIntire,cross,2992,1590,0.6859035004730369,0.5823899371069182,0.7341558476629917,0.7088461690597683,1.0,1.0,0.31409649952696306,0.29115383094023173,ISOT->McIntire
5,distilbert,R_S,0,0,0,0,S,ISOT,WELFake_residual,cross,2992,1588,0.7381443298969073,0.6801007556675063,0.8396456682980155,0.8264804040378404,1.0,1.0,0.26185567010309274,0.1735195959621596,ISOT->WELFake_residual
5,distilbert,R_S,0,0,0,0,S,McIntire,ISOT,cross,2990,1588,0.6998491704374057,0.7493702770780857,0.8265021960701305,0.7828915226922321,0.9561952440550688,0.9944646044021416,0.25634607361766315,0.21157308170990952,McIntire->ISOT
5,distilbert,R_S,0,0,0,0,S,McIntire,WELFake_residual,cross,2990,1588,0.8822474596533174,0.8759445843828715,0.9539260805231672,0.951955472085985,0.9561952440550688,0.9944646044021416,0.07394778440175143,0.042509132316156606,McIntire->WELFake_residual
5,distilbert,R_S,0,0,0,0,S,WELFake_residual,ISOT,cross,2994,1588,0.7503593675131768,0.6719143576826196,0.88030568069775,0.8959965801445351,0.9939516129032258,0.9998048907388136,0.24359224539004898,0.10380831059427853,WELFake_residual->ISOT
5,distilbert,R_S,0,0,0,0,S,WELFake_residual,McIntire,cross,2994,1590,0.6854663774403471,0.5440251572327044,0.9333661662158248,0.9207705391400656,0.9939516129032258,0.9998048907388136,0.30848523546287865,0.07903435159874805,WELFake_residual->McIntire
5,distilbert,R_E,0,0,0,0,E,ISOT,McIntire,cross,2992,1590,0.656298600311042,0.5830188679245283,0.6594252486077994,0.6551156995372018,0.997983870967742,0.9999591878379755,0.34168527065669996,0.3448434883007737,ISOT->McIntire
5,distilbert,R_E,0,0,0,0,E,ISOT,WELFake_residual,cross,2992,1588,0.7677119628339141,0.7481108312342569,0.826002022154575,0.8227639284558622,0.997983870967742,0.9999591878379755,0.23027190813382792,0.17719525938211333,ISOT->WELFake_residual
5,distilbert,R_E,0,0,0,0,E,McIntire,ISOT,cross,2990,1588,0.6153846153846154,0.672544080604534,0.7426395128913497,0.6822040619507769,0.9389788293897884,0.9860083283759667,0.32359421400517296,0.3038042664251899,McIntire->ISOT
5,distilbert,R_E,0,0,0,0,E,McIntire,WELFake_residual,cross,2990,1588,0.8484848484848485,0.8331234256926953,0.9305690801722726,0.92919661948239,0.9389788293897884,0.9860083283759667,0.09049398090493987,0.056811708893576784,McIntire->WELFake_residual
5,distilbert,R_E,0,0,0,0,E,WELFake_residual,ISOT,cross,2994,1588,0.8502994011976048,0.8268261964735516,0.9630612639537248,0.96453327538402,0.98582995951417,0.9991667208636836,0.13553055831656513,0.03463344547966363,WELFake_residual->ISOT
5,distilbert,R_E,0,0,0,0,E,WELFake_residual,McIntire,cross,2994,1590,0.7100320659642694,0.6018867924528302,0.9045454583747804,0.8984589217198686,0.98582995951417,0.9991667208636836,0.2757978935499006,0.100707799143815,WELFake_residual->McIntire
5,distilbert,R_SE,0,0,0,0,SE,ISOT,McIntire,cross,2992,1590,0.6901408450704225,0.6125786163522012,0.7058132988391499,0.6997270677583957,0.9949647532729105,0.9999306193245586,0.30482390820248795,0.30020355156616296,ISOT->McIntire
5,distilbert,R_SE,0,0,0,0,SE,ISOT,WELFake_residual,cross,2992,1588,0.7813378302417088,0.7550377833753149,0.8541199773694326,0.8449469890678833,0.9949647532729105,0.9999306193245586,0.21362692303120168,0.15498363025667528,ISOT->WELFake_residual
5,distilbert,R_SE,0,0,0,0,SE,McIntire,ISOT,cross,2990,1588,0.6513911620294599,0.7317380352644837,0.826378589434709,0.7738477815353184,0.9374201787994892,0.9900208209399166,0.28602901677002934,0.2161730394045982,McIntire->ISOT
5,distilbert,R_SE,0,0,0,0,SE,McIntire,WELFake_residual,cross,2990,1588,0.8695652173913043,0.8677581863979849,0.9459688610711732,0.933430990616018,0.9374201787994892,0.9900208209399166,0.06785496140818492,0.05658983032389864,McIntire->WELFake_residual
5,distilbert,R_SE,0,0,0,0,SE,WELFake_residual,ISOT,cross,2994,1588,0.8215987294865008,0.7877833753148614,0.9395101891350408,0.9465782410902932,0.9869608826479438,0.9991870447450572,0.16536215316144298,0.05260880365476395,WELFake_residual->ISOT
5,distilbert,R_SE,0,0,0,0,SE,WELFake_residual,McIntire,cross,2994,1590,0.7186067827681026,0.6138364779874214,0.9402756960857872,0.9320382896246192,0.9869608826479438,0.9991870447450572,0.26835409987984116,0.06714875512043794,WELFake_residual->McIntire
6,distilbert,C0,0,0,0,0,,ISOT,McIntire,cross,2992,1590,0.6702033598585323,0.5308176100628931,0.6497772812030055,0.6607151615837981,0.9989888776541962,1.0,0.3287855177956639,0.33928483841620194,ISOT->McIntire
6,distilbert,C0,0,0,0,0,,ISOT,WELFake_residual,cross,2992,1588,0.7148217636022514,0.6171284634760705,0.8214710255972041,0.8186683501576688,0.9989888776541962,1.0,0.28416711405194484,0.1813316498423312,ISOT->WELFake_residual
6,distilbert,C0,0,0,0,0,,McIntire,ISOT,cross,2990,1588,0.7073170731707317,0.743073047858942,0.8360238989901831,0.7908288866752532,0.9485570890840652,0.9902499245731456,0.24124001591333355,0.19942103789789245,McIntire->ISOT
6,distilbert,C0,0,0,0,0,,McIntire,WELFake_residual,cross,2990,1588,0.8226711560044894,0.801007556675063,0.9417463655342598,0.9312991326637438,0.9485570890840652,0.9902499245731456,0.12588593307957585,0.05895079190940189,McIntire->WELFake_residual
6,distilbert,C0,0,0,0,0,,WELFake_residual,ISOT,cross,2992,1588,0.6816027574321413,0.5346347607052897,0.8756978365906538,0.882026089880654,0.9949647532729105,0.9988136996180892,0.3133619958407692,0.11678760973743518,WELFake_residual->ISOT
6,distilbert,C0,0,0,0,0,,WELFake_residual,McIntire,cross,2992,1590,0.6709021601016518,0.5113207547169811,0.9348917212055324,0.9206115264427832,0.9949647532729105,0.9988136996180892,0.32406259317125863,0.07820217317530598,WELFake_residual->McIntire
6,distilbert,S,1,0,0,0,,ISOT,McIntire,cross,2992,1590,0.6521987435751,0.6169811320754717,0.7039589190523727,0.6868850124599502,0.9908629441624366,0.999049076624834,0.3386642005873366,0.31216406416488385,ISOT->McIntire
6,distilbert,S,1,0,0,0,,ISOT,WELFake_residual,cross,2992,1588,0.753441802252816,0.7518891687657431,0.8214073685516595,0.8015270384305464,0.9908629441624366,0.999049076624834,0.2374211419096206,0.1975220381942876,ISOT->WELFake_residual
6,distilbert,S,1,0,0,0,,McIntire,ISOT,cross,2990,1588,0.7453416149068323,0.767632241813602,0.8560602130166464,0.8242835117283911,0.9273182957393484,0.9799487713119346,0.18197668083251617,0.1556652595835435,McIntire->ISOT
6,distilbert,S,1,0,0,0,,McIntire,WELFake_residual,cross,2990,1588,0.8463329452852154,0.8337531486146096,0.9485798136888676,0.9346230227969212,0.9273182957393484,0.9799487713119346,0.08098535045413302,0.045325748515013364,McIntire->WELFake_residual
6,distilbert,S,1,0,0,0,,WELFake_residual,ISOT,cross,2992,1588,0.7040498442367601,0.5812342569269522,0.9199324324635908,0.9298834457423116,0.9919678714859438,0.9975372486026652,0.2879180272491837,0.0676538028603536,WELFake_residual->ISOT
6,distilbert,S,1,0,0,0,,WELFake_residual,McIntire,cross,2992,1590,0.6810530858869227,0.5352201257861635,0.9208754646352676,0.9034365729203748,0.9919678714859438,0.9975372486026652,0.3109147855990211,0.09410067568229041,WELFake_residual->McIntire
6,distilbert,L,0,1,0,0,,ISOT,McIntire,cross,2992,1590,0.6716747680070703,0.5327044025157233,0.6192384375164469,0.6273770816027846,0.9979757085020244,1.0,0.3263009404949542,0.3726229183972154,ISOT->McIntire
6,distilbert,L,0,1,0,0,,ISOT,WELFake_residual,cross,2992,1588,0.6815742397137746,0.5516372795969773,0.7588302354326348,0.7332449289063442,0.9979757085020244,1.0,0.3164014687882498,0.2667550710936558,ISOT->WELFake_residual
6,distilbert,L,0,1,0,0,,McIntire,ISOT,cross,2990,1588,0.6821086261980831,0.7493702770780857,0.8321256316022001,0.7883647190198528,0.9441624365482234,0.9863646719085764,0.2620538103501403,0.19799995288872352,McIntire->ISOT
6,distilbert,L,0,1,0,0,,McIntire,WELFake_residual,cross,2990,1588,0.8574752763234439,0.8457178841309824,0.9505541002252034,0.9414389406696316,0.9441624365482234,0.9863646719085764,0.08668716022477951,0.04492573123894472,McIntire->WELFake_residual
6,distilbert,L,0,1,0,0,,WELFake_residual,ISOT,cross,2992,1588,0.7758535378525483,0.714735516372796,0.8814296447945511,0.9069683520611134,0.9919354838709676,0.9990165385434936,0.21608194601841935,0.09204818648238022,WELFake_residual->ISOT
6,distilbert,L,0,1,0,0,,WELFake_residual,McIntire,cross,2992,1590,0.6950043821209465,0.5622641509433962,0.9423401455846756,0.9308089078754797,0.9919354838709676,0.9990165385434936,0.29693110175002113,0.06820763066801394,WELFake_residual->McIntire
6,distilbert,E,0,0,1,0,,ISOT,McIntire,cross,2992,1590,0.7028132992327366,0.6345911949685534,0.6678656561577156,0.687596218504015,0.9989888776541962,1.0,0.2961755784214596,0.312403781495985,ISOT->McIntire
6,distilbert,E,0,0,1,0,,ISOT,WELFake_residual,cross,2992,1588,0.7652947719688543,0.7342569269521411,0.8118285088863205,0.8077957159806863,0.9989888776541962,1.0,0.23369410568534188,0.19220428401931366,ISOT->WELFake_residual
6,distilbert,E,0,0,1,0,,McIntire,ISOT,cross,2990,1588,0.7503566333808844,0.7795969773299748,0.8797812248907841,0.8596637882354434,0.9473684210526316,0.9867279522686552,0.1970117876717472,0.12706416403321175,McIntire->ISOT
6,distilbert,E,0,0,1,0,,McIntire,WELFake_residual,cross,2990,1588,0.8312428734321551,0.8136020151133502,0.9159632667752337,0.9127564098496914,0.9473684210526316,0.9867279522686552,0.11612554762047655,0.07397154241896375,McIntire->WELFake_residual
6,distilbert,E,0,0,1,0,,WELFake_residual,ISOT,cross,2992,1588,0.7958005249343832,0.7550377833753149,0.8999731300372694,0.9042281849386776,0.9775051124744376,0.9979080955268896,0.18170458754005436,0.09367991058821201,WELFake_residual->ISOT
6,distilbert,E,0,0,1,0,,WELFake_residual,McIntire,cross,2992,1590,0.7519455252918288,0.6792452830188679,0.921852180025857,0.9106301174795302,0.9775051124744376,0.9979080955268896,0.22555958718260882,0.08727797804735948,WELFake_residual->McIntire
6,distilbert,SL,1,1,0,0,,ISOT,McIntire,cross,2992,1590,0.6632243258749283,0.630817610062893,0.7079768209844342,0.6993520825916697,0.993939393939394,0.9994408733802672,0.3307150680644657,0.3000887907885975,ISOT->McIntire
6,distilbert,SL,1,1,0,0,,ISOT,WELFake_residual,cross,2992,1588,0.7311557788944724,0.7304785894206549,0.803893348493417,0.7959634284844139,0.993939393939394,0.9994408733802672,0.26278361504492165,0.2034774448958533,ISOT->WELFake_residual
6,distilbert,SL,1,1,0,0,,McIntire,ISOT,cross,2990,1588,0.7540029112081513,0.7871536523929471,0.8668071121963167,0.8375410033690969,0.9236545682102628,0.9802658719652236,0.1696516570021115,0.14272486859612676,McIntire->ISOT
6,distilbert,SL,1,1,0,0,,McIntire,WELFake_residual,cross,2990,1588,0.838302752293578,0.8224181360201511,0.9479201181756132,0.9306820993724978,0.9236545682102628,0.9802658719652236,0.08535181591668484,0.04958377259272584,McIntire->WELFake_residual
6,distilbert,SL,1,1,0,0,,WELFake_residual,ISOT,cross,2992,1588,0.6926104066462615,0.5573047858942065,0.908985744386351,0.913710511455564,0.9898785425101214,0.9982973823534232,0.2972681358638599,0.08458687089785921,WELFake_residual->ISOT
6,distilbert,SL,1,1,0,0,,WELFake_residual,McIntire,cross,2992,1590,0.6854663774403471,0.5440251572327044,0.9118703631665585,0.8950389620663739,0.9898785425101214,0.9982973823534232,0.3044121650697743,0.10325842028704935,WELFake_residual->McIntire
6,distilbert,SE,1,0,1,0,,ISOT,McIntire,cross,2992,1590,0.6900302114803626,0.6773584905660377,0.7046677788150307,0.7231225030655434,0.9939271255060728,0.9988899091929396,0.3038969140257102,0.27576740612739625,ISOT->McIntire
6,distilbert,SE,1,0,1,0,,ISOT,WELFake_residual,cross,2992,1588,0.7402269861286255,0.7405541561712846,0.8005232638123012,0.7938387084493905,0.9939271255060728,0.9988899091929396,0.2537001393774473,0.2050512007435491,ISOT->WELFake_residual
6,distilbert,SE,1,0,1,0,,McIntire,ISOT,cross,2990,1588,0.7738343771746694,0.7953400503778337,0.8833638242381403,0.8721551434245507,0.9203539823008848,0.9842988996915196,0.14651960512621542,0.11214375626696893,McIntire->ISOT
6,distilbert,SE,1,0,1,0,,McIntire,WELFake_residual,cross,2990,1588,0.8266360505166476,0.809823677581864,0.924084000580099,0.9125993756701712,0.9203539823008848,0.9842988996915196,0.09371793178423726,0.07169952402134838,McIntire->WELFake_residual
6,distilbert,SE,1,0,1,0,,WELFake_residual,ISOT,cross,2992,1588,0.7206290471785384,0.6196473551637279,0.8987330616152608,0.8886595943125074,0.982776089159068,0.9975659328951466,0.2621470419805296,0.1089063385826392,WELFake_residual->ISOT
6,distilbert,SE,1,0,1,0,,WELFake_residual,McIntire,cross,2992,1590,0.7194444444444444,0.6188679245283019,0.8976575692015895,0.8858969186345477,0.982776089159068,0.9975659328951466,0.26333164471462356,0.11166901426059894,WELFake_residual->McIntire
6,distilbert,LE,0,1,1,0,,ISOT,McIntire,cross,2992,1590,0.6794871794871795,0.559748427672956,0.6718287226479076,0.6762833748665005,0.9989888776541962,1.0,0.3195016981670167,0.3237166251334995,ISOT->McIntire
6,distilbert,LE,0,1,1,0,,ISOT,WELFake_residual,cross,2992,1588,0.7053864168618267,0.603904282115869,0.7847166980871891,0.77865318604902,0.9989888776541962,1.0,0.2936024607923695,0.22134681395098,ISOT->WELFake_residual
6,distilbert,LE,0,1,1,0,,McIntire,ISOT,cross,2990,1588,0.6547788873038516,0.6952141057934509,0.7991890463657257,0.764422558356439,0.9236641221374046,0.9802320068469113,0.268885234833553,0.21580944849047223,McIntire->ISOT
6,distilbert,LE,0,1,1,0,,McIntire,WELFake_residual,cross,2990,1588,0.8044817927170869,0.7802267002518891,0.9069648778638444,0.8894368341909409,0.9236641221374046,0.9802320068469113,0.1191823294203177,0.09079517265597037,McIntire->WELFake_residual
6,distilbert,LE,0,1,1,0,,WELFake_residual,ISOT,cross,2992,1588,0.8491620111731844,0.8299748110831234,0.926978920031332,0.9390247384349876,0.9742002063983488,0.9980842990378468,0.12503819522516446,0.05905956060285922,WELFake_residual->ISOT
6,distilbert,LE,0,1,1,0,,WELFake_residual,McIntire,cross,2992,1590,0.7517173699705594,0.6817610062893081,0.9326465894156256,0.9195759661405798,0.9742002063983488,0.9980842990378468,0.22248283642778943,0.078508332897267,WELFake_residual->McIntire
6,distilbert,SLE,1,1,1,0,,ISOT,McIntire,cross,2992,1590,0.7048984468339307,0.6893081761006289,0.7542054067920395,0.757375103832918,0.9909365558912386,0.9991857973676156,0.286038109057308,0.24181069353469764,ISOT->McIntire
6,distilbert,SLE,1,1,1,0,,ISOT,WELFake_residual,cross,2992,1588,0.7222914072229141,0.7191435768261965,0.7776894056153887,0.7849876910582517,0.9909365558912386,0.9991857973676156,0.26864514866832456,0.21419810630936387,ISOT->WELFake_residual
6,distilbert,SLE,1,1,1,0,,McIntire,ISOT,cross,2990,1588,0.7559808612440191,0.7751889168765743,0.8634647591172815,0.8498372554866789,0.9187096774193548,0.980031894784156,0.16272881617533574,0.1301946392974771,McIntire->ISOT
6,distilbert,SLE,1,1,1,0,,McIntire,WELFake_residual,cross,2990,1588,0.8082427017744706,0.7890428211586902,0.9209352908087453,0.9025380847540432,0.9187096774193548,0.980031894784156,0.11046697564488428,0.0774938100301128,McIntire->WELFake_residual
6,distilbert,SLE,1,1,1,0,,WELFake_residual,ISOT,cross,2992,1588,0.7435406698564593,0.6624685138539043,0.8632992525962147,0.8792645090064655,0.9745676500508648,0.995346997983904,0.23102698019440548,0.11608248897743856,WELFake_residual->ISOT
6,distilbert,SLE,1,1,1,0,,WELFake_residual,McIntire,cross,2992,1590,0.7340930674264008,0.6477987421383647,0.8948039034743347,0.883389106443574,0.9745676500508648,0.995346997983904,0.24047458262446397,0.11195789154032998,WELFake_residual->McIntire
6,distilbert,R_S,0,0,0,0,S,ISOT,McIntire,cross,2992,1590,0.6717557251908397,0.5672955974842767,0.7096553733277259,0.6980602033147423,0.9979757085020244,0.999971431486583,0.32621998331118474,0.3019112281718407,ISOT->McIntire
6,distilbert,R_S,0,0,0,0,S,ISOT,WELFake_residual,cross,2992,1588,0.7110467920887602,0.6227959697732998,0.7819958960472237,0.7745925042351643,0.9979757085020244,0.999971431486583,0.28692891641326423,0.22537892725141861,ISOT->WELFake_residual
6,distilbert,R_S,0,0,0,0,S,McIntire,ISOT,cross,2990,1588,0.6603498542274052,0.7065491183879093,0.7911552169512538,0.7269302514450318,0.9660377358490566,0.9923064608488446,0.3056878816216514,0.2653762094038128,McIntire->ISOT
6,distilbert,R_S,0,0,0,0,S,McIntire,WELFake_residual,cross,2990,1588,0.8353413654618473,0.8192695214105793,0.9267593615878518,0.922410839482517,0.9660377358490566,0.9923064608488446,0.13069637038720927,0.06989562136632754,McIntire->WELFake_residual
6,distilbert,R_S,0,0,0,0,S,WELFake_residual,ISOT,cross,2992,1588,0.7860349127182045,0.7298488664987406,0.9581199863542258,0.9587230107417724,0.9909365558912386,0.9981068366962252,0.20490164317303416,0.03938382595445289,WELFake_residual->ISOT
6,distilbert,R_S,0,0,0,0,S,WELFake_residual,McIntire,cross,2992,1590,0.698624056813138,0.5729559748427673,0.9441258402075487,0.932535105415134,0.9909365558912386,0.9981068366962252,0.29231249907810064,0.06557173128109128,WELFake_residual->McIntire
6,distilbert,R_E,0,0,0,0,E,ISOT,McIntire,cross,2992,1590,0.6870451237263464,0.5943396226415094,0.6654814970662802,0.6813939322020489,0.995967741935484,0.9998877665544332,0.3089226182091376,0.3184938343523843,ISOT->McIntire
6,distilbert,R_E,0,0,0,0,E,ISOT,WELFake_residual,cross,2992,1588,0.8017718715393134,0.77455919395466,0.8715755942892192,0.8703341814236496,0.995967741935484,0.9998877665544332,0.1941958703961706,0.12955358513078363,ISOT->WELFake_residual
6,distilbert,R_E,0,0,0,0,E,McIntire,ISOT,cross,2990,1588,0.625830258302583,0.6807304785894207,0.7675522140806207,0.6992430635306359,0.9557522123893806,0.9901237000412538,0.3299219540867976,0.2908806365106179,McIntire->ISOT
6,distilbert,R_E,0,0,0,0,E,McIntire,WELFake_residual,cross,2990,1588,0.8071700162954916,0.7764483627204031,0.933573454252821,0.9198062927878484,0.9557522123893806,0.9901237000412538,0.148582196093889,0.0703174072534054,McIntire->WELFake_residual
6,distilbert,R_E,0,0,0,0,E,WELFake_residual,ISOT,cross,2992,1588,0.8282504012841091,0.7978589420654912,0.9521382309388358,0.9553848447740928,0.9848942598187312,0.9971561572882688,0.15664385853462215,0.041771312514175984,WELFake_residual->ISOT
6,distilbert,R_E,0,0,0,0,E,WELFake_residual,McIntire,cross,2992,1590,0.7070063694267515,0.5949685534591195,0.9239115622653592,0.9077172580198568,0.9848942598187312,0.9971561572882688,0.2778878903919797,0.08943889926841198,WELFake_residual->McIntire
6,distilbert,R_SE,0,0,0,0,SE,ISOT,McIntire,cross,2992,1590,0.6637764932562621,0.5610062893081761,0.61676149704259,0.6314742296586369,0.9979757085020244,0.9999673502703806,0.33419921524576235,0.3684931206117438,ISOT->McIntire
6,distilbert,R_SE,0,0,0,0,SE,ISOT,WELFake_residual,cross,2992,1588,0.757871878393051,0.7191435768261965,0.8375369467462604,0.8268142999448,0.9979757085020244,0.9999673502703806,0.2401038301089734,0.1731530503255806,ISOT->WELFake_residual
6,distilbert,R_SE,0,0,0,0,SE,McIntire,ISOT,cross,2990,1588,0.6245306633291614,0.6221662468513854,0.7568807475935806,0.6866700188441016,0.947109471094711,0.9896926894445506,0.3225788077655496,0.30302267060044896,McIntire->ISOT
6,distilbert,R_SE,0,0,0,0,SE,McIntire,WELFake_residual,cross,2990,1588,0.8091353996737357,0.7789672544080605,0.9120218064277894,0.911495377802029,0.947109471094711,0.9896926894445506,0.13797407142097529,0.07819731164252153,McIntire->WELFake_residual
6,distilbert,R_SE,0,0,0,0,SE,WELFake_residual,ISOT,cross,2992,1588,0.7728882144663631,0.7172544080604534,0.92376502799364,0.9188569497934762,0.9839357429718876,0.9979039977708208,0.21104752850552444,0.07904704797734463,WELFake_residual->ISOT
6,distilbert,R_SE,0,0,0,0,SE,WELFake_residual,McIntire,cross,2992,1590,0.7153218495013599,0.6050314465408805,0.9388017392074812,0.929472726553538,0.9839357429718876,0.9979039977708208,0.26861389347052766,0.06843127121728287,WELFake_residual->McIntire
7,distilbert,C0,0,0,0,0,,ISOT,McIntire,cross,2988,1590,0.6707053223712679,0.5213836477987421,0.6281007823057767,0.6204778291997943,0.997983870967742,0.9999959187837976,0.3272785485964741,0.37951808958400324,ISOT->McIntire
7,distilbert,C0,0,0,0,0,,ISOT,WELFake_residual,cross,2988,1588,0.6842568161829375,0.5478589420654912,0.7584539462376823,0.7607925308833886,0.997983870967742,0.9999959187837976,0.31372705478480445,0.23920338790040896,ISOT->WELFake_residual
7,distilbert,C0,0,0,0,0,,McIntire,ISOT,cross,2988,1588,0.6744345442083619,0.7008816120906801,0.793756717762266,0.7107819033177039,0.9617755856966708,0.994430828217137,0.28734104148830886,0.28364892489943316,McIntire->ISOT
7,distilbert,C0,0,0,0,0,,McIntire,WELFake_residual,cross,2988,1588,0.8556759840273817,0.8406801007556675,0.939974154340374,0.9399042884606844,0.9617755856966708,0.994430828217137,0.10609960166928911,0.05452653975645261,McIntire->WELFake_residual
7,distilbert,C0,0,0,0,0,,WELFake_residual,ISOT,cross,2992,1588,0.6734955185659411,0.5182619647355163,0.643926182369277,0.6552465277998084,0.991919191919192,0.9990247340556312,0.31842367335325084,0.3437782062558228,WELFake_residual->ISOT
7,distilbert,C0,0,0,0,0,,WELFake_residual,McIntire,cross,2992,1590,0.6672297297297297,0.5044025157232704,0.8872503446797653,0.8640006328863574,0.991919191919192,0.9990247340556312,0.32468946218946226,0.13502410116927377,WELFake_residual->McIntire
7,distilbert,S,1,0,0,0,,ISOT,McIntire,cross,2988,1590,0.6516443361753959,0.640251572327044,0.7154132835549495,0.7046604169138879,0.9908256880733946,0.9998489950005102,0.3391813518979987,0.29518857808662224,ISOT->McIntire
7,distilbert,S,1,0,0,0,,ISOT,WELFake_residual,cross,2988,1588,0.7437252311756936,0.7556675062972292,0.8313964136961505,0.8121514317075802,0.9908256880733946,0.9998489950005102,0.247100456897701,0.18769756329292997,ISOT->WELFake_residual
7,distilbert,S,1,0,0,0,,McIntire,ISOT,cross,2988,1588,0.7455197132616488,0.7764483627204031,0.8467575304095679,0.8321066690353978,0.9496221662468514,0.9837474823460894,0.20410245298520258,0.15164081331069168,McIntire->ISOT
7,distilbert,S,1,0,0,0,,McIntire,WELFake_residual,cross,2988,1588,0.8439169139465875,0.8343828715365239,0.9448682726929004,0.9322984410788724,0.9496221662468514,0.9837474823460894,0.10570525230026384,0.051449041267217055,McIntire->WELFake_residual
7,distilbert,S,1,0,0,0,,WELFake_residual,ISOT,cross,2992,1588,0.7020805666223993,0.5761964735516373,0.9368146825063212,0.9491597878293752,0.98989898989899,0.998502270156862,0.2878184232765907,0.049342482327486836,WELFake_residual->ISOT
7,distilbert,S,1,0,0,0,,WELFake_residual,McIntire,cross,2992,1590,0.6798452943704341,0.5314465408805031,0.9012788644034808,0.8788426090740082,0.98989898989899,0.998502270156862,0.3100536955285559,0.11965966108285375,WELFake_residual->McIntire
7,distilbert,L,0,1,0,0,,ISOT,McIntire,cross,2988,1590,0.6762778505897772,0.5339622641509434,0.7186480231991742,0.7074292947272656,0.9989909182643796,1.0,0.3227130676746024,0.29257070527273443,ISOT->McIntire
7,distilbert,L,0,1,0,0,,ISOT,WELFake_residual,cross,2988,1588,0.6898419864559819,0.5673803526448362,0.8036656594406284,0.7861630680989029,0.9989909182643796,1.0,0.30914893180839764,0.2138369319010971,ISOT->WELFake_residual
7,distilbert,L,0,1,0,0,,McIntire,ISOT,cross,2988,1588,0.6606772633033863,0.6908060453400504,0.7877270757943343,0.7293127296030049,0.9663760896637608,0.99571392171613,0.3056988263603745,0.2664011921131252,McIntire->ISOT
7,distilbert,L,0,1,0,0,,McIntire,WELFake_residual,cross,2988,1588,0.832026875699888,0.8110831234256927,0.9450911697349972,0.9338481622242384,0.9663760896637608,0.99571392171613,0.13434921396387278,0.06186575949189166,McIntire->WELFake_residual
7,distilbert,L,0,1,0,0,,WELFake_residual,ISOT,cross,2992,1588,0.6867364746945899,0.5478589420654912,0.9153209361247562,0.921409151761638,0.992936427850656,0.9985575898637906,0.3061999531560661,0.07714843810215266,WELFake_residual->ISOT
7,distilbert,L,0,1,0,0,,WELFake_residual,McIntire,cross,2992,1590,0.6709129511677282,0.5125786163522013,0.9191656550084394,0.898894822198489,0.992936427850656,0.9985575898637906,0.32202347668292775,0.09966276766530158,WELFake_residual->McIntire
7,distilbert,E,0,0,1,0,,ISOT,McIntire,cross,2988,1590,0.6615161757605021,0.5591194968553459,0.580740237270562,0.5912677504845536,0.9969666329625884,0.9999918375675952,0.3354504572020862,0.40872408708304164,ISOT->McIntire
7,distilbert,E,0,0,1,0,,ISOT,WELFake_residual,cross,2988,1588,0.7139938712972421,0.6473551637279596,0.7297207903427224,0.7383104708487458,0.9969666329625884,0.9999918375675952,0.28297276166534624,0.26168136671884945,ISOT->WELFake_residual
7,distilbert,E,0,0,1,0,,McIntire,ISOT,cross,2988,1588,0.7312414733969986,0.7518891687657431,0.8623532757727207,0.8405706526911534,0.946716232961586,0.9907605134800652,0.2154747595645874,0.15018986078891183,McIntire->ISOT
7,distilbert,E,0,0,1,0,,McIntire,WELFake_residual,cross,2988,1588,0.8527397260273972,0.8375314861460957,0.9396941188189434,0.9349378842578788,0.946716232961586,0.9907605134800652,0.0939765069341888,0.05582262922218639,McIntire->WELFake_residual
7,distilbert,E,0,0,1,0,,WELFake_residual,ISOT,cross,2992,1588,0.7771487390633042,0.7273299748110831,0.9071497255055392,0.9022010164394166,0.9807106598984772,0.9973426051893984,0.203561920835173,0.0951415887499818,WELFake_residual->ISOT
7,distilbert,E,0,0,1,0,,WELFake_residual,McIntire,cross,2992,1590,0.7482014388489209,0.6698113207547169,0.9271575835235932,0.915877536489854,0.9807106598984772,0.9973426051893984,0.2325092210495563,0.0814650686995444,WELFake_residual->McIntire
7,distilbert,SL,1,1,0,0,,ISOT,McIntire,cross,2988,1590,0.6899945325314379,0.6433962264150943,0.7300296809583737,0.718850520153475,0.9969727547931384,0.999963269054178,0.30697822226170046,0.28111274890070304,ISOT->McIntire
7,distilbert,SL,1,1,0,0,,ISOT,WELFake_residual,cross,2988,1588,0.7463556851311953,0.7260705289672544,0.8163785397198204,0.8080384051672176,0.9969727547931384,0.999963269054178,0.2506170696619431,0.1919248638869604,ISOT->WELFake_residual
7,distilbert,SL,1,1,0,0,,McIntire,ISOT,cross,2988,1588,0.6707882534775889,0.7317380352644837,0.8345128116024892,0.8089306448235823,0.9455006337135616,0.9829011866339878,0.2747123802359728,0.1739705418104055,McIntire->ISOT
7,distilbert,SL,1,1,0,0,,McIntire,WELFake_residual,cross,2988,1588,0.8209042865531415,0.8079345088161209,0.931560849145152,0.9090312101466288,0.9455006337135616,0.9829011866339878,0.12459634716042012,0.07386997648735905,McIntire->WELFake_residual
7,distilbert,SL,1,1,0,0,,WELFake_residual,ISOT,cross,2992,1588,0.6887244231606443,0.5497481108312342,0.9340455618709994,0.9314410979068454,0.9888776541961576,0.996992247045518,0.3001532310355133,0.06555114913867266,WELFake_residual->ISOT
7,distilbert,SL,1,1,0,0,,WELFake_residual,McIntire,cross,2992,1590,0.6758383490971626,0.5257861635220126,0.911533313648792,0.8946805901665282,0.9888776541961576,0.996992247045518,0.313039305098995,0.1023116568789898,WELFake_residual->McIntire
7,distilbert,SE,1,0,1,0,,ISOT,McIntire,cross,2988,1590,0.6902008520998174,0.679874213836478,0.7243856016737573,0.7341552944899332,0.9908629441624366,0.9997102336496276,0.3006620920626192,0.2655549391596944,ISOT->McIntire
7,distilbert,SE,1,0,1,0,,ISOT,WELFake_residual,cross,2988,1588,0.7119062307217767,0.7059193954659949,0.7829641409493764,0.7752880546161703,0.9908629441624366,0.9997102336496276,0.27895671344065986,0.2244221790334573,ISOT->WELFake_residual
7,distilbert,SE,1,0,1,0,,McIntire,ISOT,cross,2988,1588,0.7652777777777777,0.7871536523929471,0.8920784266480444,0.8804850928563724,0.9388264669163544,0.9830680191220366,0.17354868913857668,0.10258292626566412,McIntire->ISOT
7,distilbert,SE,1,0,1,0,,McIntire,WELFake_residual,cross,2988,1588,0.8223234624145785,0.8035264483627204,0.9264738125768814,0.9121996523041196,0.9388264669163544,0.9830680191220366,0.11650300450177586,0.07086836681791697,McIntire->WELFake_residual
7,distilbert,SE,1,0,1,0,,WELFake_residual,ISOT,cross,2992,1588,0.7514970059880239,0.6863979848866498,0.8800742798845376,0.8646198821133311,0.9693877551020408,0.9958059466636068,0.21789074911401685,0.1311860645502757,WELFake_residual->ISOT
7,distilbert,SE,1,0,1,0,,WELFake_residual,McIntire,cross,2992,1590,0.7602808425275828,0.6993710691823899,0.9089400620183974,0.896578458130612,0.9693877551020408,0.9958059466636068,0.20910691257445801,0.09922748853299479,WELFake_residual->McIntire
7,distilbert,LE,0,1,1,0,,ISOT,McIntire,cross,2988,1590,0.677,0.5937106918238994,0.7505474473414766,0.7163949210869824,0.9989888776541962,1.0,0.32198887765419615,0.28360507891301756,ISOT->McIntire
7,distilbert,LE,0,1,1,0,,ISOT,WELFake_residual,cross,2988,1588,0.723336853220697,0.6700251889168766,0.7980235538465796,0.7823260410255759,0.9989888776541962,1.0,0.27565202443349923,0.2176739589744241,ISOT->WELFake_residual
7,distilbert,LE,0,1,1,0,,McIntire,ISOT,cross,2988,1588,0.6378653113087674,0.6410579345088161,0.7636004184710127,0.7249022898438542,0.9343246592317224,0.9841357470455484,0.2964593479229549,0.2592334572016942,McIntire->ISOT
7,distilbert,LE,0,1,1,0,,McIntire,WELFake_residual,cross,2988,1588,0.7941176470588235,0.7619647355163728,0.9103885393773284,0.8982696102379941,0.9343246592317224,0.9841357470455484,0.14020701217289888,0.08586613680755428,McIntire->WELFake_residual
7,distilbert,LE,0,1,1,0,,WELFake_residual,ISOT,cross,2992,1588,0.7798678190137265,0.7273299748110831,0.9108936776337352,0.9087893140620142,0.9777327935222672,0.9959411726138766,0.19786497450854068,0.08715185855186236,WELFake_residual->ISOT
7,distilbert,LE,0,1,1,0,,WELFake_residual,McIntire,cross,2992,1590,0.7281279397930386,0.6364779874213836,0.8915814261078796,0.8853945650884064,0.9777327935222672,0.9959411726138766,0.24960485372922858,0.11054660752547019,WELFake_residual->McIntire
7,distilbert,SLE,1,1,1,0,,ISOT,McIntire,cross,2988,1590,0.6604938271604939,0.6540880503144654,0.6737954079917534,0.692537478738974,0.9908629441624366,0.9998163452708908,0.3303691170019427,0.3072788665319168,ISOT->McIntire
7,distilbert,SLE,1,1,1,0,,ISOT,WELFake_residual,cross,2988,1588,0.6958796599084369,0.7071788413098237,0.7784850530039134,0.7695055485410097,0.9908629441624366,0.9998163452708908,0.29498328425399967,0.23031079672988108,ISOT->WELFake_residual
7,distilbert,SLE,1,1,1,0,,McIntire,ISOT,cross,2988,1588,0.7159167226326394,0.7336272040302267,0.8283189170902072,0.8186842121960041,0.9326683291770572,0.9796161032784102,0.21675160654441783,0.16093189108240613,McIntire->ISOT
7,distilbert,SLE,1,1,1,0,,McIntire,WELFake_residual,cross,2988,1588,0.7931793179317932,0.7632241813602015,0.901737359640191,0.8895994200838785,0.9326683291770572,0.9796161032784102,0.13948901124526403,0.09001668319453171,McIntire->WELFake_residual
7,distilbert,SLE,1,1,1,0,,WELFake_residual,ISOT,cross,2992,1588,0.7922146238821672,0.7512594458438288,0.9024778531275937,0.8964208896700061,0.962128966223132,0.9920032290317822,0.1699143423409648,0.09558233936177607,WELFake_residual->ISOT
7,distilbert,SLE,1,1,1,0,,WELFake_residual,McIntire,cross,2992,1590,0.748898678414097,0.6773584905660377,0.8865880443779894,0.8826391361101221,0.962128966223132,0.9920032290317822,0.21323028780903508,0.10936409292166005,WELFake_residual->McIntire
7,distilbert,R_S,0,0,0,0,S,ISOT,McIntire,cross,2988,1590,0.6669584245076586,0.5213836477987421,0.5819438839810063,0.6021739646374747,0.9989909182643796,1.0,0.33203249375672095,0.39782603536252525,ISOT->McIntire
7,distilbert,R_S,0,0,0,0,S,ISOT,WELFake_residual,cross,2988,1588,0.6914132379248659,0.5654911838790933,0.7673920720769125,0.7710489248710416,0.9989909182643796,1.0,0.3075776803395137,0.2289510751289584,ISOT->WELFake_residual
7,distilbert,R_S,0,0,0,0,S,McIntire,ISOT,cross,2988,1588,0.5865237366003063,0.6599496221662469,0.7410173357696196,0.6877914649544126,0.9582806573957016,0.9937907981266229,0.37175692079539524,0.3059993331722103,McIntire->ISOT
7,distilbert,R_S,0,0,0,0,S,McIntire,WELFake_residual,cross,2988,1588,0.8234617596319724,0.8066750629722922,0.9152265067924612,0.9084720732953068,0.9582806573957016,0.9937907981266229,0.13481889776372913,0.08531872483131608,McIntire->WELFake_residual
7,distilbert,R_S,0,0,0,0,S,WELFake_residual,ISOT,cross,2992,1588,0.7051340299863699,0.5913098236775819,0.9087082704716356,0.8945404450253476,0.9796747967479674,0.9980535658673312,0.27454076676159755,0.10351312084198361,WELFake_residual->ISOT
7,distilbert,R_S,0,0,0,0,S,WELFake_residual,McIntire,cross,2992,1590,0.6934984520123839,0.5641509433962264,0.9287736712681016,0.911584984771172,0.9796747967479674,0.9980535658673312,0.2861763447355835,0.08646858109615918,WELFake_residual->McIntire
7,distilbert,R_E,0,0,0,0,E,ISOT,McIntire,cross,2988,1590,0.6704707560627675,0.5641509433962264,0.634773113015591,0.6330619833076223,0.997983870967742,0.9999714314865832,0.3275131149049745,0.3669094481789609,ISOT->McIntire
7,distilbert,R_E,0,0,0,0,E,ISOT,WELFake_residual,cross,2988,1588,0.7549386011745862,0.7109571788413098,0.8385144665318771,0.8256389229041489,0.997983870967742,0.9999714314865832,0.24304526979315577,0.17433250858243432,ISOT->WELFake_residual
7,distilbert,R_E,0,0,0,0,E,McIntire,ISOT,cross,2988,1588,0.6165703275529865,0.6240554156171285,0.7399950645174322,0.657510833772183,0.955334987593052,0.990754446844136,0.33876466004006556,0.33324361307195305,McIntire->ISOT
7,distilbert,R_E,0,0,0,0,E,McIntire,WELFake_residual,cross,2988,1588,0.8013245033112583,0.7732997481108312,0.916252812174908,0.9079248329727364,0.955334987593052,0.990754446844136,0.15401048428179376,0.08282961387139964,McIntire->WELFake_residual
7,distilbert,R_E,0,0,0,0,E,WELFake_residual,ISOT,cross,2992,1588,0.8662562954672636,0.8494962216624685,0.9652993506561738,0.9654992735186444,0.9919028340080972,0.9992275729810356,0.12564653854083363,0.0337282994623912,WELFake_residual->ISOT
7,distilbert,R_E,0,0,0,0,E,WELFake_residual,McIntire,cross,2992,1590,0.7321428571428571,0.6415094339622641,0.9446144849523392,0.9308761520509474,0.9919028340080972,0.9992275729810356,0.2597599768652401,0.06835142093008817,WELFake_residual->McIntire
7,distilbert,R_SE,0,0,0,0,SE,ISOT,McIntire,cross,2988,1590,0.6564885496183206,0.5471698113207547,0.6111521828178968,0.6075542897828409,1.0,1.0,0.3435114503816794,0.3924457102171591,ISOT->McIntire
7,distilbert,R_SE,0,0,0,0,SE,ISOT,WELFake_residual,cross,2988,1588,0.8116279069767441,0.7959697732997482,0.8655576621214365,0.8762055149134884,1.0,1.0,0.18837209302325586,0.12379448508651159,ISOT->WELFake_residual
7,distilbert,R_SE,0,0,0,0,SE,McIntire,ISOT,cross,2988,1588,0.6365591397849463,0.6807304785894207,0.7730296486335736,0.7011933011439702,0.9512820512820512,0.9904602150015772,0.31472291149710496,0.28926691385760706,McIntire->ISOT
7,distilbert,R_SE,0,0,0,0,SE,McIntire,WELFake_residual,cross,2988,1588,0.8732732732732733,0.8671284634760705,0.9351151517560096,0.935067159870312,0.9512820512820512,0.9904602150015772,0.07800877800877792,0.055393055131265245,McIntire->WELFake_residual
7,distilbert,R_SE,0,0,0,0,SE,WELFake_residual,ISOT,cross,2992,1588,0.7968503937007874,0.7562972292191436,0.9142176549236736,0.9197650514881764,0.98582995951417,0.9987829664475733,0.1889795658133826,0.0790179149593968,WELFake_residual->ISOT
7,distilbert,R_SE,0,0,0,0,SE,WELFake_residual,McIntire,cross,2992,1590,0.7245564892623716,0.6289308176100629,0.9408602240939228,0.9254238360824334,0.98582995951417,0.9987829664475733,0.26127347025179837,0.07335913036513986,WELFake_residual->McIntire
