seed,model,cond,S,L,E,T,rand_of,train,test,kind,n_train,n_test,f1,acc,ap,auc
0,distilbert,C0,0,0,0,0,,ISOT,ISOT,in,2990,992,0.9969788519637462,0.9969758064516128,0.9998543795047716,0.999857732830385
0,distilbert,C0,0,0,0,0,,ISOT,McIntire,cross,2990,1590,0.6684636118598383,0.5358490566037736,0.6017311027472496,0.6022633598354495
0,distilbert,C0,0,0,0,0,,ISOT,WELFake_residual,cross,2990,1588,0.6828174069089278,0.5547858942065491,0.7781959162511946,0.7543533364211435
0,distilbert,C0,0,0,0,0,,McIntire,ISOT,cross,2988,1588,0.6949152542372882,0.7506297229219143,0.8118168896833564,0.7655574871993351
0,distilbert,C0,0,0,0,0,,McIntire,McIntire,in,2988,802,0.9672544080604534,0.9675810473815462,0.9958433723130476,0.9952923178338442
0,distilbert,C0,0,0,0,0,,McIntire,WELFake_residual,cross,2988,1588,0.8422260470453241,0.8268261964735516,0.9377721639266045,0.9269093135544292
0,distilbert,C0,0,0,0,0,,WELFake_residual,ISOT,cross,2988,1588,0.6965394853593612,0.5692695214105793,0.8281372421738744,0.8221746537317032
0,distilbert,C0,0,0,0,0,,WELFake_residual,McIntire,cross,2988,1590,0.6849912739965096,0.5459119496855346,0.9361660904724188,0.9216225623986394
0,distilbert,C0,0,0,0,0,,WELFake_residual,WELFake_residual,in,2988,988,0.995959595959596,0.9959514170040484,0.9989144325544694,0.9990001475192184
0,distilbert,S,1,0,0,0,,ISOT,ISOT,in,2990,992,0.9929078014184396,0.9929435483870968,0.9994022086580796,0.9992520811654526
0,distilbert,S,1,0,0,0,,ISOT,McIntire,cross,2990,1590,0.6659574468085107,0.6050314465408805,0.677430452240809,0.6730793876824492
0,distilbert,S,1,0,0,0,,ISOT,WELFake_residual,cross,2990,1588,0.7295173961840629,0.6964735516372796,0.7701122153875202,0.766069037935651
0,distilbert,S,1,0,0,0,,McIntire,ISOT,cross,2988,1588,0.7291981845688351,0.77455919395466,0.8767355516282862,0.851596355538072
0,distilbert,S,1,0,0,0,,McIntire,McIntire,in,2988,802,0.9374201787994892,0.9389027431421446,0.9866446063261768,0.9852550668217236
0,distilbert,S,1,0,0,0,,McIntire,WELFake_residual,cross,2988,1588,0.8534583821805393,0.8425692695214105,0.9487062763525252,0.9362568127454652
0,distilbert,S,1,0,0,0,,WELFake_residual,ISOT,cross,2988,1588,0.6837310195227766,0.5409319899244333,0.8237185691952706,0.8484747063936703
0,distilbert,S,1,0,0,0,,WELFake_residual,McIntire,cross,2988,1590,0.6763948497854078,0.5257861635220126,0.9241038930694538,0.9060456469285234
0,distilbert,S,1,0,0,0,,WELFake_residual,WELFake_residual,in,2988,988,0.9929078014184396,0.992914979757085,0.9993381582774838,0.999387385467718
0,distilbert,L,0,1,0,0,,ISOT,ISOT,in,2990,992,0.997983870967742,0.997983870967742,0.999913243901686,0.999914639698231
0,distilbert,L,0,1,0,0,,ISOT,McIntire,cross,2990,1590,0.6657706093189965,0.5308176100628931,0.5977522941001382,0.621371781179542
0,distilbert,L,0,1,0,0,,ISOT,WELFake_residual,cross,2990,1588,0.6816720257234726,0.5636020151133502,0.741083360784357,0.720287229790177
0,distilbert,L,0,1,0,0,,McIntire,ISOT,cross,2988,1588,0.6702954898911353,0.7329974811083123,0.8147823003823514,0.7583109149858194
0,distilbert,L,0,1,0,0,,McIntire,McIntire,in,2988,802,0.9527458492975734,0.9538653366583542,0.9908469975541692,0.9892413604393008
0,distilbert,L,0,1,0,0,,McIntire,WELFake_residual,cross,2988,1588,0.8447488584474886,0.8287153652392947,0.9402889593858844,0.9306012029769872
0,distilbert,L,0,1,0,0,,WELFake_residual,ISOT,cross,2988,1588,0.7706601466992665,0.7046599496221663,0.9697782466810289,0.9683504749094276
0,distilbert,L,0,1,0,0,,WELFake_residual,McIntire,cross,2988,1590,0.6816027574321413,0.5352201257861635,0.9388902704551052,0.9267323286262412
0,distilbert,L,0,1,0,0,,WELFake_residual,WELFake_residual,in,2988,988,0.9949238578680204,0.9949392712550608,0.9992410080265556,0.9993648478093397
0,distilbert,E,0,0,1,0,,ISOT,ISOT,in,2990,992,0.9969727547931384,0.9969758064516128,0.9998746309607888,0.9998780567117586
0,distilbert,E,0,0,1,0,,ISOT,McIntire,cross,2990,1590,0.6565608716248224,0.5440251572327044,0.6338432285937745,0.6214659230251969
0,distilbert,E,0,0,1,0,,ISOT,WELFake_residual,cross,2990,1588,0.7092337917485265,0.6272040302267002,0.7514820460383451,0.7417890158556935
0,distilbert,E,0,0,1,0,,McIntire,ISOT,cross,2988,1588,0.6974729241877257,0.7361460957178841,0.8124071864429305,0.8003413510649773
0,distilbert,E,0,0,1,0,,McIntire,McIntire,in,2988,802,0.9407313997477932,0.9413965087281796,0.9870393544186866,0.9861163798732596
0,distilbert,E,0,0,1,0,,McIntire,WELFake_residual,cross,2988,1588,0.821590909090909,0.8022670025188917,0.9171298192612264,0.9071356965655516
0,distilbert,E,0,0,1,0,,WELFake_residual,ISOT,cross,2988,1588,0.8248215266337178,0.7991183879093199,0.9274256853063824,0.92422387046425
0,distilbert,E,0,0,1,0,,WELFake_residual,McIntire,cross,2988,1590,0.7529296875,0.6817610062893081,0.9295554444628495,0.9155848265495824
0,distilbert,E,0,0,1,0,,WELFake_residual,WELFake_residual,in,2988,988,0.980632008154944,0.9807692307692308,0.9981329218132036,0.998031028208953
0,distilbert,LE,0,1,1,0,,ISOT,ISOT,in,2990,992,0.9949443882709808,0.9949596774193548,0.9993349529505552,0.99943093132154
0,distilbert,LE,0,1,1,0,,ISOT,McIntire,cross,2990,1590,0.6735294117647059,0.5811320754716981,0.5962928864522573,0.6241177168624659
0,distilbert,LE,0,1,1,0,,ISOT,WELFake_residual,cross,2990,1588,0.7219307450157397,0.6662468513853904,0.7206838168368666,0.7323701374921483
0,distilbert,LE,0,1,1,0,,McIntire,ISOT,cross,2988,1588,0.7180212014134275,0.7487405541561712,0.8528931818752319,0.8287938823290548
0,distilbert,LE,0,1,1,0,,McIntire,McIntire,in,2988,802,0.9505703422053232,0.9513715710723192,0.990599663143282,0.9896393679143788
0,distilbert,LE,0,1,1,0,,McIntire,WELFake_residual,cross,2988,1588,0.7975863960504662,0.767632241813602,0.9043809510108954,0.8951067197939204
0,distilbert,LE,0,1,1,0,,WELFake_residual,ISOT,cross,2988,1588,0.7483124397299904,0.6712846347607053,0.8631624561925327,0.8713438001636964
0,distilbert,LE,0,1,1,0,,WELFake_residual,McIntire,cross,2988,1590,0.7143512150389729,0.6081761006289308,0.920150927716945,0.9044879553815118
0,distilbert,LE,0,1,1,0,,WELFake_residual,WELFake_residual,in,2988,988,0.9857433808553973,0.98582995951417,0.9989341579755492,0.9989018013735678
0,distilbert,SLE,1,1,1,0,,ISOT,ISOT,in,2990,992,0.9929221435793733,0.9929435483870968,0.9997793808958028,0.9997805020811656
0,distilbert,SLE,1,1,1,0,,ISOT,McIntire,cross,2990,1590,0.6808252427184466,0.6691823899371069,0.6789128908785331,0.7102772833353111
0,distilbert,SLE,1,1,1,0,,ISOT,WELFake_residual,cross,2990,1588,0.7246376811594203,0.7248110831234257,0.7938761801957953,0.7829145226478182
0,distilbert,SLE,1,1,1,0,,McIntire,ISOT,cross,2988,1588,0.7018867924528301,0.7512594458438288,0.8501740031589737,0.8385411048861422
0,distilbert,SLE,1,1,1,0,,McIntire,McIntire,in,2988,802,0.930718954248366,0.9339152119700748,0.9817167274260372,0.9821798371900672
0,distilbert,SLE,1,1,1,0,,McIntire,WELFake_residual,cross,2988,1588,0.8181276088252832,0.8079345088161209,0.9175139352337288,0.8984147478887626
0,distilbert,SLE,1,1,1,0,,WELFake_residual,ISOT,cross,2988,1588,0.743849493487699,0.6656171284634761,0.9021603301584832,0.8986280923043735
0,distilbert,SLE,1,1,1,0,,WELFake_residual,McIntire,cross,2988,1590,0.7461240310077519,0.670440251572327,0.8834264085066571,0.8824540168505992
0,distilbert,SLE,1,1,1,0,,WELFake_residual,WELFake_residual,in,2988,988,0.97119341563786,0.97165991902834,0.997613826292942,0.9972401612876788
0,distilbert,R_E,0,0,0,0,E,ISOT,ISOT,in,2990,992,0.9949647532729105,0.9949596774193548,0.9999058443060712,0.9999065101456815
0,distilbert,R_E,0,0,0,0,E,ISOT,McIntire,cross,2990,1590,0.6697163769441903,0.5459119496855346,0.6690211693210611,0.6583821842490408
0,distilbert,R_E,0,0,0,0,E,ISOT,WELFake_residual,cross,2990,1588,0.773555439875065,0.7260705289672544,0.8679831252739224,0.8647562956430154
0,distilbert,R_E,0,0,0,0,E,McIntire,ISOT,cross,2988,1588,0.6182380216383307,0.6889168765743073,0.774355698261401,0.7206044705568844
0,distilbert,R_E,0,0,0,0,E,McIntire,McIntire,in,2988,802,0.950191570881226,0.9513715710723192,0.992636582131496,0.9916418430233642
0,distilbert,R_E,0,0,0,0,E,McIntire,WELFake_residual,cross,2988,1588,0.8096304591265397,0.7858942065491183,0.9143313218958956,0.90158160384242
0,distilbert,R_E,0,0,0,0,E,WELFake_residual,ISOT,cross,2988,1588,0.7930489731437599,0.7525188916876574,0.9379992789616096,0.9271242441738732
0,distilbert,R_E,0,0,0,0,E,WELFake_residual,McIntire,cross,2988,1590,0.7436511739338764,0.6635220125786163,0.9427312380847076,0.9306704639848108
0,distilbert,R_E,0,0,0,0,E,WELFake_residual,WELFake_residual,in,2988,988,0.9818181818181818,0.9817813765182186,0.99854991910588,0.9986436427412348
1,distilbert,C0,0,0,0,0,,ISOT,ISOT,in,2988,992,0.998992950654582,0.998991935483871,1.0,1.0
1,distilbert,C0,0,0,0,0,,ISOT,McIntire,cross,2988,1590,0.6713780918727915,0.5320754716981132,0.5907568254967922,0.6038257980301412
1,distilbert,C0,0,0,0,0,,ISOT,WELFake_residual,cross,2988,1588,0.7373929590865842,0.6523929471032746,0.8217730944571151,0.8328815296080808
1,distilbert,C0,0,0,0,0,,McIntire,ISOT,cross,2990,1588,0.680731364275668,0.7141057934508817,0.7951977247291772,0.7298036596894848
1,distilbert,C0,0,0,0,0,,McIntire,McIntire,in,2990,830,0.9527272727272728,0.9530120481927712,0.9947156135675078,0.994501379010016
1,distilbert,C0,0,0,0,0,,McIntire,WELFake_residual,cross,2990,1588,0.8523451071221771,0.8394206549118388,0.9417095109568586,0.9323777512705492
1,distilbert,C0,0,0,0,0,,WELFake_residual,ISOT,cross,2992,1588,0.8067484662576687,0.7619647355163728,0.9441159427267196,0.9523076093370302
1,distilbert,C0,0,0,0,0,,WELFake_residual,McIntire,cross,2992,1590,0.6819757365684576,0.5383647798742138,0.9492571215259172,0.935572168822436
1,distilbert,C0,0,0,0,0,,WELFake_residual,WELFake_residual,in,2992,990,0.993939393939394,0.993939393939394,0.9993726561692112,0.9994021018263444
1,distilbert,S,1,0,0,0,,ISOT,ISOT,in,2988,992,0.9867482161060144,0.9868951612903226,0.9995076108410796,0.9994797086368368
1,distilbert,S,1,0,0,0,,ISOT,McIntire,cross,2988,1590,0.6236183827806865,0.5930817610062893,0.6585324427111183,0.6470899094181402
1,distilbert,S,1,0,0,0,,ISOT,WELFake_residual,cross,2988,1588,0.721558768070396,0.7210327455919395,0.7901701416079002,0.7704398225989633
1,distilbert,S,1,0,0,0,,McIntire,ISOT,cross,2990,1588,0.7624548736462093,0.7928211586901763,0.8741252750348691,0.8519778375600378
1,distilbert,S,1,0,0,0,,McIntire,McIntire,in,2990,830,0.9261083743842364,0.927710843373494,0.9866246928214926,0.9863492524314124
1,distilbert,S,1,0,0,0,,McIntire,WELFake_residual,cross,2990,1588,0.8705035971223022,0.8639798488664987,0.9514033439717482,0.9392840827617712
1,distilbert,S,1,0,0,0,,WELFake_residual,ISOT,cross,2992,1588,0.7059348505131637,0.5850125944584383,0.9089597879439618,0.91318627108858
1,distilbert,S,1,0,0,0,,WELFake_residual,McIntire,cross,2992,1590,0.6773218142548596,0.530188679245283,0.8800516608264907,0.8593861002333768
1,distilbert,S,1,0,0,0,,WELFake_residual,WELFake_residual,in,2992,990,0.9959514170040484,0.995959595959596,0.9983421902341788,0.9988225691255994
1,distilbert,L,0,1,0,0,,ISOT,ISOT,in,2988,992,0.995959595959596,0.995967741935484,0.9999837244052724,0.999983740894901
1,distilbert,L,0,1,0,0,,ISOT,McIntire,cross,2988,1590,0.673972602739726,0.5509433962264151,0.6606820363700063,0.6568308215656026
1,distilbert,L,0,1,0,0,,ISOT,WELFake_residual,cross,2988,1588,0.7249633610161211,0.6454659949622166,0.8010272891285735,0.792496780006218
1,distilbert,L,0,1,0,0,,McIntire,ISOT,cross,2990,1588,0.6721423682409309,0.6983627204030227,0.7715125950881752,0.7329657570316417
1,distilbert,L,0,1,0,0,,McIntire,McIntire,in,2990,830,0.9495192307692308,0.9493975903614458,0.994494009118892,0.9944200899985484
1,distilbert,L,0,1,0,0,,McIntire,WELFake_residual,cross,2990,1588,0.8527746319365799,0.836272040302267,0.9539674510011216,0.9446295896807924
1,distilbert,L,0,1,0,0,,WELFake_residual,ISOT,cross,2992,1588,0.6778206778206778,0.5270780856423174,0.7810364531339935,0.7892759931222202
1,distilbert,L,0,1,0,0,,WELFake_residual,McIntire,cross,2992,1590,0.6677908937605397,0.5044025157232704,0.9209864027106318,0.9073573039041178
1,distilbert,L,0,1,0,0,,WELFake_residual,WELFake_residual,in,2992,990,0.9969727547931384,0.996969696969697,0.999673082480996,0.9996857463524133
1,distilbert,E,0,0,1,0,,ISOT,ISOT,in,2988,992,1.0,1.0,1.0000000000000004,1.0
1,distilbert,E,0,0,1,0,,ISOT,McIntire,cross,2988,1590,0.6701708278580815,0.5264150943396226,0.5869733247202209,0.6070622206400063
1,distilbert,E,0,0,1,0,,ISOT,WELFake_residual,cross,2988,1588,0.6869409660107334,0.5591939546599496,0.7289053995978105,0.7311717604959107
1,distilbert,E,0,0,1,0,,McIntire,ISOT,cross,2990,1588,0.665751544269046,0.6933249370277078,0.7882598988949372,0.7712971657709902
1,distilbert,E,0,0,1,0,,McIntire,McIntire,in,2990,830,0.937046004842615,0.9373493975903614,0.9886066474406032,0.9883379300333864
1,distilbert,E,0,0,1,0,,McIntire,WELFake_residual,cross,2990,1588,0.8074602303894679,0.7789672544080605,0.923383894667254,0.912222652259706
1,distilbert,E,0,0,1,0,,WELFake_residual,ISOT,cross,2992,1588,0.8451834862385321,0.8299748110831234,0.9420087922645032,0.9401279432012132
1,distilbert,E,0,0,1,0,,WELFake_residual,McIntire,cross,2992,1590,0.7675350701402806,0.7081761006289308,0.9302728443487838,0.916385427791622
1,distilbert,E,0,0,1,0,,WELFake_residual,WELFake_residual,in,2992,990,0.9805924412665986,0.9808080808080808,0.9980485086711268,0.9981471278440974
1,distilbert,LE,0,1,1,0,,ISOT,ISOT,in,2988,992,0.995959595959596,0.995967741935484,0.999983724405272,0.9999837408949012
1,distilbert,LE,0,1,1,0,,ISOT,McIntire,cross,2988,1590,0.6578346276838739,0.5289308176100629,0.5728076995089002,0.5683034690083462
1,distilbert,LE,0,1,1,0,,ISOT,WELFake_residual,cross,2988,1588,0.6868029739776952,0.575566750629723,0.6708874266309698,0.6624582035289863
1,distilbert,LE,0,1,1,0,,McIntire,ISOT,cross,2990,1588,0.6632124352331606,0.7134760705289672,0.8246245096896959,0.8092407476730389
1,distilbert,LE,0,1,1,0,,McIntire,McIntire,in,2990,830,0.9402985074626866,0.9421686746987952,0.9916475603553384,0.9912353026564088
1,distilbert,LE,0,1,1,0,,McIntire,WELFake_residual,cross,2990,1588,0.7995495495495496,0.7758186397984886,0.9077754782737384,0.8936791363437366
1,distilbert,LE,0,1,1,0,,WELFake_residual,ISOT,cross,2992,1588,0.8370572207084469,0.8117128463476071,0.955774650362392,0.9545568463729864
1,distilbert,LE,0,1,1,0,,WELFake_residual,McIntire,cross,2992,1590,0.7484246243334949,0.6735849056603773,0.917648099547724,0.9066247379454928
1,distilbert,LE,0,1,1,0,,WELFake_residual,WELFake_residual,in,2992,990,0.9784615384615384,0.9787878787878788,0.9991834482405638,0.9992021222324252
1,distilbert,SLE,1,1,1,0,,ISOT,ISOT,in,2988,992,0.987878787878788,0.9879032258064516,0.9987854938077856,0.9984472554630592
1,distilbert,SLE,1,1,1,0,,ISOT,McIntire,cross,2988,1590,0.6478511866581141,0.6547169811320754,0.6676726472338158,0.7008599343380405
1,distilbert,SLE,1,1,1,0,,ISOT,WELFake_residual,cross,2988,1588,0.7141896435776731,0.732367758186398,0.775987389041755,0.7889349592980097
1,distilbert,SLE,1,1,1,0,,McIntire,ISOT,cross,2990,1588,0.7415891195418755,0.7726700251889169,0.8687446208799608,0.8578586882728778
1,distilbert,SLE,1,1,1,0,,McIntire,McIntire,in,2990,830,0.9154228855721394,0.9180722891566264,0.9834368135168045,0.9824328639860648
1,distilbert,SLE,1,1,1,0,,McIntire,WELFake_residual,cross,2990,1588,0.8094435075885329,0.7865239294710328,0.90894702764861,0.8968658198453134
1,distilbert,SLE,1,1,1,0,,WELFake_residual,ISOT,cross,2992,1588,0.7208976157082749,0.6240554156171285,0.885695357732613,0.8755631023609058
1,distilbert,SLE,1,1,1,0,,WELFake_residual,McIntire,cross,2992,1590,0.7255726975222067,0.630817610062893,0.8930558827236943,0.8826233139511885
1,distilbert,SLE,1,1,1,0,,WELFake_residual,WELFake_residual,in,2992,990,0.9768378650553876,0.9767676767676768,0.997046991368596,0.9973104785225998
1,distilbert,R_E,0,0,0,0,E,ISOT,ISOT,in,2988,992,0.997983870967742,0.997983870967742,0.9999257023197607,0.9999268340270552
1,distilbert,R_E,0,0,0,0,E,ISOT,McIntire,cross,2988,1590,0.6594847775175644,0.5427672955974843,0.5976112446118064,0.5986076500138444
1,distilbert,R_E,0,0,0,0,E,ISOT,WELFake_residual,cross,2988,1588,0.8111239860950173,0.7947103274559194,0.8612632757276747,0.8717038684339093
1,distilbert,R_E,0,0,0,0,E,McIntire,ISOT,cross,2990,1588,0.6913925822253324,0.7222921914357683,0.8090443986336208,0.7715882341744444
1,distilbert,R_E,0,0,0,0,E,McIntire,McIntire,in,2990,830,0.9531812725090036,0.9530120481927712,0.9935247976557856,0.9935375235883293
1,distilbert,R_E,0,0,0,0,E,McIntire,WELFake_residual,cross,2990,1588,0.841743119266055,0.8261964735516373,0.9305338640336266,0.9232316999663726
1,distilbert,R_E,0,0,0,0,E,WELFake_residual,ISOT,cross,2992,1588,0.7618110236220472,0.6952141057934509,0.9053727358100668,0.9146344751885996
1,distilbert,R_E,0,0,0,0,E,WELFake_residual,McIntire,cross,2992,1590,0.694653115333628,0.5654088050314465,0.92902096238883,0.9145635061904196
1,distilbert,R_E,0,0,0,0,E,WELFake_residual,WELFake_residual,in,2992,990,0.984924623115578,0.9848484848484848,0.9987080716652744,0.9987348229772472
2,distilbert,C0,0,0,0,0,,ISOT,ISOT,in,2992,988,0.9969604863221884,0.9969635627530364,0.9997529416001044,0.9997561835139076
2,distilbert,C0,0,0,0,0,,ISOT,McIntire,cross,2992,1590,0.6714542190305206,0.539622641509434,0.5803275583101385,0.601028440330683
2,distilbert,C0,0,0,0,0,,ISOT,WELFake_residual,cross,2992,1588,0.6890833717181023,0.5749370277078085,0.7372774120401583,0.7250529792080401
2,distilbert,C0,0,0,0,0,,McIntire,ISOT,cross,2988,1588,0.669964664310954,0.7059193954659949,0.778666393836452,0.724916565678356
2,distilbert,C0,0,0,0,0,,McIntire,McIntire,in,2988,808,0.9646464646464646,0.9653465346534652,0.9944254861844448,0.9936372659543182
2,distilbert,C0,0,0,0,0,,McIntire,WELFake_residual,cross,2988,1588,0.8461538461538461,0.8312342569269522,0.9360501072282976,0.928119587079418
2,distilbert,C0,0,0,0,0,,WELFake_residual,ISOT,cross,2988,1588,0.6956521739130435,0.5680100755667506,0.8763917468524887,0.8934015506728678
2,distilbert,C0,0,0,0,0,,WELFake_residual,McIntire,cross,2988,1590,0.6781411359724613,0.529559748427673,0.8957896007634296,0.883515683715043
2,distilbert,C0,0,0,0,0,,WELFake_residual,WELFake_residual,in,2988,988,0.9929221435793733,0.992914979757085,0.9989916574592486,0.99906161386025
2,distilbert,S,1,0,0,0,,ISOT,ISOT,in,2992,988,0.9888097660223804,0.9888663967611336,0.9989527683798216,0.9989263879099806
2,distilbert,S,1,0,0,0,,ISOT,McIntire,cross,2992,1590,0.6588235294117647,0.6169811320754717,0.7119325259153811,0.6957351370594518
2,distilbert,S,1,0,0,0,,ISOT,WELFake_residual,cross,2992,1588,0.7440191387559809,0.7304785894206549,0.807418102503308,0.8039071372827695
2,distilbert,S,1,0,0,0,,McIntire,ISOT,cross,2988,1588,0.7019667170953101,0.7518891687657431,0.8501092646128909,0.8411337550520592
2,distilbert,S,1,0,0,0,,McIntire,McIntire,in,2988,808,0.929757343550447,0.931930693069307,0.9862999164609992,0.9836321194000588
2,distilbert,S,1,0,0,0,,McIntire,WELFake_residual,cross,2988,1588,0.8404441846873174,0.8280856423173804,0.9430675035203658,0.931672683666542
2,distilbert,S,1,0,0,0,,WELFake_residual,ISOT,cross,2988,1588,0.6889952153110048,0.5497481108312342,0.7825201473089098,0.819881002988408
2,distilbert,S,1,0,0,0,,WELFake_residual,McIntire,cross,2988,1590,0.6706638115631691,0.5163522012578616,0.8990615840481335,0.8869562121751512
2,distilbert,S,1,0,0,0,,WELFake_residual,WELFake_residual,in,2988,988,0.9928934010152284,0.992914979757085,0.9995088673919086,0.9994078742480615
2,distilbert,L,0,1,0,0,,ISOT,ISOT,in,2992,988,0.9969666329625884,0.9969635627530364,0.9992341154914072,0.9988956547394646
2,distilbert,L,0,1,0,0,,ISOT,McIntire,cross,2992,1590,0.6615450277422108,0.5012578616352201,0.7132196519087092,0.7033527154780269
2,distilbert,L,0,1,0,0,,ISOT,WELFake_residual,cross,2992,1588,0.6758739749676306,0.5270780856423174,0.8170092944475063,0.8008981086105489
2,distilbert,L,0,1,0,0,,McIntire,ISOT,cross,2988,1588,0.6102941176470589,0.6662468513853904,0.7437695316061846,0.6667877468926267
2,distilbert,L,0,1,0,0,,McIntire,McIntire,in,2988,808,0.9444444444444444,0.9455445544554456,0.9901315374591544,0.9888399421625332
2,distilbert,L,0,1,0,0,,McIntire,WELFake_residual,cross,2988,1588,0.8245219347581553,0.8035264483627204,0.935744354735648,0.9210141870070871
2,distilbert,L,0,1,0,0,,WELFake_residual,ISOT,cross,2988,1588,0.7101123595505618,0.5938287153652393,0.9392119519830584,0.9418259744050148
2,distilbert,L,0,1,0,0,,WELFake_residual,McIntire,cross,2988,1590,0.6709021601016518,0.5113207547169811,0.9068114963195116,0.8982666824888256
2,distilbert,L,0,1,0,0,,WELFake_residual,WELFake_residual,in,2988,988,0.9939271255060728,0.9939271255060728,0.9993163965616108,0.999377141077546
2,distilbert,E,0,0,1,0,,ISOT,ISOT,in,2992,988,0.9989868287740628,0.998987854251012,1.0,1.0
2,distilbert,E,0,0,1,0,,ISOT,McIntire,cross,2992,1590,0.6734603455914931,0.5364779874213836,0.5957770550590404,0.602688975910763
2,distilbert,E,0,0,1,0,,ISOT,WELFake_residual,cross,2992,1588,0.6911231884057971,0.570528967254408,0.7269398223291008,0.7099443876935961
2,distilbert,E,0,0,1,0,,McIntire,ISOT,cross,2988,1588,0.6811989100817438,0.7052896725440806,0.8084085085055943,0.76489604020075
2,distilbert,E,0,0,1,0,,McIntire,McIntire,in,2988,808,0.940880503144654,0.9418316831683168,0.9855157627114732,0.9842539947064012
2,distilbert,E,0,0,1,0,,McIntire,WELFake_residual,cross,2988,1588,0.7861771058315334,0.7506297229219143,0.9093535475983368,0.8959466147237783
2,distilbert,E,0,0,1,0,,WELFake_residual,ISOT,cross,2988,1588,0.840021990104453,0.8167506297229219,0.9465354654300928,0.9438372808659404
2,distilbert,E,0,0,1,0,,WELFake_residual,McIntire,cross,2988,1590,0.7587223587223587,0.6911949685534591,0.9140058457611484,0.910479806969661
2,distilbert,E,0,0,1,0,,WELFake_residual,WELFake_residual,in,2988,988,0.982635342185904,0.9827935222672064,0.9988925479141328,0.9988567260568112
2,distilbert,LE,0,1,1,0,,ISOT,ISOT,in,2992,988,0.9959349593495936,0.9959514170040484,1.0,1.0
2,distilbert,LE,0,1,1,0,,ISOT,McIntire,cross,2992,1590,0.7020327218641547,0.6220125786163522,0.7233925959573353,0.7254444048890472
2,distilbert,LE,0,1,1,0,,ISOT,WELFake_residual,cross,2992,1588,0.730669434353918,0.6731738035264484,0.7720926625735166,0.7758678121173282
2,distilbert,LE,0,1,1,0,,McIntire,ISOT,cross,2988,1588,0.6794136392606756,0.6832493702770781,0.7874021370180021,0.7609368754322405
2,distilbert,LE,0,1,1,0,,McIntire,McIntire,in,2988,808,0.945273631840796,0.9455445544554456,0.9872809673408668,0.9858132781099892
2,distilbert,LE,0,1,1,0,,McIntire,WELFake_residual,cross,2988,1588,0.7810140237324703,0.7443324937027708,0.9025794423572876,0.8866974601704217
2,distilbert,LE,0,1,1,0,,WELFake_residual,ISOT,cross,2988,1588,0.8184405236198065,0.7991183879093199,0.9091013269175672,0.9005188472739502
2,distilbert,LE,0,1,1,0,,WELFake_residual,McIntire,cross,2988,1590,0.7715430861723447,0.7132075471698113,0.9236079390716954,0.9153783473754994
2,distilbert,LE,0,1,1,0,,WELFake_residual,WELFake_residual,in,2988,988,0.9711340206185568,0.97165991902834,0.9982436726564914,0.9982543559147012
2,distilbert,SLE,1,1,1,0,,ISOT,ISOT,in,2992,988,0.9837728194726166,0.9838056680161944,0.9986541671685276,0.9986333983510628
2,distilbert,SLE,1,1,1,0,,ISOT,McIntire,cross,2992,1590,0.6586538461538461,0.6427672955974842,0.7012490945136145,0.7070305763221392
2,distilbert,SLE,1,1,1,0,,ISOT,WELFake_residual,cross,2992,1588,0.7147415443522654,0.7185138539042821,0.77851381646534,0.7805407686109297
2,distilbert,SLE,1,1,1,0,,McIntire,ISOT,cross,2988,1588,0.7086505190311418,0.7348866498740554,0.8445386434071728,0.8296425013799973
2,distilbert,SLE,1,1,1,0,,McIntire,McIntire,in,2988,808,0.90537084398977,0.9084158415841584,0.977332945069228,0.9752444613273208
2,distilbert,SLE,1,1,1,0,,McIntire,WELFake_residual,cross,2988,1588,0.7951945080091534,0.77455919395466,0.9093557363650746,0.8936426536555653
2,distilbert,SLE,1,1,1,0,,WELFake_residual,ISOT,cross,2988,1588,0.7635639621702339,0.7008816120906801,0.911551167509966,0.9068144902892602
2,distilbert,SLE,1,1,1,0,,WELFake_residual,McIntire,cross,2988,1590,0.7376023110255175,0.6572327044025157,0.8286537609526498,0.833990744037024
2,distilbert,SLE,1,1,1,0,,WELFake_residual,WELFake_residual,in,2988,988,0.9776422764227642,0.9777327935222672,0.9967687740767356,0.9966193512432592
2,distilbert,R_E,0,0,0,0,E,ISOT,ISOT,in,2992,988,0.9908629441624366,0.9908906882591092,0.9996791447665184,0.999668081758429
2,distilbert,R_E,0,0,0,0,E,ISOT,McIntire,cross,2992,1590,0.6766616691654173,0.5930817610062893,0.6721501335989799,0.6671967089909419
2,distilbert,R_E,0,0,0,0,E,ISOT,WELFake_residual,cross,2992,1588,0.7757774140752864,0.7411838790931989,0.84160500763206,0.8399869296804117
2,distilbert,R_E,0,0,0,0,E,McIntire,ISOT,cross,2988,1588,0.6339825386165212,0.656801007556675,0.7496570917987255,0.688349015601901
2,distilbert,R_E,0,0,0,0,E,McIntire,McIntire,in,2988,808,0.9384615384615383,0.9405940594059404,0.9889541647631006,0.9870325213214391
2,distilbert,R_E,0,0,0,0,E,McIntire,WELFake_residual,cross,2988,1588,0.8280542986425339,0.8085642317380353,0.9239079115061778,0.9161429550342935
2,distilbert,R_E,0,0,0,0,E,WELFake_residual,ISOT,cross,2988,1588,0.8176972281449894,0.7846347607052897,0.956049944235881,0.9531332284323863
2,distilbert,R_E,0,0,0,0,E,WELFake_residual,McIntire,cross,2988,1590,0.7062528115159694,0.5893081761006289,0.9363450761829268,0.9197595031842096
2,distilbert,R_E,0,0,0,0,E,WELFake_residual,WELFake_residual,in,2988,988,0.9888776541961576,0.9888663967611336,0.998494986186328,0.9986620826435444
0,distilbert,SL,1,1,0,0,,ISOT,ISOT,in,2990,992,0.9929078014184396,0.9929435483870968,0.9997332315987988,0.9997174980489076
0,distilbert,SL,1,1,0,0,,ISOT,McIntire,cross,2990,1590,0.6395759717314488,0.6150943396226415,0.6747391254959794,0.666996558680432
0,distilbert,SL,1,1,0,0,,ISOT,WELFake_residual,cross,2990,1588,0.706500328299409,0.7185138539042821,0.7890284394756648,0.7784810829330813
0,distilbert,SL,1,1,0,0,,McIntire,ISOT,cross,2988,1588,0.7343867569601203,0.7777078085642317,0.8664518807873739,0.8343297337081004
0,distilbert,SL,1,1,0,0,,McIntire,McIntire,in,2988,802,0.9395109395109396,0.9413965087281796,0.9871223016725584,0.985547353561234
0,distilbert,SL,1,1,0,0,,McIntire,WELFake_residual,cross,2988,1588,0.8610944076969332,0.8545340050377834,0.9474842214592314,0.9317694421003878
0,distilbert,SL,1,1,0,0,,WELFake_residual,ISOT,cross,2988,1588,0.6845753899480069,0.5415617128463476,0.7502098238649628,0.7795271843612992
0,distilbert,SL,1,1,0,0,,WELFake_residual,McIntire,cross,2988,1590,0.6740994854202401,0.5220125786163522,0.8912222028350307,0.8692638740556149
0,distilbert,SL,1,1,0,0,,WELFake_residual,WELFake_residual,in,2988,988,0.9908629441624366,0.9908906882591092,0.9970702597586792,0.9976642790407972
0,distilbert,SE,1,0,1,0,,ISOT,ISOT,in,2990,992,0.9909547738693468,0.9909274193548387,0.9987514596999107,0.9988537330905308
0,distilbert,SE,1,0,1,0,,ISOT,McIntire,cross,2990,1590,0.6537142857142857,0.6188679245283019,0.6269049833548188,0.66291127724378
0,distilbert,SE,1,0,1,0,,ISOT,WELFake_residual,cross,2990,1588,0.7429934406678592,0.7285894206549118,0.7685454411447493,0.7847045536739652
0,distilbert,SE,1,0,1,0,,McIntire,ISOT,cross,2988,1588,0.7530249110320285,0.7814861460957179,0.8847841366517356,0.8687297362460265
0,distilbert,SE,1,0,1,0,,McIntire,McIntire,in,2988,802,0.9280205655526992,0.9301745635910224,0.9781919682270646,0.9781655586718988
0,distilbert,SE,1,0,1,0,,McIntire,WELFake_residual,cross,2988,1588,0.8364269141531323,0.8224181360201511,0.9215568052288144,0.9145281995317528
0,distilbert,SE,1,0,1,0,,WELFake_residual,ISOT,cross,2988,1588,0.7202632816173014,0.6253148614609572,0.8577117266374257,0.8603982006103712
0,distilbert,SE,1,0,1,0,,WELFake_residual,McIntire,cross,2988,1590,0.7225378787878788,0.6314465408805031,0.8933365718632814,0.8774368102527589
0,distilbert,SE,1,0,1,0,,WELFake_residual,WELFake_residual,in,2988,988,0.97119341563786,0.97165991902834,0.9956355375671448,0.9958879017849828
1,distilbert,SL,1,1,0,0,,ISOT,ISOT,in,2988,992,0.995959595959596,0.995967741935484,0.9998685377792572,0.9998658623829344
1,distilbert,SL,1,1,0,0,,ISOT,McIntire,cross,2988,1590,0.6964180857310628,0.6748427672955974,0.7512716329272697,0.7481096475614097
1,distilbert,SL,1,1,0,0,,ISOT,WELFake_residual,cross,2988,1588,0.7461734693877551,0.7493702770780857,0.7993304096277265,0.7998726278321671
1,distilbert,SL,1,1,0,0,,McIntire,ISOT,cross,2990,1588,0.7738619676945668,0.8060453400503779,0.9028763077735792,0.884220602884353
1,distilbert,SL,1,1,0,0,,McIntire,McIntire,in,2990,830,0.9364303178484108,0.9373493975903614,0.9871561884270492,0.9861605457976484
1,distilbert,SL,1,1,0,0,,McIntire,WELFake_residual,cross,2990,1588,0.8651887357699221,0.8583123425692695,0.9515109788455788,0.938640084005355
1,distilbert,SL,1,1,0,0,,WELFake_residual,ISOT,cross,2992,1588,0.7494033412887828,0.6693954659949622,0.8835864202846636,0.894315997182902
1,distilbert,SL,1,1,0,0,,WELFake_residual,McIntire,cross,2992,1590,0.6986547085201794,0.5773584905660377,0.929637422363821,0.9096989834262884
1,distilbert,SL,1,1,0,0,,WELFake_residual,WELFake_residual,in,2992,990,0.991869918699187,0.991919191919192,0.9993658800414802,0.9991919191919192
1,distilbert,SE,1,0,1,0,,ISOT,ISOT,in,2988,992,0.9908814589665652,0.9909274193548387,0.9993565236317422,0.9993455710197712
1,distilbert,SE,1,0,1,0,,ISOT,McIntire,cross,2988,1590,0.6357096141268803,0.6496855345911949,0.7081661497836373,0.6976148095407619
1,distilbert,SE,1,0,1,0,,ISOT,WELFake_residual,cross,2988,1588,0.6789115646258503,0.7027707808564232,0.7830129024382317,0.7767021553337691
1,distilbert,SE,1,0,1,0,,McIntire,ISOT,cross,2990,1588,0.718772826880935,0.7575566750629723,0.8612417699272192,0.8557775888432767
1,distilbert,SE,1,0,1,0,,McIntire,McIntire,in,2990,830,0.9211822660098522,0.9228915662650602,0.9839906557575776,0.9838002612861084
1,distilbert,SE,1,0,1,0,,McIntire,WELFake_residual,cross,2990,1588,0.8393480791618161,0.8261964735516373,0.9274354499237992,0.9167718848542912
1,distilbert,SE,1,0,1,0,,WELFake_residual,ISOT,cross,2992,1588,0.744140625,0.6700251889168766,0.8955893112173181,0.8813535394552342
1,distilbert,SE,1,0,1,0,,WELFake_residual,McIntire,cross,2992,1590,0.7481734047735021,0.6748427672955974,0.9131262569683714,0.8978948617538862
1,distilbert,SE,1,0,1,0,,WELFake_residual,WELFake_residual,in,2992,990,0.9721362229102168,0.9727272727272728,0.998866811922873,0.9989001122334455
2,distilbert,SL,1,1,0,0,,ISOT,ISOT,in,2992,988,0.992878942014242,0.992914979757085,0.999523835492344,0.9995021226376436
2,distilbert,SL,1,1,0,0,,ISOT,McIntire,cross,2992,1590,0.6978672985781991,0.6792452830188679,0.7454480820032698,0.7365650092955184
2,distilbert,SL,1,1,0,0,,ISOT,WELFake_residual,cross,2992,1588,0.7459807073954984,0.7512594458438288,0.8169083608567911,0.8165618714667309
2,distilbert,SL,1,1,0,0,,McIntire,ISOT,cross,2988,1588,0.7692307692307693,0.7978589420654912,0.8929809360375922,0.8770842718372682
2,distilbert,SL,1,1,0,0,,McIntire,McIntire,in,2988,808,0.9309462915601024,0.9331683168316832,0.983212391095269,0.9790982501715518
2,distilbert,SL,1,1,0,0,,McIntire,WELFake_residual,cross,2988,1588,0.831002331002331,0.8173803526448362,0.9425024417640744,0.924679904066392
2,distilbert,SL,1,1,0,0,,WELFake_residual,ISOT,cross,2988,1588,0.6857142857142857,0.5428211586901763,0.81731865130104,0.8201990368570323
2,distilbert,SL,1,1,0,0,,WELFake_residual,McIntire,cross,2988,1590,0.6746575342465754,0.5220125786163522,0.8566144118707457,0.8484521973023218
2,distilbert,SL,1,1,0,0,,WELFake_residual,WELFake_residual,in,2988,988,0.9929221435793733,0.992914979757085,0.998926249918374,0.9990001475192184
2,distilbert,SE,1,0,1,0,,ISOT,ISOT,in,2992,988,0.9867751780264497,0.986842105263158,0.999462473691002,0.9994529495648182
2,distilbert,SE,1,0,1,0,,ISOT,McIntire,cross,2992,1590,0.6583034647550776,0.640251572327044,0.6435592275124931,0.674540564059966
2,distilbert,SE,1,0,1,0,,ISOT,WELFake_residual,cross,2992,1588,0.7339331619537275,0.739294710327456,0.7793162004792706,0.7882386158150867
2,distilbert,SE,1,0,1,0,,McIntire,ISOT,cross,2988,1588,0.7408431237042156,0.7638539042821159,0.8671527769576848,0.8420355119314253
2,distilbert,SE,1,0,1,0,,McIntire,McIntire,in,2988,808,0.9338422391857506,0.9356435643564356,0.9842044746741724,0.9832124301539064
2,distilbert,SE,1,0,1,0,,McIntire,WELFake_residual,cross,2988,1588,0.8183856502242153,0.7959697732997482,0.9098025329586696,0.9008043639639868
2,distilbert,SE,1,0,1,0,,WELFake_residual,ISOT,cross,2988,1588,0.6931608133086876,0.5818639798488665,0.879006285601342,0.8505478748041039
2,distilbert,SE,1,0,1,0,,WELFake_residual,McIntire,cross,2988,1590,0.7223796033994334,0.630188679245283,0.8559125170578356,0.8534306396107748
2,distilbert,SE,1,0,1,0,,WELFake_residual,WELFake_residual,in,2988,988,0.98159509202454,0.9817813765182186,0.9979807735147336,0.9977441852841384
0,distilbert,R_S,0,0,0,0,S,ISOT,ISOT,in,2990,992,0.995959595959596,0.995967741935484,0.999827375789245,0.9998333441727366
0,distilbert,R_S,0,0,0,0,S,ISOT,McIntire,cross,2990,1590,0.6802168021680217,0.5547169811320755,0.6159992287319965,0.6154107828013132
0,distilbert,R_S,0,0,0,0,S,ISOT,WELFake_residual,cross,2990,1588,0.723404255319149,0.6316120906801007,0.8451129771516241,0.8398806540235647
0,distilbert,R_S,0,0,0,0,S,McIntire,ISOT,cross,2988,1588,0.7412280701754386,0.7770780856423174,0.853796483551158,0.8094271266234796
0,distilbert,R_S,0,0,0,0,S,McIntire,McIntire,in,2988,802,0.958490566037736,0.958852867830424,0.9943701339832992,0.9936318803987536
0,distilbert,R_S,0,0,0,0,S,McIntire,WELFake_residual,cross,2988,1588,0.8678802113916618,0.8583123425692695,0.9531734202421832,0.9449960027663394
0,distilbert,R_S,0,0,0,0,S,WELFake_residual,ISOT,cross,2988,1588,0.7808015833745671,0.7210327455919395,0.9541361105517692,0.9600919046501152
0,distilbert,R_S,0,0,0,0,S,WELFake_residual,McIntire,cross,2988,1590,0.6872822299651568,0.5484276729559748,0.9198043173497752,0.9041944543332938
0,distilbert,R_S,0,0,0,0,S,WELFake_residual,WELFake_residual,in,2988,988,0.9949545913218972,0.9949392712550608,0.9985266147701852,0.9987727220574012
0,distilbert,R_SE,0,0,0,0,SE,ISOT,ISOT,in,2990,992,0.993939393939394,0.9939516129032258,0.9998585466185852,0.999857732830385
0,distilbert,R_SE,0,0,0,0,SE,ISOT,McIntire,cross,2990,1590,0.6515970515970516,0.5540880503144654,0.634241230612482,0.6268438748467229
0,distilbert,R_SE,0,0,0,0,SE,ISOT,WELFake_residual,cross,2990,1588,0.7291220556745182,0.681360201511335,0.7965334043656287,0.7841977615491501
0,distilbert,R_SE,0,0,0,0,SE,McIntire,ISOT,cross,2988,1588,0.674945215485756,0.7197732997481109,0.7923464213946708,0.7336065833803908
0,distilbert,R_SE,0,0,0,0,SE,McIntire,McIntire,in,2988,802,0.9619289340101524,0.9625935162094764,0.9912127512308176,0.9889832774671798
0,distilbert,R_SE,0,0,0,0,SE,McIntire,WELFake_residual,cross,2988,1588,0.8192371475953566,0.7940806045340051,0.9212550894963596,0.9107815860769372
0,distilbert,R_SE,0,0,0,0,SE,WELFake_residual,ISOT,cross,2988,1588,0.7439613526570048,0.6662468513853904,0.9211129723704398,0.9128999612966264
0,distilbert,R_SE,0,0,0,0,SE,WELFake_residual,McIntire,cross,2988,1590,0.7069681587448085,0.60062893081761,0.9210022508283766,0.8994786598631384
0,distilbert,R_SE,0,0,0,0,SE,WELFake_residual,WELFake_residual,in,2988,988,0.9817813765182186,0.9817813765182186,0.9973434399360016,0.9975782261633528
1,distilbert,R_S,0,0,0,0,S,ISOT,ISOT,in,2988,992,1.0,1.0,1.0000000000000004,1.0
1,distilbert,R_S,0,0,0,0,S,ISOT,McIntire,cross,2988,1590,0.6774921064501579,0.550314465408805,0.6601254616377281,0.6681784739527709
1,distilbert,R_S,0,0,0,0,S,ISOT,WELFake_residual,cross,2988,1588,0.7371031746031746,0.6662468513853904,0.84940246446553,0.8494050149420401
1,distilbert,R_S,0,0,0,0,S,McIntire,ISOT,cross,2990,1588,0.7023319615912208,0.7267002518891688,0.810848614546152,0.7604578418745123
1,distilbert,R_S,0,0,0,0,S,McIntire,McIntire,in,2990,830,0.960193003618818,0.9602409638554216,0.9948610097544004,0.9945362171577876
1,distilbert,R_S,0,0,0,0,S,McIntire,WELFake_residual,cross,2990,1588,0.8099084544964997,0.7777078085642317,0.916041850756154,0.913611373715968
1,distilbert,R_S,0,0,0,0,S,WELFake_residual,ISOT,cross,2992,1588,0.7756504663721159,0.7122166246851386,0.9261170038318572,0.9380666713195313
1,distilbert,R_S,0,0,0,0,S,WELFake_residual,McIntire,cross,2992,1590,0.6848721283051582,0.5427672955974843,0.9496777865604163,0.9379692259008744
1,distilbert,R_S,0,0,0,0,S,WELFake_residual,WELFake_residual,in,2992,990,0.993939393939394,0.993939393939394,0.9988793311906324,0.9990205081114172
1,distilbert,R_SE,0,0,0,0,SE,ISOT,ISOT,in,2988,992,0.9989909182643796,0.998991935483871,0.9999919030962562,0.9999918704474506
1,distilbert,R_SE,0,0,0,0,SE,ISOT,McIntire,cross,2988,1590,0.6672905942910622,0.5528301886792453,0.6445450180691475,0.6421605158023813
1,distilbert,R_SE,0,0,0,0,SE,ISOT,WELFake_residual,cross,2988,1588,0.7969348659003831,0.7663727959697733,0.8705183910229399,0.8730894174825041
1,distilbert,R_SE,0,0,0,0,SE,McIntire,ISOT,cross,2990,1588,0.6429930247305009,0.6454659949622166,0.7741223156282828,0.7083510459428077
1,distilbert,R_SE,0,0,0,0,SE,McIntire,McIntire,in,2990,830,0.9578820697954272,0.9578313253012049,0.991707365498661,0.9926026999564525
1,distilbert,R_SE,0,0,0,0,SE,McIntire,WELFake_residual,cross,2990,1588,0.8078602620087336,0.7783375314861462,0.9143552803866466,0.9104215178067244
1,distilbert,R_SE,0,0,0,0,SE,WELFake_residual,ISOT,cross,2992,1588,0.8658057271195957,0.8494962216624685,0.9612936737118458,0.9598975946805068
1,distilbert,R_SE,0,0,0,0,SE,WELFake_residual,McIntire,cross,2992,1590,0.7112349117920148,0.6088050314465409,0.9078326503290804,0.8864143032316759
1,distilbert,R_SE,0,0,0,0,SE,WELFake_residual,WELFake_residual,in,2992,990,0.9868020304568528,0.9868686868686868,0.9986343933658316,0.998759310274462
2,distilbert,R_S,0,0,0,0,S,ISOT,ISOT,in,2992,988,0.9979757085020244,0.9979757085020244,0.9999711986287676,0.9999713157075184
2,distilbert,R_S,0,0,0,0,S,ISOT,McIntire,cross,2992,1590,0.6811791383219955,0.5578616352201258,0.6526890989177196,0.6641746766346268
2,distilbert,R_S,0,0,0,0,S,ISOT,WELFake_residual,cross,2992,1588,0.7612456747404844,0.6958438287153652,0.8334528003069527,0.8487372231281207
2,distilbert,R_S,0,0,0,0,S,McIntire,ISOT,cross,2988,1588,0.623938223938224,0.6933249370277078,0.7670129258833303,0.7306046926254213
2,distilbert,R_S,0,0,0,0,S,McIntire,McIntire,in,2988,808,0.9544303797468354,0.9554455445544554,0.9913990068316048,0.9896149887265956
2,distilbert,R_S,0,0,0,0,S,McIntire,WELFake_residual,cross,2988,1588,0.8063112078346029,0.7758186397984886,0.931162487550895,0.917612572886066
2,distilbert,R_S,0,0,0,0,S,WELFake_residual,ISOT,cross,2988,1588,0.8121402407116692,0.7739294710327456,0.940405336379737,0.9422233184653162
2,distilbert,R_S,0,0,0,0,S,WELFake_residual,McIntire,cross,2988,1590,0.6900790166812993,0.5559748427672956,0.9267707698419628,0.9163347968830348
2,distilbert,R_S,0,0,0,0,S,WELFake_residual,WELFake_residual,in,2988,988,0.997979797979798,0.9979757085020244,0.9999217733063434,0.9999221426346931
2,distilbert,R_SE,0,0,0,0,SE,ISOT,ISOT,in,2992,988,0.994934143870314,0.9949392712550608,0.9999218137048824,0.9999221426346931
2,distilbert,R_SE,0,0,0,0,SE,ISOT,McIntire,cross,2992,1590,0.6893787575150301,0.610062893081761,0.6562301516321148,0.6692828606463351
2,distilbert,R_SE,0,0,0,0,SE,ISOT,WELFake_residual,cross,2992,1588,0.8327444051825678,0.8211586901763224,0.895315735204136,0.8947347549949559
2,distilbert,R_SE,0,0,0,0,SE,McIntire,ISOT,cross,2988,1588,0.6021798365122616,0.6322418136020151,0.7104145816426239,0.6665545749290966
2,distilbert,R_SE,0,0,0,0,SE,McIntire,McIntire,in,2988,808,0.9529860228716646,0.9542079207920792,0.9912043740224684,0.9902491177335556
2,distilbert,R_SE,0,0,0,0,SE,McIntire,WELFake_residual,cross,2988,1588,0.8193979933110368,0.7959697732997482,0.9187937642459516,0.9102660698310374
2,distilbert,R_SE,0,0,0,0,SE,WELFake_residual,ISOT,cross,2988,1588,0.7897489539748954,0.7468513853904282,0.92399733736591,0.9152871980661004
2,distilbert,R_SE,0,0,0,0,SE,WELFake_residual,McIntire,cross,2988,1590,0.7132352941176471,0.6075471698113207,0.8786426695716371,0.873225742652585
2,distilbert,R_SE,0,0,0,0,SE,WELFake_residual,WELFake_residual,in,2988,988,0.9837728194726166,0.9838056680161944,0.9971885922346002,0.996844727827042
3,distilbert,C0,0,0,0,0,,ISOT,ISOT,in,2990,990,0.997979797979798,0.997979797979798,0.9999836585452196,0.9999836751351904
3,distilbert,C0,0,0,0,0,,ISOT,McIntire,cross,2990,1590,0.6708185053380783,0.5345911949685535,0.6170726813341064,0.6378727107313793
3,distilbert,C0,0,0,0,0,,ISOT,WELFake_residual,cross,2990,1588,0.7077625570776256,0.5969773299748111,0.8191355918165903,0.8198405547906528
3,distilbert,C0,0,0,0,0,,McIntire,ISOT,cross,2992,1588,0.6772633033863165,0.7059193954659949,0.8017024214118073,0.7495392077863574
3,distilbert,C0,0,0,0,0,,McIntire,McIntire,in,2992,814,0.9523809523809524,0.9533169533169532,0.99294304095223,0.9924418499357074
3,distilbert,C0,0,0,0,0,,McIntire,WELFake_residual,cross,2992,1588,0.8414496036240091,0.8236775818639799,0.9331827459996708,0.9284344485403752
3,distilbert,C0,0,0,0,0,,WELFake_residual,ISOT,cross,2994,1588,0.6689390711546656,0.510705289672544,0.8409972692223227,0.8481241553464587
3,distilbert,C0,0,0,0,0,,WELFake_residual,McIntire,cross,2994,1590,0.6669480793583791,0.5037735849056604,0.9367699869731844,0.920350460820379
3,distilbert,C0,0,0,0,0,,WELFake_residual,WELFake_residual,in,2994,992,0.9969849246231156,0.9969758064516128,0.999701783766366,0.9997114008844952
3,distilbert,S,1,0,0,0,,ISOT,ISOT,in,2990,990,0.9929078014184396,0.9929292929292928,0.9996021396054532,0.999571472298745
3,distilbert,S,1,0,0,0,,ISOT,McIntire,cross,2990,1590,0.6465256797583081,0.6320754716981132,0.7329361741960039,0.7086491831810451
3,distilbert,S,1,0,0,0,,ISOT,WELFake_residual,cross,2990,1588,0.7383419689119171,0.7455919395465995,0.8236404315275154,0.810917365125088
3,distilbert,S,1,0,0,0,,McIntire,ISOT,cross,2992,1588,0.7650727650727651,0.7865239294710328,0.8783496058344769,0.851517838448312
3,distilbert,S,1,0,0,0,,McIntire,McIntire,in,2992,814,0.9316455696202532,0.9336609336609336,0.9892879660410286,0.98822208404518
3,distilbert,S,1,0,0,0,,McIntire,WELFake_residual,cross,2992,1588,0.8559573206876111,0.8469773299748111,0.942878194294288,0.9332239910157416
3,distilbert,S,1,0,0,0,,WELFake_residual,ISOT,cross,2994,1588,0.6786478391099701,0.5270780856423174,0.9067054079302606,0.9010763979214385
3,distilbert,S,1,0,0,0,,WELFake_residual,McIntire,cross,2994,1590,0.6749146757679181,0.5207547169811321,0.915844837946524,0.9000893951979747
3,distilbert,S,1,0,0,0,,WELFake_residual,WELFake_residual,in,2994,992,0.995967741935484,0.995967741935484,0.9989300982299352,0.99907729578564
3,distilbert,R_E,0,0,0,0,E,ISOT,ISOT,in,2990,990,0.9969727547931384,0.996969696969697,0.9998972823890172,0.9998979695949392
3,distilbert,R_E,0,0,0,0,E,ISOT,McIntire,cross,2990,1590,0.655688622754491,0.5660377358490566,0.6165744386842346,0.6179541948498872
3,distilbert,R_E,0,0,0,0,E,ISOT,WELFake_residual,cross,2990,1588,0.8076235854675402,0.7965994962216625,0.8597520497845078,0.8648403644461928
3,distilbert,R_E,0,0,0,0,E,McIntire,ISOT,cross,2992,1588,0.6588061901252763,0.7084382871536524,0.7996416003629933,0.7476429011033634
3,distilbert,R_E,0,0,0,0,E,McIntire,McIntire,in,2992,814,0.9565217391304348,0.957002457002457,0.992554996096624,0.9919558826192733
3,distilbert,R_E,0,0,0,0,E,McIntire,WELFake_residual,cross,2992,1588,0.848381601362862,0.8318639798488665,0.9333996040868704,0.9274311746156628
3,distilbert,R_E,0,0,0,0,E,WELFake_residual,ISOT,cross,2994,1588,0.7357512953367875,0.6467254408060453,0.9083035447227944,0.9147169577879436
3,distilbert,R_E,0,0,0,0,E,WELFake_residual,McIntire,cross,2994,1590,0.6953818827708703,0.5685534591194968,0.921428219784303,0.9057782524425458
3,distilbert,R_E,0,0,0,0,E,WELFake_residual,WELFake_residual,in,2994,992,0.9899598393574296,0.9899193548387096,0.99933865314918,0.9993577653485952
3,distilbert,R_S,0,0,0,0,S,ISOT,ISOT,in,2990,990,0.9959514170040484,0.995959595959596,0.9999505736491356,0.9999510254055708
3,distilbert,R_S,0,0,0,0,S,ISOT,McIntire,cross,2990,1590,0.6645101663585952,0.5433962264150943,0.6979873430164644,0.6744179423282306
3,distilbert,R_S,0,0,0,0,S,ISOT,WELFake_residual,cross,2990,1588,0.7258536585365853,0.646095717884131,0.8254015019433395,0.8125432240544639
3,distilbert,R_S,0,0,0,0,S,McIntire,ISOT,cross,2992,1588,0.6616654163540885,0.7159949622166247,0.804321249641537,0.7355314417323883
3,distilbert,R_S,0,0,0,0,S,McIntire,McIntire,in,2992,814,0.959493670886076,0.9606879606879608,0.9952238278580432,0.9945668250336556
3,distilbert,R_S,0,0,0,0,S,McIntire,WELFake_residual,cross,2992,1588,0.8537313432835821,0.8457178841309824,0.941847833734303,0.9323452340919618
3,distilbert,R_S,0,0,0,0,S,WELFake_residual,ISOT,cross,2994,1588,0.6663844199830652,0.5037783375314862,0.9375329563139352,0.9210133939051705
3,distilbert,R_S,0,0,0,0,S,WELFake_residual,McIntire,cross,2994,1590,0.6680707666385847,0.5044025157232704,0.942412228250412,0.9293065938847356
3,distilbert,R_S,0,0,0,0,S,WELFake_residual,WELFake_residual,in,2994,992,0.9949748743718592,0.9949596774193548,0.9990650868564592,0.9991321702653486
3,distilbert,R_SE,0,0,0,0,SE,ISOT,ISOT,in,2990,990,0.9969604863221884,0.996969696969697,0.9999757167635956,0.9999755127027854
3,distilbert,R_SE,0,0,0,0,SE,ISOT,McIntire,cross,2990,1590,0.6732263076126359,0.6031446540880503,0.6721838726670717,0.6796020727028202
3,distilbert,R_SE,0,0,0,0,SE,ISOT,WELFake_residual,cross,2990,1588,0.7698412698412699,0.7443324937027708,0.827782100561632,0.8275820226002322
3,distilbert,R_SE,0,0,0,0,SE,McIntire,ISOT,cross,2992,1588,0.611353711790393,0.663727959697733,0.7509356360559967,0.6939372117074531
3,distilbert,R_SE,0,0,0,0,SE,McIntire,McIntire,in,2992,814,0.9521410579345088,0.9533169533169532,0.9920653502826126,0.991005077000163
3,distilbert,R_SE,0,0,0,0,SE,McIntire,WELFake_residual,cross,2992,1588,0.8386721025043681,0.825566750629723,0.9353977772045106,0.9231048036596894
3,distilbert,R_SE,0,0,0,0,SE,WELFake_residual,ISOT,cross,2994,1588,0.8212927756653993,0.7928211586901763,0.9466744054693442,0.9390382211675729
3,distilbert,R_SE,0,0,0,0,SE,WELFake_residual,McIntire,cross,2994,1590,0.7415516420752023,0.6584905660377358,0.9153394700429952,0.905368458526166
3,distilbert,R_SE,0,0,0,0,SE,WELFake_residual,WELFake_residual,in,2994,992,0.9858870967741936,0.9858870967741936,0.9969311776540232,0.997528616024974
3,distilbert,SLE,1,1,1,0,,ISOT,ISOT,in,2990,990,0.9785495403472932,0.9787878787878788,0.9984808725110048,0.9980532598714416
3,distilbert,SLE,1,1,1,0,,ISOT,McIntire,cross,2990,1590,0.6597267404033832,0.6710691823899371,0.7231093492193872,0.7393955935287368
3,distilbert,SLE,1,1,1,0,,ISOT,WELFake_residual,cross,2990,1588,0.7196064652143359,0.7487405541561712,0.814296147439977,0.8086554384584637
3,distilbert,SLE,1,1,1,0,,McIntire,ISOT,cross,2992,1588,0.7565745111260958,0.7726700251889169,0.8710745932398806,0.8654320184761022
3,distilbert,SLE,1,1,1,0,,McIntire,McIntire,in,2992,814,0.9271356783919598,0.9287469287469288,0.9816505907229816,0.9806307312449818
3,distilbert,SLE,1,1,1,0,,McIntire,WELFake_residual,cross,2992,1588,0.8218554354012522,0.802896725440806,0.9192185419146296,0.9054463894828342
3,distilbert,SLE,1,1,1,0,,WELFake_residual,ISOT,cross,2994,1588,0.7128532360984503,0.6032745591939547,0.8897572243856399,0.8849256704883603
3,distilbert,SLE,1,1,1,0,,WELFake_residual,McIntire,cross,2994,1590,0.7140221402214022,0.610062893081761,0.8861903598939528,0.8692504252205212
3,distilbert,SLE,1,1,1,0,,WELFake_residual,WELFake_residual,in,2994,992,0.972644376899696,0.972782258064516,0.997110548159916,0.9972115634755464
4,distilbert,C0,0,0,0,0,,ISOT,ISOT,in,2994,988,0.9969604863221884,0.9969635627530364,0.9998032334700878,0.9998115032208362
4,distilbert,C0,0,0,0,0,,ISOT,McIntire,cross,2994,1590,0.6649328131772865,0.5138364779874214,0.5841517989156461,0.5847577231913295
4,distilbert,C0,0,0,0,0,,ISOT,WELFake_residual,cross,2994,1588,0.6941334527541424,0.5698992443324937,0.8172630042467641,0.8063165809059127
4,distilbert,C0,0,0,0,0,,McIntire,ISOT,cross,2988,1588,0.6303448275862069,0.6624685138539043,0.76237478620064,0.6852503664130856
4,distilbert,C0,0,0,0,0,,McIntire,McIntire,in,2988,836,0.9572649572649572,0.958133971291866,0.9949418970077364,0.994311027677938
4,distilbert,C0,0,0,0,0,,McIntire,WELFake_residual,cross,2988,1588,0.8555045871559633,0.8413098236775819,0.9433979534019112,0.937871568248006
4,distilbert,C0,0,0,0,0,,WELFake_residual,ISOT,cross,2992,1588,0.6766852726492056,0.5258186397984886,0.9395159914855594,0.9390834279768286
4,distilbert,C0,0,0,0,0,,WELFake_residual,McIntire,cross,2992,1590,0.672311600338696,0.5132075471698113,0.6957911490544688,0.729127803488786
4,distilbert,C0,0,0,0,0,,WELFake_residual,WELFake_residual,in,2992,988,0.9939516129032258,0.9939271255060728,0.9870492688179406,0.9949597600354044
4,distilbert,S,1,0,0,0,,ISOT,ISOT,in,2994,988,0.9928644240570846,0.992914979757085,0.9998792374348928,0.9998770673179368
4,distilbert,S,1,0,0,0,,ISOT,McIntire,cross,2994,1590,0.6693973083674664,0.6446540880503144,0.6963581782807655,0.6976053162454017
4,distilbert,S,1,0,0,0,,ISOT,WELFake_residual,cross,2994,1588,0.7297633872976339,0.7267002518891688,0.7889044220098678,0.7854143798894734
4,distilbert,S,1,0,0,0,,McIntire,ISOT,cross,2988,1588,0.7310549777117384,0.7720403022670025,0.8645549576504603,0.8395721373779416
4,distilbert,S,1,0,0,0,,McIntire,McIntire,in,2988,836,0.9391304347826088,0.9413875598086124,0.9901709598515044,0.9893718092534513
4,distilbert,S,1,0,0,0,,McIntire,WELFake_residual,cross,2988,1588,0.8443627450980392,0.8400503778337531,0.9361263315034558,0.9183644335031628
4,distilbert,S,1,0,0,0,,WELFake_residual,ISOT,cross,2992,1588,0.6839378238341969,0.5390428211586902,0.8648834080889102,0.87005183714128
4,distilbert,S,1,0,0,0,,WELFake_residual,McIntire,cross,2992,1590,0.6745964316057774,0.5182389937106918,0.9014882226016888,0.8794936909141252
4,distilbert,S,1,0,0,0,,WELFake_residual,WELFake_residual,in,2992,988,0.9929506545820744,0.992914979757085,0.9987897624103556,0.9988772148371552
4,distilbert,R_E,0,0,0,0,E,ISOT,ISOT,in,2994,988,1.0,1.0,1.0,1.0
4,distilbert,R_E,0,0,0,0,E,ISOT,McIntire,cross,2994,1590,0.6745778183477864,0.5515723270440251,0.6555948549350632,0.6542945294885487
4,distilbert,R_E,0,0,0,0,E,ISOT,WELFake_residual,cross,2994,1588,0.7865757734661772,0.7437027707808564,0.8772653977752599,0.8813511601494839
4,distilbert,R_E,0,0,0,0,E,McIntire,ISOT,cross,2988,1588,0.6657122405153901,0.7059193954659949,0.78737430528466,0.7428755654816667
4,distilbert,R_E,0,0,0,0,E,McIntire,McIntire,in,2988,836,0.9530864197530864,0.9545454545454546,0.9919684976162132,0.9906109063437192
4,distilbert,R_E,0,0,0,0,E,McIntire,WELFake_residual,cross,2988,1588,0.8420434527304757,0.8306045340050378,0.926657541847694,0.9154267840034516
4,distilbert,R_E,0,0,0,0,E,WELFake_residual,ISOT,cross,2992,1588,0.8002054442732409,0.7550377833753149,0.9628554607296842,0.9598278017118312
4,distilbert,R_E,0,0,0,0,E,WELFake_residual,McIntire,cross,2992,1590,0.6905710491367862,0.560377358490566,0.910438416895142,0.8916522289466398
4,distilbert,R_E,0,0,0,0,E,WELFake_residual,WELFake_residual,in,2992,988,0.9879275653923542,0.9878542510121456,0.998503183203607,0.9985780786441344
4,distilbert,R_S,0,0,0,0,S,ISOT,ISOT,in,2994,988,0.9979757085020244,0.9979757085020244,0.9999877066982102,0.9999877067317936
4,distilbert,R_S,0,0,0,0,S,ISOT,McIntire,cross,2994,1590,0.6764574988874055,0.5427672955974843,0.617638085949957,0.6259997626676159
4,distilbert,R_S,0,0,0,0,S,ISOT,WELFake_residual,cross,2994,1588,0.7159353348729792,0.6127204030226701,0.8460473806211185,0.8366693843625681
4,distilbert,R_S,0,0,0,0,S,McIntire,ISOT,cross,2988,1588,0.6123260437375746,0.6316120906801007,0.7391663974903262,0.671676427107589
4,distilbert,R_S,0,0,0,0,S,McIntire,McIntire,in,2988,836,0.9564164648910412,0.9569377990430622,0.9946063598006304,0.9943940157047686
4,distilbert,R_S,0,0,0,0,S,McIntire,WELFake_residual,cross,2988,1588,0.8141304347826087,0.7846347607052897,0.922113923992353,0.9197214308827542
4,distilbert,R_S,0,0,0,0,S,WELFake_residual,ISOT,cross,2992,1588,0.6780253385757973,0.5358942065491183,0.9367492242931938,0.9321881999124416
4,distilbert,R_S,0,0,0,0,S,WELFake_residual,McIntire,cross,2992,1590,0.670076726342711,0.5132075471698113,0.8967812148911269,0.8778972350777263
4,distilbert,R_S,0,0,0,0,S,WELFake_residual,WELFake_residual,in,2992,988,0.9909182643794148,0.9908906882591092,0.9986028661800846,0.9987174023504728
4,distilbert,R_SE,0,0,0,0,SE,ISOT,ISOT,in,2994,988,0.9979716024340772,0.9979757085020244,0.9999797165180564,0.999979511219656
4,distilbert,R_SE,0,0,0,0,SE,ISOT,McIntire,cross,2994,1590,0.6637889688249401,0.5591194968553459,0.5936011150350756,0.5963387524227681
4,distilbert,R_SE,0,0,0,0,SE,ISOT,WELFake_residual,cross,2994,1588,0.7675070028011205,0.7386649874055415,0.8503482715477746,0.8352188009567982
4,distilbert,R_SE,0,0,0,0,SE,McIntire,ISOT,cross,2988,1588,0.6097902097902098,0.6486146095717884,0.7452135642701896,0.6670899187229156
4,distilbert,R_SE,0,0,0,0,SE,McIntire,McIntire,in,2988,836,0.9534313725490196,0.9545454545454546,0.9940160414955106,0.993787344612074
4,distilbert,R_SE,0,0,0,0,SE,McIntire,WELFake_residual,cross,2988,1588,0.8369942196531792,0.8224181360201511,0.9226626927881628,0.9157392661586584
4,distilbert,R_SE,0,0,0,0,SE,WELFake_residual,ISOT,cross,2992,1588,0.8839127872716559,0.8759445843828715,0.9628266688491396,0.9536971238952092
4,distilbert,R_SE,0,0,0,0,SE,WELFake_residual,McIntire,cross,2992,1590,0.753763963088878,0.6811320754716981,0.9180082092555076,0.9085890589770976
4,distilbert,R_SE,0,0,0,0,SE,WELFake_residual,WELFake_residual,in,2992,988,0.9807497467071936,0.9807692307692308,0.9965796166716532,0.9969307807044864
4,distilbert,SLE,1,1,1,0,,ISOT,ISOT,in,2994,988,0.982635342185904,0.9827935222672064,0.9991629442504684,0.9991066891770066
4,distilbert,SLE,1,1,1,0,,ISOT,McIntire,cross,2994,1590,0.6632522407170295,0.6691823899371069,0.6771212860940401,0.7192492385586012
4,distilbert,SLE,1,1,1,0,,ISOT,WELFake_residual,cross,2994,1588,0.6920551543007223,0.7046599496221663,0.7574383097381755,0.762235183269991
4,distilbert,SLE,1,1,1,0,,McIntire,ISOT,cross,2988,1588,0.7189728958630528,0.7518891687657431,0.8673981262708079,0.8541755229714039
4,distilbert,SLE,1,1,1,0,,McIntire,McIntire,in,2988,836,0.9493201483312732,0.9509569377990432,0.9942289725341776,0.9942995810535472
4,distilbert,SLE,1,1,1,0,,McIntire,WELFake_residual,cross,2988,1588,0.7916666666666666,0.7670025188916877,0.9021027792781734,0.8869687010259566
4,distilbert,SLE,1,1,1,0,,WELFake_residual,ISOT,cross,2992,1588,0.7046918123275069,0.5957178841309824,0.8764381146635238,0.8605925105799797
4,distilbert,SLE,1,1,1,0,,WELFake_residual,McIntire,cross,2992,1590,0.7140204271123491,0.6125786163522012,0.8794573236115433,0.8684537795182155
4,distilbert,SLE,1,1,1,0,,WELFake_residual,WELFake_residual,in,2992,988,0.9684638860630722,0.9686234817813764,0.9952239417062656,0.9953818289104888
3,distilbert,L,0,1,0,0,,ISOT,ISOT,in,2990,990,0.9989909182643796,0.998989898989899,1.0,1.0
3,distilbert,L,0,1,0,0,,ISOT,McIntire,cross,2990,1590,0.673403766651355,0.5528301886792453,0.6831019199023387,0.6906324908033701
3,distilbert,L,0,1,0,0,,ISOT,WELFake_residual,cross,2990,1588,0.7443267776096822,0.6807304785894207,0.8429395183800754,0.8395404133012709
3,distilbert,L,0,1,0,0,,McIntire,ISOT,cross,2992,1588,0.6698950766747377,0.7424433249370277,0.8562288910497624,0.8301032935936399
3,distilbert,L,0,1,0,0,,McIntire,McIntire,in,2992,814,0.9622166246851386,0.9631449631449632,0.99501263843251,0.9944400509511075
3,distilbert,L,0,1,0,0,,McIntire,WELFake_residual,cross,2992,1588,0.8700834326579261,0.8627204030226701,0.9515936490284184,0.9427467657303834
3,distilbert,L,0,1,0,0,,WELFake_residual,ISOT,cross,2994,1588,0.6752027315407597,0.5207808564231738,0.9221711278261506,0.9255626264997556
3,distilbert,L,0,1,0,0,,WELFake_residual,McIntire,cross,2994,1590,0.6675094816687737,0.5037735849056604,0.8828707449347527,0.8674822989596931
3,distilbert,L,0,1,0,0,,WELFake_residual,WELFake_residual,in,2994,992,0.9969849246231156,0.9969758064516128,0.999048543108212,0.9992236277315296
3,distilbert,E,0,0,1,0,,ISOT,ISOT,in,2990,990,0.9979757085020244,0.997979797979798,1.0,1.0
3,distilbert,E,0,0,1,0,,ISOT,McIntire,cross,2990,1590,0.6633809758501725,0.570440251572327,0.6231677882695359,0.6322416043669159
3,distilbert,E,0,0,1,0,,ISOT,WELFake_residual,cross,2990,1588,0.7245934959349594,0.6586901763224181,0.7878804013730617,0.7835363145505649
3,distilbert,E,0,0,1,0,,McIntire,ISOT,cross,2992,1588,0.6798469387755102,0.6838790931989924,0.7779566942931202,0.7578065021667544
3,distilbert,E,0,0,1,0,,McIntire,McIntire,in,2992,814,0.951310861423221,0.952088452088452,0.989411743290522,0.9884816690713496
3,distilbert,E,0,0,1,0,,McIntire,WELFake_residual,cross,2992,1588,0.8002183406113537,0.7695214105793451,0.9068850459579992,0.8943802384381603
3,distilbert,E,0,0,1,0,,WELFake_residual,ISOT,cross,2994,1588,0.7295238095238096,0.6423173803526449,0.8852822721947653,0.8856814966150408
3,distilbert,E,0,0,1,0,,WELFake_residual,McIntire,cross,2994,1590,0.7298930729893073,0.6345911949685534,0.9130491862985316,0.9080257901190618
3,distilbert,E,0,0,1,0,,WELFake_residual,WELFake_residual,in,2994,992,0.98,0.9798387096774194,0.9963723459222033,0.996811183012487
3,distilbert,LE,0,1,1,0,,ISOT,ISOT,in,2990,990,0.997979797979798,0.997979797979798,0.9999836585452196,0.9999836751351904
3,distilbert,LE,0,1,1,0,,ISOT,McIntire,cross,2990,1590,0.6747311827956989,0.5433962264150943,0.6684642148135869,0.6689062932637159
3,distilbert,LE,0,1,1,0,,ISOT,WELFake_residual,cross,2990,1588,0.6930063578564941,0.5743073047858942,0.7781249388157878,0.7584877767132587
3,distilbert,LE,0,1,1,0,,McIntire,ISOT,cross,2992,1588,0.7108196721311475,0.7222921914357683,0.8359201870773314,0.8138597732363
3,distilbert,LE,0,1,1,0,,McIntire,McIntire,in,2992,814,0.953922789539228,0.9545454545454546,0.9917956866071206,0.9905523124196344
3,distilbert,LE,0,1,1,0,,McIntire,WELFake_residual,cross,2992,1588,0.7928802588996764,0.7581863979848866,0.927573012282649,0.911601653458876
3,distilbert,LE,0,1,1,0,,WELFake_residual,ISOT,cross,2994,1588,0.844542447629548,0.8224181360201511,0.9532661821958922,0.9510140601107804
3,distilbert,LE,0,1,1,0,,WELFake_residual,McIntire,cross,2994,1590,0.7358937885253675,0.6496855345911949,0.9054036937497538,0.8973624461057711
3,distilbert,LE,0,1,1,0,,WELFake_residual,WELFake_residual,in,2994,992,0.9737373737373738,0.9737903225806452,0.9970956317626396,0.9971709157127993
3,distilbert,SL,1,1,0,0,,ISOT,ISOT,in,2990,990,0.9939148073022313,0.993939393939394,0.9998339152829048,0.9998245077032956
3,distilbert,SL,1,1,0,0,,ISOT,McIntire,cross,2990,1590,0.6278026905829597,0.6345911949685534,0.7106375663852886,0.7019769787587516
3,distilbert,SL,1,1,0,0,,ISOT,WELFake_residual,cross,2990,1588,0.6888426888426888,0.7172544080604534,0.8101719973694362,0.784407140455177
3,distilbert,SL,1,1,0,0,,McIntire,ISOT,cross,2992,1588,0.7825475017593244,0.8054156171284634,0.8949668049080508,0.8723383499673242
3,distilbert,SL,1,1,0,0,,McIntire,McIntire,in,2992,814,0.931297709923664,0.9336609336609336,0.9866197672948704,0.9838634703499568
3,distilbert,SL,1,1,0,0,,McIntire,WELFake_residual,cross,2992,1588,0.844574780058651,0.8331234256926953,0.9454358942894848,0.9333334390802556
3,distilbert,SL,1,1,0,0,,WELFake_residual,ISOT,cross,2994,1588,0.7022900763358778,0.5824937027707808,0.8641049444270068,0.8620462663934166
3,distilbert,SL,1,1,0,0,,WELFake_residual,McIntire,cross,2994,1590,0.7042505592841163,0.5842767295597484,0.8938770869261371,0.8815268383370911
3,distilbert,SL,1,1,0,0,,WELFake_residual,WELFake_residual,in,2994,992,0.9919028340080972,0.9919354838709676,0.9992322767849596,0.9993374414672216
3,distilbert,SE,1,0,1,0,,ISOT,ISOT,in,2990,990,0.9807106598984772,0.9808080808080808,0.9981764970290432,0.9974329150086726
3,distilbert,SE,1,0,1,0,,ISOT,McIntire,cross,2990,1590,0.6607142857142857,0.6415094339622641,0.6928400948385005,0.7003512519283256
3,distilbert,SE,1,0,1,0,,ISOT,WELFake_residual,cross,2990,1588,0.7670886075949367,0.7682619647355163,0.8374638964190753,0.8316553940447564
3,distilbert,SE,1,0,1,0,,McIntire,ISOT,cross,2992,1588,0.7528314457028648,0.7663727959697733,0.8692008525373967,0.8566547595632228
3,distilbert,SE,1,0,1,0,,McIntire,McIntire,in,2992,814,0.9335038363171356,0.936117936117936,0.987642150833469,0.9863325465291066
3,distilbert,SE,1,0,1,0,,McIntire,WELFake_residual,cross,2992,1588,0.8306784660766962,0.8192695214105793,0.9209545035648684,0.9112439644944132
3,distilbert,SE,1,0,1,0,,WELFake_residual,ISOT,cross,2994,1588,0.7195178488641631,0.6190176322418136,0.8856189481788209,0.878898889022835
3,distilbert,SE,1,0,1,0,,WELFake_residual,McIntire,cross,2994,1590,0.7202241943017281,0.6232704402515723,0.8954866442962137,0.877833946441992
3,distilbert,SE,1,0,1,0,,WELFake_residual,WELFake_residual,in,2994,992,0.9757575757575756,0.9758064516129032,0.997648845081452,0.9976993366285118
4,distilbert,L,0,1,0,0,,ISOT,ISOT,in,2994,988,0.9969666329625884,0.9969635627530364,0.999878858289364,0.9998811650740054
4,distilbert,L,0,1,0,0,,ISOT,McIntire,cross,2994,1590,0.6797385620915033,0.5377358490566038,0.6797921043974356,0.6819564099521379
4,distilbert,L,0,1,0,0,,ISOT,WELFake_residual,cross,2994,1588,0.6829268292682927,0.5415617128463476,0.8165299033262822,0.8019291411023484
4,distilbert,L,0,1,0,0,,McIntire,ISOT,cross,2988,1588,0.6764705882352942,0.7367758186397985,0.8201420006735345,0.7596655330596602
4,distilbert,L,0,1,0,0,,McIntire,McIntire,in,2988,836,0.9617755856966708,0.9629186602870812,0.9960015143534522,0.9954413818364964
4,distilbert,L,0,1,0,0,,McIntire,WELFake_residual,cross,2988,1588,0.8318077803203662,0.8148614609571788,0.933354573342976,0.9211751866961913
4,distilbert,L,0,1,0,0,,WELFake_residual,ISOT,cross,2992,1588,0.6938954765041722,0.5610831234256927,0.751667380319296,0.8095222988534918
4,distilbert,L,0,1,0,0,,WELFake_residual,McIntire,cross,2992,1590,0.6683587140439933,0.5069182389937107,0.8525196971269904,0.8243597958941498
4,distilbert,L,0,1,0,0,,WELFake_residual,WELFake_residual,in,2992,988,0.993963782696177,0.9939271255060728,0.9969857937503114,0.9976724745529348
4,distilbert,E,0,0,1,0,,ISOT,ISOT,in,2994,988,0.9969666329625884,0.9969635627530364,0.9997577948576314,0.9997705256601486
4,distilbert,E,0,0,1,0,,ISOT,McIntire,cross,2994,1590,0.666371289322109,0.5264150943396226,0.6208578486172772,0.6164582097227167
4,distilbert,E,0,0,1,0,,ISOT,WELFake_residual,cross,2994,1588,0.6758682101513802,0.5415617128463476,0.7215898041419891,0.6924747317729316
4,distilbert,E,0,0,1,0,,McIntire,ISOT,cross,2988,1588,0.7002039428959891,0.7222921914357683,0.8263705385833376,0.7892323725167979
4,distilbert,E,0,0,1,0,,McIntire,McIntire,in,2988,836,0.9511002444987776,0.9521531100478468,0.9930776490048724,0.9923965797486322
4,distilbert,E,0,0,1,0,,McIntire,WELFake_residual,cross,2988,1588,0.8457598178713717,0.8293450881612091,0.9238888110488148,0.9254103509317362
4,distilbert,E,0,0,1,0,,WELFake_residual,ISOT,cross,2992,1588,0.7932960893854749,0.7437027707808564,0.9499041228785016,0.9502740960224352
4,distilbert,E,0,0,1,0,,WELFake_residual,McIntire,cross,2992,1590,0.7307146237576905,0.6421383647798742,0.9132868730799252,0.9020980182745936
4,distilbert,E,0,0,1,0,,WELFake_residual,WELFake_residual,in,2992,988,0.9736842105263158,0.9736842105263158,0.9955615732764416,0.99557852120179
4,distilbert,LE,0,1,1,0,,ISOT,ISOT,in,2994,988,0.997979797979798,0.9979757085020244,0.9994733234922972,0.9995328558081596
4,distilbert,LE,0,1,1,0,,ISOT,McIntire,cross,2994,1590,0.6712983065566652,0.5238993710691824,0.6558341902874749,0.6751299394802421
4,distilbert,LE,0,1,1,0,,ISOT,WELFake_residual,cross,2994,1588,0.6666666666666666,0.5138539042821159,0.7576341426946324,0.7376315756079921
4,distilbert,LE,0,1,1,0,,McIntire,ISOT,cross,2988,1588,0.6700215672178289,0.7109571788413098,0.8159216930633086,0.7876636169254293
4,distilbert,LE,0,1,1,0,,McIntire,McIntire,in,2988,836,0.9572649572649572,0.958133971291866,0.9956998574239916,0.9954699983974726
4,distilbert,LE,0,1,1,0,,McIntire,WELFake_residual,cross,2988,1588,0.8101123595505618,0.7871536523929471,0.9150371816762188,0.9014245696629
4,distilbert,LE,0,1,1,0,,WELFake_residual,ISOT,cross,2992,1588,0.8719441210710128,0.8614609571788413,0.964005968889446,0.9594399748745313
4,distilbert,LE,0,1,1,0,,WELFake_residual,McIntire,cross,2992,1590,0.7636181909045477,0.7025157232704402,0.9205446012938826,0.9098326806692772
4,distilbert,LE,0,1,1,0,,WELFake_residual,WELFake_residual,in,2992,988,0.9714867617107944,0.97165991902834,0.9938240403511532,0.995035568522677
4,distilbert,SL,1,1,0,0,,ISOT,ISOT,in,2994,988,0.98159509202454,0.9817813765182186,0.9991859148196166,0.9991353734694882
4,distilbert,SL,1,1,0,0,,ISOT,McIntire,cross,2994,1590,0.6815217391304348,0.6314465408805031,0.7154289522386911,0.7099228669751987
4,distilbert,SL,1,1,0,0,,ISOT,WELFake_residual,cross,2994,1588,0.7389048991354467,0.714735516372796,0.8205216786537315,0.8020481063898636
4,distilbert,SL,1,1,0,0,,McIntire,ISOT,cross,2988,1588,0.7613554434030281,0.7915617128463476,0.8783284421284125,0.8694427348692016
4,distilbert,SL,1,1,0,0,,McIntire,McIntire,in,2988,836,0.9538834951456312,0.9545454545454546,0.9916520363456676,0.9910859412559236
4,distilbert,SL,1,1,0,0,,McIntire,WELFake_residual,cross,2988,1588,0.8256672345258376,0.8066750629722922,0.9445295728968776,0.9258695569415452
4,distilbert,SL,1,1,0,0,,WELFake_residual,ISOT,cross,2992,1588,0.6845058264997842,0.5396725440806045,0.762859478931599,0.7838281760559358
4,distilbert,SL,1,1,0,0,,WELFake_residual,McIntire,cross,2992,1590,0.6775021385799829,0.5257861635220126,0.8965876874799652,0.8783537043629602
4,distilbert,SL,1,1,0,0,,WELFake_residual,WELFake_residual,in,2992,988,0.9898785425101214,0.9898785425101214,0.9980649402329748,0.9983301644019734
4,distilbert,SE,1,0,1,0,,ISOT,ISOT,in,2994,988,0.98685540950455,0.986842105263158,0.9993812511568064,0.9993730433214773
4,distilbert,SE,1,0,1,0,,ISOT,McIntire,cross,2994,1590,0.66270783847981,0.6427672955974842,0.6713060127345493,0.6849349313713856
4,distilbert,SE,1,0,1,0,,ISOT,WELFake_residual,cross,2994,1588,0.7240319606637984,0.7172544080604534,0.7829582612193371,0.7755458127391202
4,distilbert,SE,1,0,1,0,,McIntire,ISOT,cross,2988,1588,0.7046413502109705,0.7355163727959698,0.8289891477703213,0.8170456636359599
4,distilbert,SE,1,0,1,0,,McIntire,McIntire,in,2988,836,0.9297163995067818,0.9318181818181818,0.9894861144454554,0.9890799203314944
4,distilbert,SE,1,0,1,0,,McIntire,WELFake_residual,cross,2988,1588,0.8189806678383128,0.8054156171284634,0.913712354705744,0.9027569808830712
4,distilbert,SE,1,0,1,0,,WELFake_residual,ISOT,cross,2992,1588,0.7022141888838681,0.5850125944584383,0.8794894157268733,0.8689668737191404
4,distilbert,SE,1,0,1,0,,WELFake_residual,McIntire,cross,2992,1590,0.7183294663573085,0.6182389937106918,0.8719922270226811,0.8637941537122741
4,distilbert,SE,1,0,1,0,,WELFake_residual,WELFake_residual,in,2992,988,0.980788675429727,0.9807692307692308,0.9967526218698314,0.997088544313134
5,distilbert,C0,0,0,0,0,,ISOT,ISOT,in,2992,990,1.0,1.0,1.0,1.0
5,distilbert,C0,0,0,0,0,,ISOT,McIntire,cross,2992,1590,0.671837130392632,0.5742138364779874,0.710508857082883,0.6837411494798464
5,distilbert,C0,0,0,0,0,,ISOT,WELFake_residual,cross,2992,1588,0.750132625994695,0.7034005037783375,0.8345513138462153,0.8214632413123615
5,distilbert,C0,0,0,0,0,,McIntire,ISOT,cross,2990,1588,0.7026239067055393,0.743073047858942,0.822848070759406,0.7854706901255639
5,distilbert,C0,0,0,0,0,,McIntire,McIntire,in,2990,820,0.9564134495641345,0.9573170731707317,0.9910982292839701,0.9888488994646044
5,distilbert,C0,0,0,0,0,,McIntire,WELFake_residual,cross,2990,1588,0.8525345622119815,0.8387909319899244,0.9416929090709114,0.9341178168759399
5,distilbert,C0,0,0,0,0,,WELFake_residual,ISOT,cross,2994,1588,0.7037366548042705,0.5806045340050378,0.8554394226537666,0.8710955592637476
5,distilbert,C0,0,0,0,0,,WELFake_residual,McIntire,cross,2994,1590,0.6717687074829932,0.5144654088050314,0.8913668940929279,0.8810600846485503
5,distilbert,C0,0,0,0,0,,WELFake_residual,WELFake_residual,in,2994,992,0.9969788519637462,0.9969758064516129,0.9994711584646135,0.9995325507284079
5,distilbert,S,1,0,0,0,,ISOT,ISOT,in,2992,990,0.9939024390243902,0.9939393939393939,0.9998876247255126,0.999885725946332
5,distilbert,S,1,0,0,0,,ISOT,McIntire,cross,2992,1590,0.6802469135802469,0.6742138364779874,0.7485555480232222,0.7310509869071634
5,distilbert,S,1,0,0,0,,ISOT,WELFake_residual,cross,2992,1588,0.7609692206941716,0.7701511335012594,0.837225829313132,0.8202093471819504
5,distilbert,S,1,0,0,0,,McIntire,ISOT,cross,2990,1588,0.7509293680297398,0.7890428211586902,0.883716709479192,0.8606075795163982
5,distilbert,S,1,0,0,0,,McIntire,McIntire,in,2990,820,0.9338422391857506,0.9365853658536586,0.9895179832528199,0.9877602617489589
5,distilbert,S,1,0,0,0,,McIntire,WELFake_residual,cross,2990,1588,0.8520071899340923,0.8444584382871536,0.9449749290168664,0.9330265086384661
5,distilbert,S,1,0,0,0,,WELFake_residual,ISOT,cross,2994,1588,0.6757679180887372,0.5214105793450882,0.9331596128091166,0.9399835986523614
5,distilbert,S,1,0,0,0,,WELFake_residual,McIntire,cross,2994,1590,0.6663851351351351,0.5031446540880503,0.9252298398083493,0.9032799335469325
5,distilbert,S,1,0,0,0,,WELFake_residual,WELFake_residual,in,2994,992,0.990990990990991,0.9909274193548387,0.9986228638543637,0.998735854578564
5,distilbert,L,0,1,0,0,,ISOT,ISOT,in,2992,990,1.0,1.0,1.0,1.0
5,distilbert,L,0,1,0,0,,ISOT,McIntire,cross,2992,1590,0.6760431317393343,0.5654088050314465,0.7277050911744953,0.7169700565642181
5,distilbert,L,0,1,0,0,,ISOT,WELFake_residual,cross,2992,1588,0.6977401129943502,0.5957178841309824,0.7895036878285917,0.7731205070776416
5,distilbert,L,0,1,0,0,,McIntire,ISOT,cross,2990,1588,0.6927899686520376,0.7531486146095718,0.8372074445933203,0.8069098211396557
5,distilbert,L,0,1,0,0,,McIntire,McIntire,in,2990,820,0.9576059850374065,0.9585365853658536,0.9933998105449107,0.9926085663295657
5,distilbert,L,0,1,0,0,,McIntire,WELFake_residual,cross,2990,1588,0.859465737514518,0.8476070528967254,0.9483660488647115,0.9404634253120063
5,distilbert,L,0,1,0,0,,WELFake_residual,ISOT,cross,2994,1588,0.7045149754135003,0.5837531486146096,0.881991881840336,0.8880370093078441
5,distilbert,L,0,1,0,0,,WELFake_residual,McIntire,cross,2994,1590,0.6737558485750744,0.5176100628930818,0.9419672320164787,0.9312827815355406
5,distilbert,L,0,1,0,0,,WELFake_residual,WELFake_residual,in,2994,992,0.992936427850656,0.9929435483870968,0.9997118953608546,0.9997174980489074
5,distilbert,E,0,0,1,0,,ISOT,ISOT,in,2992,990,0.9989888776541962,0.998989898989899,1.0,1.0
5,distilbert,E,0,0,1,0,,ISOT,McIntire,cross,2992,1590,0.6763092269326684,0.5918238993710692,0.7820373312176702,0.738021439025355
5,distilbert,E,0,0,1,0,,ISOT,WELFake_residual,cross,2992,1588,0.7351524879614767,0.6882871536523929,0.8243616738175448,0.8004055923202356
5,distilbert,E,0,0,1,0,,McIntire,ISOT,cross,2990,1588,0.6924795234549516,0.7399244332493703,0.8390957354288786,0.8094429886618151
5,distilbert,E,0,0,1,0,,McIntire,McIntire,in,2990,820,0.9435382685069009,0.9451219512195121,0.9905113722693982,0.9895716835217132
5,distilbert,E,0,0,1,0,,McIntire,WELFake_residual,cross,2990,1588,0.8160983789826719,0.7928211586901763,0.9193849828672083,0.9089368310185332
5,distilbert,E,0,0,1,0,,WELFake_residual,ISOT,cross,2994,1588,0.7652859960552268,0.7002518891687658,0.8996402058416282,0.9033303935688952
5,distilbert,E,0,0,1,0,,WELFake_residual,McIntire,cross,2994,1590,0.7359846669861044,0.6534591194968553,0.9369349994708479,0.9196930501166882
5,distilbert,E,0,0,1,0,,WELFake_residual,WELFake_residual,in,2994,992,0.9747729566094854,0.9747983870967742,0.9977324722761105,0.9977318548387097
5,distilbert,SL,1,1,0,0,,ISOT,ISOT,in,2992,990,0.9939271255060729,0.9939393939393939,0.9999063937782757,0.9999061320273442
5,distilbert,SL,1,1,0,0,,ISOT,McIntire,cross,2992,1590,0.6827458256029685,0.6773584905660377,0.7560266683035909,0.7410323958704166
5,distilbert,SL,1,1,0,0,,ISOT,WELFake_residual,cross,2992,1588,0.7095046854082999,0.7267002518891688,0.800843252410912,0.7832325565164426
5,distilbert,SL,1,1,0,0,,McIntire,ISOT,cross,2990,1588,0.757396449704142,0.7934508816120907,0.893965094946781,0.8803692999765242
5,distilbert,SL,1,1,0,0,,McIntire,McIntire,in,2990,820,0.9461827284105131,0.947560975609756,0.9908045337364326,0.9896609161213563
5,distilbert,SL,1,1,0,0,,McIntire,WELFake_residual,cross,2990,1588,0.8609271523178808,0.8545340050377834,0.9464501041024758,0.9327949228787696
5,distilbert,SL,1,1,0,0,,WELFake_residual,ISOT,cross,2994,1588,0.6964912280701754,0.5642317380352645,0.8909845027824248,0.9004078130056024
5,distilbert,SL,1,1,0,0,,WELFake_residual,McIntire,cross,2994,1590,0.682800345721694,0.5383647798742138,0.9114879451380238,0.8971939401131284
5,distilbert,SL,1,1,0,0,,WELFake_residual,WELFake_residual,in,2994,992,0.9939271255060729,0.9939516129032258,0.9998273333322214,0.9998333441727367
5,distilbert,SE,1,0,1,0,,ISOT,ISOT,in,2992,990,0.9939148073022313,0.9939393939393939,0.9997588800856725,0.9997469645954495
5,distilbert,SE,1,0,1,0,,ISOT,McIntire,cross,2992,1590,0.6413612565445026,0.6553459119496855,0.6833826459524033,0.7057307859657451
5,distilbert,SE,1,0,1,0,,ISOT,WELFake_residual,cross,2992,1588,0.7310529845741114,0.7474811083123426,0.7997301226289546,0.8006823848891877
5,distilbert,SE,1,0,1,0,,McIntire,ISOT,cross,2990,1588,0.7704011065006916,0.7909319899244333,0.8865868460809534,0.8706649049229422
5,distilbert,SE,1,0,1,0,,McIntire,McIntire,in,2990,820,0.9366459627329192,0.9378048780487804,0.9894818987940815,0.9882659131469363
5,distilbert,SE,1,0,1,0,,McIntire,WELFake_residual,cross,2990,1588,0.8,0.7726700251889169,0.9037470575623341,0.8888697663204513
5,distilbert,SE,1,0,1,0,,WELFake_residual,ISOT,cross,2994,1588,0.7110507246376812,0.5982367758186398,0.9006528380024776,0.8941074113787917
5,distilbert,SE,1,0,1,0,,WELFake_residual,McIntire,cross,2994,1590,0.7098565478944933,0.6056603773584905,0.9024823675566681,0.8804889047110478
5,distilbert,SE,1,0,1,0,,WELFake_residual,WELFake_residual,in,2994,992,0.9715447154471545,0.9717741935483871,0.9967336287602918,0.9966303004682622
5,distilbert,LE,0,1,1,0,,ISOT,ISOT,in,2992,990,0.9969604863221885,0.996969696969697,1.0,1.0
5,distilbert,LE,0,1,1,0,,ISOT,McIntire,cross,2992,1590,0.6698162729658793,0.6044025157232704,0.672062274783525,0.6659649539179622
5,distilbert,LE,0,1,1,0,,ISOT,WELFake_residual,cross,2992,1588,0.736482640865111,0.7084382871536524,0.803050136869704,0.7846276227880388
5,distilbert,LE,0,1,1,0,,McIntire,ISOT,cross,2990,1588,0.6844319775596073,0.716624685138539,0.8050102753709998,0.7824140753383373
5,distilbert,LE,0,1,1,0,,McIntire,McIntire,in,2990,820,0.9236545682102628,0.925609756097561,0.9856942609097011,0.9840809042236764
5,distilbert,LE,0,1,1,0,,McIntire,WELFake_residual,cross,2990,1588,0.7986942328618063,0.7670025188916877,0.9211733976342367,0.9045279774632159
5,distilbert,LE,0,1,1,0,,WELFake_residual,ISOT,cross,2994,1588,0.8909405654933641,0.8809823677581864,0.9609226187492468,0.9654334460595524
5,distilbert,LE,0,1,1,0,,WELFake_residual,McIntire,cross,2994,1590,0.7517039922103214,0.6792452830188679,0.926942933239862,0.9131403029943436
5,distilbert,LE,0,1,1,0,,WELFake_residual,WELFake_residual,in,2994,992,0.9735772357723578,0.9737903225806451,0.9977093655301055,0.9977318548387097
5,distilbert,SLE,1,1,1,0,,ISOT,ISOT,in,2992,990,0.9939271255060729,0.9939393939393939,0.9990434704402503,0.9989919395980001
5,distilbert,SLE,1,1,1,0,,ISOT,McIntire,cross,2992,1590,0.6826424870466321,0.6918238993710691,0.7398396647148462,0.7536743008583522
5,distilbert,SLE,1,1,1,0,,ISOT,WELFake_residual,cross,2992,1588,0.7019423978566645,0.7197732997481109,0.7924453706528489,0.7783470487091474
5,distilbert,SLE,1,1,1,0,,McIntire,ISOT,cross,2990,1588,0.7555555555555555,0.785264483627204,0.883282288977774,0.858355170072775
5,distilbert,SLE,1,1,1,0,,McIntire,McIntire,in,2990,820,0.9338327091136079,0.9353658536585366,0.98737917486961,0.9867073170731706
5,distilbert,SLE,1,1,1,0,,McIntire,WELFake_residual,cross,2990,1588,0.804851157662624,0.7770780856423174,0.9179149197534656,0.9001833651631569
5,distilbert,SLE,1,1,1,0,,WELFake_residual,ISOT,cross,2994,1588,0.7330791229742613,0.6473551637279596,0.8772300158633871,0.876402204188847
5,distilbert,SLE,1,1,1,0,,WELFake_residual,McIntire,cross,2994,1590,0.7250811312007418,0.6270440251572327,0.9019627959565817,0.8980791899054625
5,distilbert,SLE,1,1,1,0,,WELFake_residual,WELFake_residual,in,2994,992,0.9725330620549338,0.9727822580645161,0.9972149805597148,0.997152624219563
5,distilbert,R_S,0,0,0,0,S,ISOT,ISOT,in,2992,990,1.0,1.0,1.0,1.0
5,distilbert,R_S,0,0,0,0,S,ISOT,McIntire,cross,2992,1590,0.6859035004730369,0.5823899371069182,0.7341558476629917,0.7088461690597683
5,distilbert,R_S,0,0,0,0,S,ISOT,WELFake_residual,cross,2992,1588,0.7381443298969073,0.6801007556675063,0.8396456682980155,0.8264804040378404
5,distilbert,R_S,0,0,0,0,S,McIntire,ISOT,cross,2990,1588,0.6998491704374057,0.7493702770780857,0.8265021960701305,0.7828915226922321
5,distilbert,R_S,0,0,0,0,S,McIntire,McIntire,in,2990,820,0.9561952440550688,0.9573170731707317,0.9945030479862129,0.9944646044021416
5,distilbert,R_S,0,0,0,0,S,McIntire,WELFake_residual,cross,2990,1588,0.8822474596533174,0.8759445843828715,0.9539260805231671,0.951955472085985
5,distilbert,R_S,0,0,0,0,S,WELFake_residual,ISOT,cross,2994,1588,0.7503593675131768,0.6719143576826196,0.88030568069775,0.8959965801445351
5,distilbert,R_S,0,0,0,0,S,WELFake_residual,McIntire,cross,2994,1590,0.6854663774403471,0.5440251572327044,0.9333661662158248,0.9207705391400656
5,distilbert,R_S,0,0,0,0,S,WELFake_residual,WELFake_residual,in,2994,992,0.9939516129032258,0.9939516129032258,0.9998035835715726,0.9998048907388137
5,distilbert,R_E,0,0,0,0,E,ISOT,ISOT,in,2992,990,0.9979838709677419,0.997979797979798,0.9999590624680763,0.9999591878379757
5,distilbert,R_E,0,0,0,0,E,ISOT,McIntire,cross,2992,1590,0.656298600311042,0.5830188679245283,0.6594252486077994,0.6551156995372018
5,distilbert,R_E,0,0,0,0,E,ISOT,WELFake_residual,cross,2992,1588,0.7677119628339141,0.7481108312342569,0.826002022154575,0.8227639284558622
5,distilbert,R_E,0,0,0,0,E,McIntire,ISOT,cross,2990,1588,0.6153846153846154,0.672544080604534,0.7426395128913497,0.6822040619507769
5,distilbert,R_E,0,0,0,0,E,McIntire,McIntire,in,2990,820,0.9389788293897883,0.9402439024390243,0.9873890215407771,0.9860083283759667
5,distilbert,R_E,0,0,0,0,E,McIntire,WELFake_residual,cross,2990,1588,0.8484848484848485,0.8331234256926953,0.9305690801722726,0.9291966194823899
5,distilbert,R_E,0,0,0,0,E,WELFake_residual,ISOT,cross,2994,1588,0.8502994011976048,0.8268261964735516,0.9630612639537248,0.96453327538402
5,distilbert,R_E,0,0,0,0,E,WELFake_residual,McIntire,cross,2994,1590,0.7100320659642694,0.6018867924528302,0.9045454583747804,0.8984589217198686
5,distilbert,R_E,0,0,0,0,E,WELFake_residual,WELFake_residual,in,2994,992,0.9858299595141701,0.9858870967741935,0.9991504844739697,0.9991667208636836
5,distilbert,R_SE,0,0,0,0,SE,ISOT,ISOT,in,2992,990,0.9949647532729103,0.9949494949494949,0.9999303149185929,0.9999306193245586
5,distilbert,R_SE,0,0,0,0,SE,ISOT,McIntire,cross,2992,1590,0.6901408450704225,0.6125786163522012,0.7058132988391499,0.6997270677583957
5,distilbert,R_SE,0,0,0,0,SE,ISOT,WELFake_residual,cross,2992,1588,0.7813378302417088,0.7550377833753149,0.8541199773694326,0.8449469890678833
5,distilbert,R_SE,0,0,0,0,SE,McIntire,ISOT,cross,2990,1588,0.6513911620294599,0.7317380352644837,0.826378589434709,0.7738477815353184
5,distilbert,R_SE,0,0,0,0,SE,McIntire,McIntire,in,2990,820,0.9374201787994891,0.9402439024390243,0.9915381337339038,0.9900208209399166
5,distilbert,R_SE,0,0,0,0,SE,McIntire,WELFake_residual,cross,2990,1588,0.8695652173913043,0.8677581863979849,0.9459688610711733,0.9334309906160181
5,distilbert,R_SE,0,0,0,0,SE,WELFake_residual,ISOT,cross,2994,1588,0.8215987294865008,0.7877833753148614,0.9395101891350408,0.9465782410902931
5,distilbert,R_SE,0,0,0,0,SE,WELFake_residual,McIntire,cross,2994,1590,0.7186067827681026,0.6138364779874214,0.9402756960857871,0.9320382896246193
5,distilbert,R_SE,0,0,0,0,SE,WELFake_residual,WELFake_residual,in,2994,992,0.9869608826479438,0.9868951612903226,0.9991730259182027,0.9991870447450572
6,distilbert,C0,0,0,0,0,,ISOT,ISOT,in,2992,990,0.9989888776541962,0.998989898989899,1.0,1.0
6,distilbert,C0,0,0,0,0,,ISOT,McIntire,cross,2992,1590,0.6702033598585323,0.5308176100628931,0.6497772812030055,0.6607151615837981
6,distilbert,C0,0,0,0,0,,ISOT,WELFake_residual,cross,2992,1588,0.7148217636022514,0.6171284634760705,0.8214710255972041,0.8186683501576688
6,distilbert,C0,0,0,0,0,,McIntire,ISOT,cross,2990,1588,0.7073170731707317,0.743073047858942,0.8360238989901831,0.7908288866752532
6,distilbert,C0,0,0,0,0,,McIntire,McIntire,in,2990,806,0.9485570890840652,0.9491315136476427,0.9916428203341805,0.9902499245731456
6,distilbert,C0,0,0,0,0,,McIntire,WELFake_residual,cross,2990,1588,0.8226711560044894,0.801007556675063,0.9417463655342598,0.9312991326637438
6,distilbert,C0,0,0,0,0,,WELFake_residual,ISOT,cross,2992,1588,0.6816027574321413,0.5346347607052897,0.8756978365906538,0.882026089880654
6,distilbert,C0,0,0,0,0,,WELFake_residual,McIntire,cross,2992,1590,0.6709021601016518,0.5113207547169811,0.9348917212055325,0.9206115264427832
6,distilbert,C0,0,0,0,0,,WELFake_residual,WELFake_residual,in,2992,988,0.9949647532729103,0.9949392712550608,0.9987259103921098,0.9988136996180891
6,distilbert,S,1,0,0,0,,ISOT,ISOT,in,2992,990,0.9908629441624366,0.990909090909091,0.9992390873012066,0.9990490766248341
6,distilbert,S,1,0,0,0,,ISOT,McIntire,cross,2992,1590,0.6521987435751,0.6169811320754717,0.7039589190523727,0.6868850124599502
6,distilbert,S,1,0,0,0,,ISOT,WELFake_residual,cross,2992,1588,0.753441802252816,0.7518891687657431,0.8214073685516595,0.8015270384305464
6,distilbert,S,1,0,0,0,,McIntire,ISOT,cross,2990,1588,0.7453416149068323,0.767632241813602,0.8560602130166464,0.8242835117283911
6,distilbert,S,1,0,0,0,,McIntire,McIntire,in,2990,806,0.9273182957393483,0.9280397022332506,0.9835523934616596,0.9799487713119346
6,distilbert,S,1,0,0,0,,McIntire,WELFake_residual,cross,2990,1588,0.8463329452852154,0.8337531486146096,0.9485798136888675,0.9346230227969213
6,distilbert,S,1,0,0,0,,WELFake_residual,ISOT,cross,2992,1588,0.7040498442367601,0.5812342569269522,0.9199324324635907,0.9298834457423116
6,distilbert,S,1,0,0,0,,WELFake_residual,McIntire,cross,2992,1590,0.6810530858869227,0.5352201257861635,0.9208754646352675,0.9034365729203749
6,distilbert,S,1,0,0,0,,WELFake_residual,WELFake_residual,in,2992,988,0.9919678714859438,0.9919028340080972,0.9971105259671307,0.9975372486026651
6,distilbert,L,0,1,0,0,,ISOT,ISOT,in,2992,990,0.9979757085020243,0.997979797979798,1.0,1.0
6,distilbert,L,0,1,0,0,,ISOT,McIntire,cross,2992,1590,0.6716747680070703,0.5327044025157233,0.6192384375164469,0.6273770816027846
6,distilbert,L,0,1,0,0,,ISOT,WELFake_residual,cross,2992,1588,0.6815742397137746,0.5516372795969773,0.7588302354326348,0.7332449289063442
6,distilbert,L,0,1,0,0,,McIntire,ISOT,cross,2990,1588,0.6821086261980831,0.7493702770780857,0.8321256316022001,0.7883647190198528
6,distilbert,L,0,1,0,0,,McIntire,McIntire,in,2990,806,0.9441624365482234,0.9454094292803971,0.9887458228448343,0.9863646719085765
6,distilbert,L,0,1,0,0,,McIntire,WELFake_residual,cross,2990,1588,0.8574752763234439,0.8457178841309824,0.9505541002252034,0.9414389406696317
6,distilbert,L,0,1,0,0,,WELFake_residual,ISOT,cross,2992,1588,0.7758535378525483,0.714735516372796,0.8814296447945511,0.9069683520611134
6,distilbert,L,0,1,0,0,,WELFake_residual,McIntire,cross,2992,1590,0.6950043821209465,0.5622641509433962,0.9423401455846756,0.9308089078754795
6,distilbert,L,0,1,0,0,,WELFake_residual,WELFake_residual,in,2992,988,0.9919354838709677,0.9919028340080972,0.998960220982539,0.9990165385434936
6,distilbert,E,0,0,1,0,,ISOT,ISOT,in,2992,990,0.9989888776541962,0.998989898989899,1.0,0.9999999999999999
6,distilbert,E,0,0,1,0,,ISOT,McIntire,cross,2992,1590,0.7028132992327366,0.6345911949685534,0.6678656561577156,0.687596218504015
6,distilbert,E,0,0,1,0,,ISOT,WELFake_residual,cross,2992,1588,0.7652947719688543,0.7342569269521411,0.8118285088863205,0.8077957159806863
6,distilbert,E,0,0,1,0,,McIntire,ISOT,cross,2990,1588,0.7503566333808844,0.7795969773299748,0.8797812248907841,0.8596637882354434
6,distilbert,E,0,0,1,0,,McIntire,McIntire,in,2990,806,0.9473684210526315,0.9478908188585607,0.9882280466795723,0.9867279522686551
6,distilbert,E,0,0,1,0,,McIntire,WELFake_residual,cross,2990,1588,0.8312428734321551,0.8136020151133502,0.9159632667752337,0.9127564098496914
6,distilbert,E,0,0,1,0,,WELFake_residual,ISOT,cross,2992,1588,0.7958005249343832,0.7550377833753149,0.8999731300372694,0.9042281849386775
6,distilbert,E,0,0,1,0,,WELFake_residual,McIntire,cross,2992,1590,0.7519455252918288,0.6792452830188679,0.921852180025857,0.9106301174795302
6,distilbert,E,0,0,1,0,,WELFake_residual,WELFake_residual,in,2992,988,0.9775051124744376,0.9777327935222672,0.997623382622403,0.9979080955268895
6,distilbert,SL,1,1,0,0,,ISOT,ISOT,in,2992,990,0.9939393939393939,0.9939393939393939,0.9994940212480071,0.9994408733802673
6,distilbert,SL,1,1,0,0,,ISOT,McIntire,cross,2992,1590,0.6632243258749283,0.630817610062893,0.7079768209844342,0.6993520825916697
6,distilbert,SL,1,1,0,0,,ISOT,WELFake_residual,cross,2992,1588,0.7311557788944724,0.7304785894206549,0.803893348493417,0.7959634284844139
6,distilbert,SL,1,1,0,0,,McIntire,ISOT,cross,2990,1588,0.7540029112081513,0.7871536523929471,0.8668071121963167,0.8375410033690969
6,distilbert,SL,1,1,0,0,,McIntire,McIntire,in,2990,806,0.9236545682102628,0.924317617866005,0.9832852936683172,0.9802658719652235
6,distilbert,SL,1,1,0,0,,McIntire,WELFake_residual,cross,2990,1588,0.838302752293578,0.8224181360201511,0.9479201181756133,0.9306820993724978
6,distilbert,SL,1,1,0,0,,WELFake_residual,ISOT,cross,2992,1588,0.6926104066462615,0.5573047858942065,0.908985744386351,0.9137105114555641
6,distilbert,SL,1,1,0,0,,WELFake_residual,McIntire,cross,2992,1590,0.6854663774403471,0.5440251572327044,0.9118703631665583,0.8950389620663739
6,distilbert,SL,1,1,0,0,,WELFake_residual,WELFake_residual,in,2992,988,0.9898785425101214,0.9898785425101214,0.9980603558515371,0.9982973823534232
6,distilbert,SE,1,0,1,0,,ISOT,ISOT,in,2992,990,0.9939271255060729,0.9939393939393939,0.9990961442785197,0.9988899091929395
6,distilbert,SE,1,0,1,0,,ISOT,McIntire,cross,2992,1590,0.6900302114803626,0.6773584905660377,0.7046677788150307,0.7231225030655434
6,distilbert,SE,1,0,1,0,,ISOT,WELFake_residual,cross,2992,1588,0.7402269861286255,0.7405541561712846,0.8005232638123012,0.7938387084493905
6,distilbert,SE,1,0,1,0,,McIntire,ISOT,cross,2990,1588,0.7738343771746694,0.7953400503778337,0.8833638242381403,0.8721551434245507
6,distilbert,SE,1,0,1,0,,McIntire,McIntire,in,2990,806,0.9203539823008849,0.9218362282878412,0.9847039512483915,0.9842988996915196
6,distilbert,SE,1,0,1,0,,McIntire,WELFake_residual,cross,2990,1588,0.8266360505166476,0.809823677581864,0.924084000580099,0.9125993756701711
6,distilbert,SE,1,0,1,0,,WELFake_residual,ISOT,cross,2992,1588,0.7206290471785384,0.6196473551637279,0.8987330616152608,0.8886595943125074
6,distilbert,SE,1,0,1,0,,WELFake_residual,McIntire,cross,2992,1590,0.7194444444444444,0.6188679245283019,0.8976575692015895,0.8858969186345477
6,distilbert,SE,1,0,1,0,,WELFake_residual,WELFake_residual,in,2992,988,0.9827760891590679,0.9827935222672065,0.9973812945913895,0.9975659328951466
6,distilbert,LE,0,1,1,0,,ISOT,ISOT,in,2992,990,0.9989888776541962,0.998989898989899,1.0,1.0
6,distilbert,LE,0,1,1,0,,ISOT,McIntire,cross,2992,1590,0.6794871794871795,0.559748427672956,0.6718287226479076,0.6762833748665005
6,distilbert,LE,0,1,1,0,,ISOT,WELFake_residual,cross,2992,1588,0.7053864168618267,0.603904282115869,0.7847166980871891,0.77865318604902
6,distilbert,LE,0,1,1,0,,McIntire,ISOT,cross,2990,1588,0.6547788873038516,0.6952141057934509,0.7991890463657257,0.764422558356439
6,distilbert,LE,0,1,1,0,,McIntire,McIntire,in,2990,806,0.9236641221374046,0.9255583126550868,0.9835660260123679,0.9802320068469111
6,distilbert,LE,0,1,1,0,,McIntire,WELFake_residual,cross,2990,1588,0.8044817927170869,0.7802267002518891,0.9069648778638443,0.8894368341909409
6,distilbert,LE,0,1,1,0,,WELFake_residual,ISOT,cross,2992,1588,0.8491620111731844,0.8299748110831234,0.9269789200313321,0.9390247384349877
6,distilbert,LE,0,1,1,0,,WELFake_residual,McIntire,cross,2992,1590,0.7517173699705594,0.6817610062893081,0.9326465894156256,0.9195759661405798
6,distilbert,LE,0,1,1,0,,WELFake_residual,WELFake_residual,in,2992,988,0.9742002063983488,0.9746963562753036,0.9979527829972737,0.9980842990378469
6,distilbert,SLE,1,1,1,0,,ISOT,ISOT,in,2992,990,0.9909365558912386,0.990909090909091,0.9991480137058567,0.9991857973676155
6,distilbert,SLE,1,1,1,0,,ISOT,McIntire,cross,2992,1590,0.7048984468339307,0.6893081761006289,0.7542054067920395,0.757375103832918
6,distilbert,SLE,1,1,1,0,,ISOT,WELFake_residual,cross,2992,1588,0.7222914072229141,0.7191435768261965,0.7776894056153887,0.7849876910582517
6,distilbert,SLE,1,1,1,0,,McIntire,ISOT,cross,2990,1588,0.7559808612440191,0.7751889168765743,0.8634647591172815,0.8498372554866789
6,distilbert,SLE,1,1,1,0,,McIntire,McIntire,in,2990,806,0.9187096774193548,0.9218362282878412,0.9821769450819899,0.980031894784156
6,distilbert,SLE,1,1,1,0,,McIntire,WELFake_residual,cross,2990,1588,0.8082427017744706,0.7890428211586902,0.9209352908087453,0.9025380847540433
6,distilbert,SLE,1,1,1,0,,WELFake_residual,ISOT,cross,2992,1588,0.7435406698564593,0.6624685138539043,0.8632992525962147,0.8792645090064655
6,distilbert,SLE,1,1,1,0,,WELFake_residual,McIntire,cross,2992,1590,0.7340930674264008,0.6477987421383647,0.8948039034743347,0.883389106443574
6,distilbert,SLE,1,1,1,0,,WELFake_residual,WELFake_residual,in,2992,988,0.9745676500508647,0.9746963562753036,0.9947206793341307,0.9953469979839041
6,distilbert,R_S,0,0,0,0,S,ISOT,ISOT,in,2992,990,0.9979757085020243,0.997979797979798,0.999971829852308,0.999971431486583
6,distilbert,R_S,0,0,0,0,S,ISOT,McIntire,cross,2992,1590,0.6717557251908397,0.5672955974842767,0.7096553733277259,0.6980602033147423
6,distilbert,R_S,0,0,0,0,S,ISOT,WELFake_residual,cross,2992,1588,0.7110467920887602,0.6227959697732998,0.7819958960472237,0.7745925042351643
6,distilbert,R_S,0,0,0,0,S,McIntire,ISOT,cross,2990,1588,0.6603498542274052,0.7065491183879093,0.7911552169512538,0.7269302514450318
6,distilbert,R_S,0,0,0,0,S,McIntire,McIntire,in,2990,806,0.9660377358490566,0.966501240694789,0.9931365803960207,0.9923064608488446
6,distilbert,R_S,0,0,0,0,S,McIntire,WELFake_residual,cross,2990,1588,0.8353413654618473,0.8192695214105793,0.9267593615878518,0.922410839482517
6,distilbert,R_S,0,0,0,0,S,WELFake_residual,ISOT,cross,2992,1588,0.7860349127182045,0.7298488664987406,0.9581199863542258,0.9587230107417724
6,distilbert,R_S,0,0,0,0,S,WELFake_residual,McIntire,cross,2992,1590,0.698624056813138,0.5729559748427673,0.9441258402075489,0.932535105415134
6,distilbert,R_S,0,0,0,0,S,WELFake_residual,WELFake_residual,in,2992,988,0.9909365558912386,0.9908906882591093,0.9978202560136937,0.9981068366962251
6,distilbert,R_E,0,0,0,0,E,ISOT,ISOT,in,2992,990,0.9959677419354839,0.9959595959595959,0.9998855138304655,0.9998877665544332
6,distilbert,R_E,0,0,0,0,E,ISOT,McIntire,cross,2992,1590,0.6870451237263464,0.5943396226415094,0.6654814970662802,0.6813939322020489
6,distilbert,R_E,0,0,0,0,E,ISOT,WELFake_residual,cross,2992,1588,0.8017718715393134,0.77455919395466,0.8715755942892192,0.8703341814236496
6,distilbert,R_E,0,0,0,0,E,McIntire,ISOT,cross,2990,1588,0.625830258302583,0.6807304785894207,0.7675522140806207,0.6992430635306359
6,distilbert,R_E,0,0,0,0,E,McIntire,McIntire,in,2990,806,0.9557522123893806,0.956575682382134,0.9917865647237013,0.9901237000412538
6,distilbert,R_E,0,0,0,0,E,McIntire,WELFake_residual,cross,2990,1588,0.8071700162954916,0.7764483627204031,0.933573454252821,0.9198062927878484
6,distilbert,R_E,0,0,0,0,E,WELFake_residual,ISOT,cross,2992,1588,0.8282504012841091,0.7978589420654912,0.9521382309388358,0.9553848447740929
6,distilbert,R_E,0,0,0,0,E,WELFake_residual,McIntire,cross,2992,1590,0.7070063694267515,0.5949685534591195,0.9239115622653591,0.9077172580198567
6,distilbert,R_E,0,0,0,0,E,WELFake_residual,WELFake_residual,in,2992,988,0.9848942598187311,0.9848178137651822,0.9969228351722018,0.9971561572882689
6,distilbert,R_SE,0,0,0,0,SE,ISOT,ISOT,in,2992,990,0.9979757085020243,0.997979797979798,0.9999676036014066,0.9999673502703806
6,distilbert,R_SE,0,0,0,0,SE,ISOT,McIntire,cross,2992,1590,0.6637764932562621,0.5610062893081761,0.61676149704259,0.6314742296586369
6,distilbert,R_SE,0,0,0,0,SE,ISOT,WELFake_residual,cross,2992,1588,0.757871878393051,0.7191435768261965,0.8375369467462604,0.8268142999448
6,distilbert,R_SE,0,0,0,0,SE,McIntire,ISOT,cross,2990,1588,0.6245306633291614,0.6221662468513854,0.7568807475935806,0.6866700188441016
6,distilbert,R_SE,0,0,0,0,SE,McIntire,McIntire,in,2990,806,0.947109471094711,0.9466501240694789,0.9907179338015576,0.9896926894445506
6,distilbert,R_SE,0,0,0,0,SE,McIntire,WELFake_residual,cross,2990,1588,0.8091353996737357,0.7789672544080605,0.9120218064277894,0.911495377802029
6,distilbert,R_SE,0,0,0,0,SE,WELFake_residual,ISOT,cross,2992,1588,0.7728882144663631,0.7172544080604534,0.92376502799364,0.9188569497934762
6,distilbert,R_SE,0,0,0,0,SE,WELFake_residual,McIntire,cross,2992,1590,0.7153218495013599,0.6050314465408805,0.9388017392074811,0.9294727265535381
6,distilbert,R_SE,0,0,0,0,SE,WELFake_residual,WELFake_residual,in,2992,988,0.9839357429718876,0.9838056680161943,0.9976554184133118,0.9979039977708207
7,distilbert,C0,0,0,0,0,,ISOT,ISOT,in,2988,990,0.9979838709677419,0.997979797979798,0.999995927012056,0.9999959187837976
7,distilbert,C0,0,0,0,0,,ISOT,McIntire,cross,2988,1590,0.6707053223712679,0.5213836477987421,0.6281007823057767,0.6204778291997943
7,distilbert,C0,0,0,0,0,,ISOT,WELFake_residual,cross,2988,1588,0.6842568161829375,0.5478589420654912,0.7584539462376823,0.7607925308833886
7,distilbert,C0,0,0,0,0,,McIntire,ISOT,cross,2988,1588,0.6744345442083619,0.7008816120906801,0.793756717762266,0.7107819033177039
7,distilbert,C0,0,0,0,0,,McIntire,McIntire,in,2988,812,0.9617755856966708,0.9618226600985221,0.9951077142426353,0.994430828217137
7,distilbert,C0,0,0,0,0,,McIntire,WELFake_residual,cross,2988,1588,0.8556759840273817,0.8406801007556675,0.9399741543403741,0.9399042884606844
7,distilbert,C0,0,0,0,0,,WELFake_residual,ISOT,cross,2992,1588,0.6734955185659411,0.5182619647355163,0.643926182369277,0.6552465277998084
7,distilbert,C0,0,0,0,0,,WELFake_residual,McIntire,cross,2992,1590,0.6672297297297297,0.5044025157232704,0.8872503446797653,0.8640006328863574
7,distilbert,C0,0,0,0,0,,WELFake_residual,WELFake_residual,in,2992,988,0.9919191919191919,0.9919028340080972,0.9989485248668637,0.9990247340556311
7,distilbert,S,1,0,0,0,,ISOT,ISOT,in,2988,990,0.9908256880733946,0.990909090909091,0.9998522258677098,0.9998489950005102
7,distilbert,S,1,0,0,0,,ISOT,McIntire,cross,2988,1590,0.6516443361753959,0.640251572327044,0.7154132835549495,0.7046604169138879
7,distilbert,S,1,0,0,0,,ISOT,WELFake_residual,cross,2988,1588,0.7437252311756936,0.7556675062972292,0.8313964136961505,0.8121514317075802
7,distilbert,S,1,0,0,0,,McIntire,ISOT,cross,2988,1588,0.7455197132616488,0.7764483627204031,0.8467575304095679,0.8321066690353978
7,distilbert,S,1,0,0,0,,McIntire,McIntire,in,2988,812,0.9496221662468514,0.9507389162561576,0.9874701752668359,0.9837474823460894
7,distilbert,S,1,0,0,0,,McIntire,WELFake_residual,cross,2988,1588,0.8439169139465875,0.8343828715365239,0.9448682726929004,0.9322984410788724
7,distilbert,S,1,0,0,0,,WELFake_residual,ISOT,cross,2992,1588,0.7020805666223993,0.5761964735516373,0.9368146825063213,0.9491597878293753
7,distilbert,S,1,0,0,0,,WELFake_residual,McIntire,cross,2992,1590,0.6798452943704341,0.5314465408805031,0.9012788644034808,0.8788426090740082
7,distilbert,S,1,0,0,0,,WELFake_residual,WELFake_residual,in,2992,988,0.98989898989899,0.9898785425101214,0.9983492997472772,0.9985022701568621
7,distilbert,L,0,1,0,0,,ISOT,ISOT,in,2988,990,0.9989909182643795,0.998989898989899,1.0000000000000002,1.0
7,distilbert,L,0,1,0,0,,ISOT,McIntire,cross,2988,1590,0.6762778505897772,0.5339622641509434,0.7186480231991742,0.7074292947272656
7,distilbert,L,0,1,0,0,,ISOT,WELFake_residual,cross,2988,1588,0.6898419864559819,0.5673803526448362,0.8036656594406284,0.7861630680989029
7,distilbert,L,0,1,0,0,,McIntire,ISOT,cross,2988,1588,0.6606772633033863,0.6908060453400504,0.7877270757943343,0.7293127296030049
7,distilbert,L,0,1,0,0,,McIntire,McIntire,in,2988,812,0.9663760896637609,0.9667487684729064,0.9959884011492287,0.9957139217161299
7,distilbert,L,0,1,0,0,,McIntire,WELFake_residual,cross,2988,1588,0.832026875699888,0.8110831234256927,0.9450911697349973,0.9338481622242385
7,distilbert,L,0,1,0,0,,WELFake_residual,ISOT,cross,2992,1588,0.6867364746945899,0.5478589420654912,0.9153209361247562,0.921409151761638
7,distilbert,L,0,1,0,0,,WELFake_residual,McIntire,cross,2992,1590,0.6709129511677282,0.5125786163522013,0.9191656550084394,0.898894822198489
7,distilbert,L,0,1,0,0,,WELFake_residual,WELFake_residual,in,2992,988,0.992936427850656,0.992914979757085,0.9984192140123482,0.9985575898637906
7,distilbert,E,0,0,1,0,,ISOT,ISOT,in,2988,990,0.9969666329625885,0.996969696969697,0.9999918457958538,0.9999918375675951
7,distilbert,E,0,0,1,0,,ISOT,McIntire,cross,2988,1590,0.6615161757605021,0.5591194968553459,0.580740237270562,0.5912677504845536
7,distilbert,E,0,0,1,0,,ISOT,WELFake_residual,cross,2988,1588,0.7139938712972421,0.6473551637279596,0.7297207903427224,0.7383104708487458
7,distilbert,E,0,0,1,0,,McIntire,ISOT,cross,2988,1588,0.7312414733969986,0.7518891687657431,0.8623532757727207,0.8405706526911534
7,distilbert,E,0,0,1,0,,McIntire,McIntire,in,2988,812,0.9467162329615861,0.9470443349753694,0.9915106178026536,0.9907605134800651
7,distilbert,E,0,0,1,0,,McIntire,WELFake_residual,cross,2988,1588,0.8527397260273972,0.8375314861460957,0.9396941188189434,0.9349378842578787
7,distilbert,E,0,0,1,0,,WELFake_residual,ISOT,cross,2992,1588,0.7771487390633042,0.7273299748110831,0.9071497255055393,0.9022010164394166
7,distilbert,E,0,0,1,0,,WELFake_residual,McIntire,cross,2992,1590,0.7482014388489209,0.6698113207547169,0.9271575835235932,0.915877536489854
7,distilbert,E,0,0,1,0,,WELFake_residual,WELFake_residual,in,2992,988,0.9807106598984772,0.9807692307692307,0.9971063233480948,0.9973426051893983
7,distilbert,SL,1,1,0,0,,ISOT,ISOT,in,2988,990,0.9969727547931383,0.996969696969697,0.9999632763157235,0.9999632690541781
7,distilbert,SL,1,1,0,0,,ISOT,McIntire,cross,2988,1590,0.6899945325314379,0.6433962264150943,0.7300296809583737,0.718850520153475
7,distilbert,SL,1,1,0,0,,ISOT,WELFake_residual,cross,2988,1588,0.7463556851311953,0.7260705289672544,0.8163785397198204,0.8080384051672176
7,distilbert,SL,1,1,0,0,,McIntire,ISOT,cross,2988,1588,0.6707882534775889,0.7317380352644837,0.8345128116024892,0.8089306448235823
7,distilbert,SL,1,1,0,0,,McIntire,McIntire,in,2988,812,0.9455006337135615,0.9470443349753694,0.9871321515745053,0.9829011866339878
7,distilbert,SL,1,1,0,0,,McIntire,WELFake_residual,cross,2988,1588,0.8209042865531415,0.8079345088161209,0.9315608491451519,0.9090312101466288
7,distilbert,SL,1,1,0,0,,WELFake_residual,ISOT,cross,2992,1588,0.6887244231606443,0.5497481108312342,0.9340455618709994,0.9314410979068454
7,distilbert,SL,1,1,0,0,,WELFake_residual,McIntire,cross,2992,1590,0.6758383490971626,0.5257861635220126,0.911533313648792,0.8946805901665282
7,distilbert,SL,1,1,0,0,,WELFake_residual,WELFake_residual,in,2992,988,0.9888776541961577,0.9888663967611336,0.997750704372515,0.9969922470455179
7,distilbert,SE,1,0,1,0,,ISOT,ISOT,in,2988,990,0.9908629441624366,0.990909090909091,0.9997170179416133,0.9997102336496275
7,distilbert,SE,1,0,1,0,,ISOT,McIntire,cross,2988,1590,0.6902008520998174,0.679874213836478,0.7243856016737573,0.7341552944899332
7,distilbert,SE,1,0,1,0,,ISOT,WELFake_residual,cross,2988,1588,0.7119062307217767,0.7059193954659949,0.7829641409493764,0.7752880546161703
7,distilbert,SE,1,0,1,0,,McIntire,ISOT,cross,2988,1588,0.7652777777777777,0.7871536523929471,0.8920784266480444,0.8804850928563724
7,distilbert,SE,1,0,1,0,,McIntire,McIntire,in,2988,812,0.9388264669163545,0.9396551724137931,0.9857379727241096,0.9830680191220366
7,distilbert,SE,1,0,1,0,,McIntire,WELFake_residual,cross,2988,1588,0.8223234624145785,0.8035264483627204,0.9264738125768814,0.9121996523041197
7,distilbert,SE,1,0,1,0,,WELFake_residual,ISOT,cross,2992,1588,0.7514970059880239,0.6863979848866498,0.8800742798845376,0.8646198821133311
7,distilbert,SE,1,0,1,0,,WELFake_residual,McIntire,cross,2992,1590,0.7602808425275828,0.6993710691823899,0.9089400620183974,0.896578458130612
7,distilbert,SE,1,0,1,0,,WELFake_residual,WELFake_residual,in,2992,988,0.9693877551020408,0.9696356275303644,0.9958993066713365,0.9958059466636069
7,distilbert,LE,0,1,1,0,,ISOT,ISOT,in,2988,990,0.9989888776541962,0.998989898989899,1.0,1.0
7,distilbert,LE,0,1,1,0,,ISOT,McIntire,cross,2988,1590,0.677,0.5937106918238994,0.7505474473414766,0.7163949210869824
7,distilbert,LE,0,1,1,0,,ISOT,WELFake_residual,cross,2988,1588,0.723336853220697,0.6700251889168766,0.7980235538465796,0.7823260410255759
7,distilbert,LE,0,1,1,0,,McIntire,ISOT,cross,2988,1588,0.6378653113087674,0.6410579345088161,0.7636004184710127,0.7249022898438542
7,distilbert,LE,0,1,1,0,,McIntire,McIntire,in,2988,812,0.9343246592317225,0.9347290640394089,0.9861487028370741,0.9841357470455483
7,distilbert,LE,0,1,1,0,,McIntire,WELFake_residual,cross,2988,1588,0.7941176470588235,0.7619647355163728,0.9103885393773283,0.8982696102379941
7,distilbert,LE,0,1,1,0,,WELFake_residual,ISOT,cross,2992,1588,0.7798678190137265,0.7273299748110831,0.9108936776337351,0.9087893140620142
7,distilbert,LE,0,1,1,0,,WELFake_residual,McIntire,cross,2992,1590,0.7281279397930386,0.6364779874213836,0.8915814261078796,0.8853945650884064
7,distilbert,LE,0,1,1,0,,WELFake_residual,WELFake_residual,in,2992,988,0.9777327935222672,0.9777327935222672,0.9958429274503213,0.9959411726138766
7,distilbert,SLE,1,1,1,0,,ISOT,ISOT,in,2988,990,0.9908629441624366,0.990909090909091,0.9998197377845286,0.9998163452708907
7,distilbert,SLE,1,1,1,0,,ISOT,McIntire,cross,2988,1590,0.6604938271604939,0.6540880503144654,0.6737954079917534,0.692537478738974
7,distilbert,SLE,1,1,1,0,,ISOT,WELFake_residual,cross,2988,1588,0.6958796599084369,0.7071788413098237,0.7784850530039134,0.7695055485410097
7,distilbert,SLE,1,1,1,0,,McIntire,ISOT,cross,2988,1588,0.7159167226326394,0.7336272040302267,0.8283189170902072,0.8186842121960041
7,distilbert,SLE,1,1,1,0,,McIntire,McIntire,in,2988,812,0.9326683291770573,0.9334975369458128,0.9828794099525189,0.9796161032784102
7,distilbert,SLE,1,1,1,0,,McIntire,WELFake_residual,cross,2988,1588,0.7931793179317932,0.7632241813602015,0.901737359640191,0.8895994200838785
7,distilbert,SLE,1,1,1,0,,WELFake_residual,ISOT,cross,2992,1588,0.7922146238821672,0.7512594458438288,0.9024778531275937,0.8964208896700061
7,distilbert,SLE,1,1,1,0,,WELFake_residual,McIntire,cross,2992,1590,0.748898678414097,0.6773584905660377,0.8865880443779894,0.8826391361101221
7,distilbert,SLE,1,1,1,0,,WELFake_residual,WELFake_residual,in,2992,988,0.962128966223132,0.9625506072874493,0.9920783335937178,0.9920032290317822
7,distilbert,R_S,0,0,0,0,S,ISOT,ISOT,in,2988,990,0.9989909182643795,0.998989898989899,1.0,1.0
7,distilbert,R_S,0,0,0,0,S,ISOT,McIntire,cross,2988,1590,0.6669584245076586,0.5213836477987421,0.5819438839810063,0.6021739646374747
7,distilbert,R_S,0,0,0,0,S,ISOT,WELFake_residual,cross,2988,1588,0.6914132379248659,0.5654911838790933,0.7673920720769125,0.7710489248710416
7,distilbert,R_S,0,0,0,0,S,McIntire,ISOT,cross,2988,1588,0.5865237366003063,0.6599496221662469,0.7410173357696196,0.6877914649544126
7,distilbert,R_S,0,0,0,0,S,McIntire,McIntire,in,2988,812,0.9582806573957017,0.9593596059113301,0.9944571107321438,0.9937907981266229
7,distilbert,R_S,0,0,0,0,S,McIntire,WELFake_residual,cross,2988,1588,0.8234617596319724,0.8066750629722922,0.9152265067924613,0.9084720732953068
7,distilbert,R_S,0,0,0,0,S,WELFake_residual,ISOT,cross,2992,1588,0.7051340299863699,0.5913098236775819,0.9087082704716357,0.8945404450253476
7,distilbert,R_S,0,0,0,0,S,WELFake_residual,McIntire,cross,2992,1590,0.6934984520123839,0.5641509433962264,0.9287736712681017,0.9115849847711721
7,distilbert,R_S,0,0,0,0,S,WELFake_residual,WELFake_residual,in,2992,988,0.9796747967479674,0.979757085020243,0.9978887765244873,0.9980535658673312
7,distilbert,R_E,0,0,0,0,E,ISOT,ISOT,in,2988,990,0.9979838709677419,0.997979797979798,0.9999713813815024,0.9999714314865831
7,distilbert,R_E,0,0,0,0,E,ISOT,McIntire,cross,2988,1590,0.6704707560627675,0.5641509433962264,0.634773113015591,0.6330619833076223
7,distilbert,R_E,0,0,0,0,E,ISOT,WELFake_residual,cross,2988,1588,0.7549386011745862,0.7109571788413098,0.8385144665318771,0.8256389229041489
7,distilbert,R_E,0,0,0,0,E,McIntire,ISOT,cross,2988,1588,0.6165703275529865,0.6240554156171285,0.7399950645174322,0.657510833772183
7,distilbert,R_E,0,0,0,0,E,McIntire,McIntire,in,2988,812,0.9553349875930521,0.9556650246305419,0.9922750530558754,0.9907544468441359
7,distilbert,R_E,0,0,0,0,E,McIntire,WELFake_residual,cross,2988,1588,0.8013245033112583,0.7732997481108312,0.9162528121749081,0.9079248329727364
7,distilbert,R_E,0,0,0,0,E,WELFake_residual,ISOT,cross,2992,1588,0.8662562954672636,0.8494962216624685,0.9652993506561738,0.9654992735186443
7,distilbert,R_E,0,0,0,0,E,WELFake_residual,McIntire,cross,2992,1590,0.7321428571428571,0.6415094339622641,0.9446144849523392,0.9308761520509474
7,distilbert,R_E,0,0,0,0,E,WELFake_residual,WELFake_residual,in,2992,988,0.9919028340080972,0.9919028340080972,0.999185702050619,0.9992275729810356
7,distilbert,R_SE,0,0,0,0,SE,ISOT,ISOT,in,2988,990,1.0,1.0,1.0,1.0
7,distilbert,R_SE,0,0,0,0,SE,ISOT,McIntire,cross,2988,1590,0.6564885496183206,0.5471698113207547,0.6111521828178968,0.6075542897828409
7,distilbert,R_SE,0,0,0,0,SE,ISOT,WELFake_residual,cross,2988,1588,0.8116279069767441,0.7959697732997482,0.8655576621214365,0.8762055149134884
7,distilbert,R_SE,0,0,0,0,SE,McIntire,ISOT,cross,2988,1588,0.6365591397849463,0.6807304785894207,0.7730296486335736,0.7011933011439702
7,distilbert,R_SE,0,0,0,0,SE,McIntire,McIntire,in,2988,812,0.9512820512820512,0.9532019704433498,0.9924091060355836,0.9904602150015773
7,distilbert,R_SE,0,0,0,0,SE,McIntire,WELFake_residual,cross,2988,1588,0.8732732732732733,0.8671284634760705,0.9351151517560095,0.9350671598703119
7,distilbert,R_SE,0,0,0,0,SE,WELFake_residual,ISOT,cross,2992,1588,0.7968503937007874,0.7562972292191436,0.9142176549236735,0.9197650514881763
7,distilbert,R_SE,0,0,0,0,SE,WELFake_residual,McIntire,cross,2992,1590,0.7245564892623716,0.6289308176100629,0.9408602240939229,0.9254238360824334
7,distilbert,R_SE,0,0,0,0,SE,WELFake_residual,WELFake_residual,in,2992,988,0.9858299595141701,0.9858299595141701,0.9985913901566364,0.9987829664475733
